SYMBOL,SERIES,DATE1,PREV_CLOSE,OPEN_PRICE,HIGH_PRICE,LOW_PRICE,LAST_PRICE,CLOSE_PRICE,AVG_PRICE,TTL_TRD_QNTY,TURNOVER_LACS,NO_OF_TRADES,DELIV_QTY,DELIV_PER
20MICRONS, EQ, 08-Aug-2022,108.1,109.45,115.45,108.7,110.85,111.15,112.1,1687369,1891.62,21649,571768,33.89
21STCENMGM, EQ, 08-Aug-2022,24.3,24.3,24.75,24.3,24.75,24.75,24.5,1344,0.33,14,1344,100
3IINFOLTD, EQ, 08-Aug-2022,40.85,41.0,42.2,40.75,41.25,41.2,41.55,428679,178.11,3417,269335,62.83
3MINDIA, EQ, 08-Aug-2022,23702.25,23702.25,24100.0,23135.0,23835.0,23726.05,23862.06,2383,568.63,1299,943,39.57
3PLAND, EQ, 08-Aug-2022,15.1,14.8,15.85,14.8,15.4,14.95,15.24,4097,0.62,55,2671,65.19
5PAISA, EQ, 08-Aug-2022,281.05,273.35,279.95,273.35,279.45,279.15,277.85,11121,30.9,383,7171,64.48
63MOONS, EQ, 08-Aug-2022,188.25,184.4,195.9,184.4,186.0,187.15,189.95,80129,152.2,2420,41988,52.4
654GS2032, GS, 08-Aug-2022,95.17,95.45,95.45,95.0,95.15,95.02,95.11,2555,2.43,12,2555,100
667GS2050, GS, 08-Aug-2022,93.0,93.29,93.29,90.12,92.99,92.99,92.53,469,0.43,11,370,78.89
669GS2024, GS, 08-Aug-2022,101.0,101.0,101.0,101.0,101.0,101.0,101.0,100,0.1,1,100,100
676GS2061, GS, 08-Aug-2022,95.9,95.4,95.4,95.4,95.4,95.4,95.4,2340,2.23,2,2340,100
695GS2061, GS, 08-Aug-2022,93.17,97.0,97.0,96.0,97.0,97.0,96.67,3,0.0,3,1,33.33
699GS2051, GS, 08-Aug-2022,94.99,98.0,98.0,94.97,94.97,94.97,96.04,72,0.07,6,71,98.61
710GS2029, GS, 08-Aug-2022,101.4,101.81,101.81,101.81,101.81,101.81,101.81,18000,18.33,1,18000,100
754GS2036, GS, 08-Aug-2022,101.05,102.0,102.0,102.0,102.0,102.0,102.0,268,0.27,1,268,100
75GS2034, GS, 08-Aug-2022,102.01,101.25,101.25,101.25,101.25,101.25,101.25,939,0.95,4,939,100
824GS2027, GS, 08-Aug-2022,109.0,108.85,108.85,108.84,108.84,108.84,108.85,5866,6.39,4,5866,100
A2ZINFRA, EQ, 08-Aug-2022,13.9,14.2,14.2,13.25,13.4,13.6,13.73,440943,60.53,869,284102,64.43
AAATECH, SM, 08-Aug-2022,108.0,108.0,108.0,106.0,107.95,107.95,106.59,45000,47.97,14,39000,86.67
AAKASH, EQ, 08-Aug-2022,13.45,13.95,13.95,13.05,13.15,13.2,13.43,218914,29.39,507,127079,58.05
AAREYDRUGS, EQ, 08-Aug-2022,35.1,35.45,35.45,33.55,34.3,34.2,34.56,42731,14.77,582,27589,64.56
AARON, EQ, 08-Aug-2022,129.75,130.0,143.2,128.9,135.7,135.4,136.78,38321,52.41,1366,11869,30.97
AARTIDRUGS, EQ, 08-Aug-2022,426.65,427.7,428.65,423.1,424.85,425.0,425.12,45708,194.31,3293,28230,61.76
AARTIIND, EQ, 08-Aug-2022,814.3,815.0,819.0,799.4,804.0,803.5,808.74,633444,5122.9,18575,314427,49.64
AARTISURF, EQ, 08-Aug-2022,770.75,790.0,790.0,769.0,772.05,772.8,774.91,7140,55.33,817,4069,56.99
AARVEEDEN, EQ, 08-Aug-2022,21.75,21.5,22.8,21.0,21.95,21.55,21.76,10774,2.34,183,4571,42.43
AARVI, EQ, 08-Aug-2022,100.4,102.9,104.9,99.05,101.4,101.4,101.36,23060,23.37,222,16683,72.35
AAVAS, EQ, 08-Aug-2022,2222.75,2233.85,2234.4,2147.45,2175.0,2165.5,2174.09,66791,1452.1,12466,37099,55.54
ABAN, EQ, 08-Aug-2022,44.7,44.55,49.0,44.05,46.1,46.0,46.43,291233,135.23,3763,137488,47.21
ABB, EQ, 08-Aug-2022,2688.2,2694.95,2797.0,2676.1,2716.0,2721.1,2740.76,382934,10495.29,28575,156807,40.95
ABBOTINDIA, EQ, 08-Aug-2022,20426.25,20400.0,20611.35,20197.3,20307.0,20300.0,20368.71,12436,2533.05,3301,6571,52.84
ABCAPITAL, EQ, 08-Aug-2022,105.15,105.15,107.45,104.5,106.65,106.8,106.19,2291109,2432.82,12450,953747,41.63
ABCOTS, SM, 08-Aug-2022,37.9,36.05,36.05,36.05,36.05,36.05,36.05,4000,1.44,1,4000,100
ABFRL, EQ, 08-Aug-2022,277.9,277.9,280.1,271.5,276.6,276.15,276.34,4008569,11077.13,37917,1616884,40.34
ABMINTLLTD, BE, 08-Aug-2022,78.0,78.0,81.9,74.1,74.1,74.95,80.07,325,0.26,14, -, -
ABSLAMC, EQ, 08-Aug-2022,431.9,432.95,439.0,432.0,436.5,437.1,436.73,81471,355.81,4003,34732,42.63
ABSLBANETF, EQ, 08-Aug-2022,38.0,39.99,39.99,37.52,38.32,38.22,38.13,2476,0.94,109,2375,95.92
ABSLNN50ET, EQ, 08-Aug-2022,42.84,42.84,43.15,42.0,42.71,42.71,42.67,8805,3.76,73,8505,96.59
ACC, EQ, 08-Aug-2022,2254.8,2260.0,2271.0,2220.3,2225.0,2224.6,2235.97,323076,7223.87,18038,136991,42.4
ACCELYA, EQ, 08-Aug-2022,1087.7,1093.15,1093.15,1055.0,1056.0,1064.2,1075.7,17269,185.76,2210,10018,58.01
ACCORD, SM, 08-Aug-2022,26.3,27.6,27.6,27.6,27.6,27.6,27.6,4000,1.1,2,4000,100
ACCURACY, EQ, 08-Aug-2022,210.95,213.95,218.5,210.0,217.25,216.9,215.19,29753,64.03,440,18150,61
ACE, EQ, 08-Aug-2022,219.95,219.95,222.3,218.05,219.1,219.95,220.28,101749,224.14,2566,50732,49.86
ACRYSIL, EQ, 08-Aug-2022,645.25,681.0,689.85,652.25,658.1,657.7,672.12,494890,3326.25,20771,201249,40.67
ADANIENT, EQ, 08-Aug-2022,2698.4,2700.0,2807.65,2695.65,2791.0,2791.9,2756.06,1581696,43592.48,53583,412787,26.1
ADANIGREEN, EQ, 08-Aug-2022,2106.2,2108.5,2183.0,2106.25,2174.0,2165.2,2148.68,1151202,24735.66,60353,349327,30.34
ADANIPORTS, EQ, 08-Aug-2022,810.25,812.9,823.0,795.35,807.0,801.65,809.19,7519923,60850.81,121460,1680896,22.35
ADANIPOWER, EQ, 08-Aug-2022,332.05,328.4,334.65,322.05,328.4,328.6,328.88,9539478,31373.75,115739,3971075,41.63
ADANITRANS, EQ, 08-Aug-2022,3313.55,3314.0,3474.0,3261.0,3442.0,3447.35,3389.89,458387,15538.82,40315,95113,20.75
ADFFOODS, EQ, 08-Aug-2022,719.1,720.0,726.95,708.0,710.0,712.0,718.25,12020,86.33,1080,6077,50.56
ADL, BE, 08-Aug-2022,58.05,59.1,59.15,56.4,59.15,59.15,58.78,217,0.13,13, -, -
ADORWELD, EQ, 08-Aug-2022,769.55,789.9,789.9,764.45,775.0,776.8,776.73,8554,66.44,1220,4907,57.36
ADROITINFO, BE, 08-Aug-2022,16.55,17.2,17.2,15.8,16.05,16.1,16.46,19301,3.18,122, -, -
ADSL, EQ, 08-Aug-2022,121.9,124.0,124.0,120.55,122.6,121.8,122.34,127298,155.73,2640,77786,61.11
ADVANIHOTR, EQ, 08-Aug-2022,79.65,80.0,81.6,78.0,78.6,79.1,79.93,52798,42.2,1044,26552,50.29
ADVENZYMES, EQ, 08-Aug-2022,292.7,286.2,287.9,277.65,279.15,278.8,280.33,133493,374.22,6376,63660,47.69
AEGISCHEM, EQ, 08-Aug-2022,265.05,263.0,290.25,262.0,287.1,288.05,284.08,4356214,12375.32,56118,1438982,33.03
AETHER, EQ, 08-Aug-2022,824.6,833.0,837.0,817.75,819.6,821.65,827.67,56303,466.01,5109,23263,41.32
AFFLE, EQ, 08-Aug-2022,1099.25,1114.95,1125.3,1075.6,1100.0,1106.35,1099.36,487382,5358.08,27394,209548,42.99
AGARIND, EQ, 08-Aug-2022,623.1,630.15,648.0,611.6,626.1,622.15,626.66,227944,1428.44,9320,163594,71.77
AGI, EQ, 08-Aug-2022,273.15,274.1,279.2,270.1,272.6,272.45,274.54,86918,238.62,2832,41590,47.85
AGNI, ST, 08-Aug-2022,27.1,25.75,25.75,25.75,25.75,25.75,25.75,40000,10.3,3,40000,100
AGRITECH, BE, 08-Aug-2022,87.65,91.5,91.5,86.05,90.0,91.4,90.23,8791,7.93,116, -, -
AGROPHOS, EQ, 08-Aug-2022,33.6,34.0,34.95,30.25,32.6,32.3,32.06,234263,75.1,1457,83267,35.54
AGSTRA, EQ, 08-Aug-2022,84.85,88.0,98.4,88.0,90.5,90.8,92.77,2580214,2393.58,30094,749400,29.04
AHLADA, EQ, 08-Aug-2022,87.0,88.6,90.85,87.15,90.85,90.4,89.96,12981,11.68,215,7982,61.49
AHLEAST, EQ, 08-Aug-2022,240.3,242.5,245.0,235.55,244.0,240.05,241.76,3232,7.81,152,2045,63.27
AHLUCONT, EQ, 08-Aug-2022,457.2,462.0,469.95,447.45,452.65,452.1,457.28,24853,113.65,1069,10850,43.66
AIAENG, EQ, 08-Aug-2022,2378.9,2378.05,2417.9,2363.3,2397.25,2395.25,2397.41,27810,666.72,6286,14316,51.48
AIRAN, EQ, 08-Aug-2022,19.9,20.05,20.4,19.8,20.25,20.25,20.23,217647,44.04,1272,151458,69.59
AIROLAM, EQ, 08-Aug-2022,66.05,65.85,67.8,64.5,65.35,65.8,66.16,16925,11.2,436,8818,52.1
AIRTELPP, E1, 08-Aug-2022,313.25,315.0,318.95,310.0,317.85,317.4,315.63,369659,1166.77,2893,316091,85.51
AISL, SM, 08-Aug-2022,44.6,46.8,46.8,46.8,46.8,46.8,46.8,1200,0.56,1,1200,100
AJANTPHARM, EQ, 08-Aug-2022,1279.8,1294.0,1295.0,1270.0,1274.45,1275.0,1277.91,61755,789.17,5236,31896,51.65
AJMERA, EQ, 08-Aug-2022,269.75,272.0,276.0,267.05,270.0,269.5,270.99,66016,178.9,3062,37534,56.86
AJOONI, EQ, 08-Aug-2022,42.35,43.45,43.45,42.55,42.9,43.1,43.19,41619,17.98,374,21907,52.64
AJRINFRA, EQ, 08-Aug-2022,1.6,1.6,1.65,1.55,1.6,1.55,1.59,1174644,18.7,712,872562,74.28
AKASH, BE, 08-Aug-2022,45.8,43.55,48.05,43.55,48.0,48.05,45.79,175691,80.46,842, -, -
AKG, EQ, 08-Aug-2022,37.3,37.3,38.7,37.3,37.7,37.8,37.9,7383,2.8,128,3078,41.69
AKSHAR, EQ, 08-Aug-2022,108.75,113.95,116.6,108.3,109.5,108.8,110.07,16885,18.59,639,10172,60.24
AKSHARCHEM, EQ, 08-Aug-2022,281.3,280.05,284.5,277.3,280.1,280.95,281.34,6229,17.52,380,3698,59.37
AKSHOPTFBR, EQ, 08-Aug-2022,9.7,9.75,9.95,9.55,9.6,9.65,9.75,342125,33.35,597,208508,60.94
AKZOINDIA, EQ, 08-Aug-2022,1906.8,1925.0,1939.0,1910.0,1917.95,1926.5,1923.86,4730,91.0,1436,2754,58.22
ALANKIT, EQ, 08-Aug-2022,11.85,11.9,11.95,11.65,11.8,11.7,11.75,134099,15.76,571,94159,70.22
ALBERTDAVD, EQ, 08-Aug-2022,559.3,552.35,564.8,552.25,560.0,560.3,561.54,3041,17.08,206,2136,70.24
ALEMBICLTD, EQ, 08-Aug-2022,70.05,69.35,70.6,69.35,70.25,70.1,70.15,70103,49.17,1013,40732,58.1
ALICON, EQ, 08-Aug-2022,738.75,746.15,751.25,723.95,726.0,725.95,735.43,13037,95.88,1110,8923,68.44
ALKALI, EQ, 08-Aug-2022,86.9,89.0,92.6,88.4,89.5,89.5,90.62,81099,73.49,1416,46437,57.26
ALKEM, EQ, 08-Aug-2022,3112.8,3035.0,3049.95,2936.15,2995.0,2984.45,2982.97,643468,19194.45,58618,303303,47.14
ALKYLAMINE, EQ, 08-Aug-2022,3118.6,3120.0,3158.6,3060.0,3080.0,3069.4,3095.89,53251,1648.59,9472,22875,42.96
ALLCARGO, EQ, 08-Aug-2022,300.1,301.0,305.55,298.3,299.8,299.45,301.67,299349,903.05,7343,164039,54.8
ALLSEC, EQ, 08-Aug-2022,486.0,481.0,502.3,481.0,497.8,496.7,494.72,19335,95.65,990,13605,70.36
ALMONDZ, EQ, 08-Aug-2022,79.05,80.55,81.55,76.25,78.5,78.55,78.93,5446,4.3,144,2360,43.33
ALOKINDS, BE, 08-Aug-2022,19.5,19.5,19.5,19.15,19.35,19.4,19.31,1626897,314.18,4201, -, -
ALPA, EQ, 08-Aug-2022,65.6,67.7,67.7,64.35,64.8,65.15,65.38,55778,36.47,1066,32935,59.05
ALPHAGEO, EQ, 08-Aug-2022,285.5,287.95,289.0,281.85,282.55,283.0,284.65,4957,14.11,304,3328,67.14
ALPSINDUS, BE, 08-Aug-2022,2.6,2.7,2.7,2.5,2.5,2.5,2.57,106781,2.74,244, -, -
AMARAJABAT, EQ, 08-Aug-2022,504.6,509.0,521.4,508.05,510.15,510.45,514.5,1946238,10013.45,36962,462993,23.79
AMBER, EQ, 08-Aug-2022,2268.0,2270.0,2292.7,2251.1,2273.0,2272.0,2272.46,70546,1603.13,11005,26438,37.48
AMBICAAGAR, EQ, 08-Aug-2022,25.4,26.0,26.0,24.8,25.2,25.1,25.13,40099,10.08,328,24516,61.14
AMBIKCO, EQ, 08-Aug-2022,1782.15,1795.0,1806.65,1732.05,1748.7,1743.3,1758.63,15959,280.66,2726,8359,52.38
AMBUJACEM, EQ, 08-Aug-2022,382.65,382.85,382.95,378.85,380.4,380.2,380.82,3347503,12747.89,43431,2368439,70.75
AMDIND, EQ, 08-Aug-2022,55.65,54.5,56.7,54.5,56.0,56.2,55.9,112250,62.75,2039,59586,53.08
AMIORG, EQ, 08-Aug-2022,1049.8,1058.0,1074.6,1040.0,1043.0,1045.45,1063.11,257988,2742.7,16956,90107,34.93
AMJLAND, EQ, 08-Aug-2022,25.95,26.25,26.55,25.65,26.1,26.2,26.15,64093,16.76,276,33655,52.51
AMRUTANJAN, EQ, 08-Aug-2022,813.8,815.0,834.9,810.1,828.0,828.5,827.69,34527,285.78,3863,9723,28.16
ANANDRATHI, EQ, 08-Aug-2022,665.7,669.95,692.95,664.75,673.0,672.35,676.62,105601,714.52,5086,33164,31.41
ANANTRAJ, EQ, 08-Aug-2022,72.9,72.75,73.35,70.05,70.65,70.3,71.3,1171965,835.57,7640,591278,50.45
ANDHRACEMT, BE, 08-Aug-2022,7.2,6.85,6.85,6.85,6.85,6.85,6.85,69347,4.75,314, -, -
ANDHRAPAP, EQ, 08-Aug-2022,388.05,398.0,415.0,387.0,415.0,406.4,397.04,306904,1218.54,8103,158554,51.66
ANDHRSUGAR, EQ, 08-Aug-2022,136.25,137.2,142.35,136.45,139.0,138.2,139.79,431981,603.85,6547,175306,40.58
ANDREWYU, EQ, 08-Aug-2022,21.6,21.6,22.15,20.75,21.05,20.85,21.24,288531,61.27,951,196413,68.07
ANGELONE, EQ, 08-Aug-2022,1270.6,1284.4,1299.0,1273.0,1289.0,1287.75,1288.29,360949,4650.07,14547,120932,33.5
ANIKINDS, EQ, 08-Aug-2022,29.8,29.8,35.75,29.8,35.75,35.75,34.94,317457,110.93,1186,151012,47.57
ANKITMETAL, BE, 08-Aug-2022,6.6,6.7,6.8,6.4,6.6,6.55,6.57,122701,8.06,421, -, -
ANMOL, EQ, 08-Aug-2022,181.7,184.7,184.7,172.5,175.0,175.7,176.98,10661,18.87,472,5346,50.15
ANSALAPI, EQ, 08-Aug-2022,16.05,16.7,16.7,15.55,15.55,15.65,15.96,95124,15.18,255,61937,65.11
ANSALHSG, EQ, 08-Aug-2022,6.45,6.55,6.55,6.35,6.35,6.4,6.41,194049,12.43,337,147156,75.83
ANTGRAPHIC, BE, 08-Aug-2022,1.0,1.0,1.0,0.95,1.0,1.0,0.98,297106,2.9,369, -, -
ANUP, EQ, 08-Aug-2022,850.6,859.05,864.9,847.1,860.0,854.8,854.79,10053,85.93,2003,6473,64.39
ANURAS, EQ, 08-Aug-2022,767.3,767.3,799.0,754.05,776.0,789.1,778.84,110670,861.95,5648,41969,37.92
APARINDS, EQ, 08-Aug-2022,1201.95,1210.0,1270.0,1205.0,1250.0,1256.15,1238.91,241579,2992.96,12854,83679,34.64
APCL, EQ, 08-Aug-2022,227.5,227.95,230.95,225.5,228.0,227.5,227.6,27803,63.28,3306,7957,28.62
APCOTEXIND, EQ, 08-Aug-2022,531.45,531.65,544.9,525.0,543.0,540.45,535.9,101045,541.5,6031,43424,42.97
APEX, EQ, 08-Aug-2022,321.4,345.0,365.0,343.35,348.25,349.05,355.7,901846,3207.83,26585,219199,24.31
APLAPOLLO, EQ, 08-Aug-2022,1029.6,1029.6,1060.45,1005.4,1028.8,1022.55,1030.0,269671,2777.62,16394,84289,31.26
APLLTD, EQ, 08-Aug-2022,672.65,679.0,679.0,662.45,663.0,663.75,667.55,125737,839.36,7178,60328,47.98
APOLLO, EQ, 08-Aug-2022,137.05,136.0,144.15,136.0,141.0,141.3,141.17,120397,169.96,3031,53840,44.72
APOLLOHOSP, EQ, 08-Aug-2022,4374.1,4388.95,4474.55,4380.05,4433.0,4427.35,4430.58,445755,19749.52,36210,216934,48.67
APOLLOPIPE, EQ, 08-Aug-2022,491.7,494.45,494.8,482.0,487.5,485.9,486.45,35710,173.71,2048,23189,64.94
APOLLOTYRE, EQ, 08-Aug-2022,230.0,230.0,232.6,228.1,229.0,228.9,229.88,1178984,2710.22,10915,348363,29.55
APOLSINHOT, EQ, 08-Aug-2022,703.75,692.0,844.5,690.35,799.9,798.75,800.53,24152,193.34,1894,7921,32.8
APTECHT, EQ, 08-Aug-2022,244.05,244.0,246.9,219.55,228.0,228.8,233.22,369564,861.9,9937,156971,42.47
APTUS, EQ, 08-Aug-2022,295.65,294.65,297.95,287.15,288.0,289.1,291.52,101507,295.91,6549,56668,55.83
ARCHIDPLY, EQ, 08-Aug-2022,72.45,74.8,74.8,70.95,70.95,71.75,72.5,191844,139.09,2952,99838,52.04
ARCHIES, EQ, 08-Aug-2022,17.65,17.8,17.95,17.5,17.9,17.75,17.73,21445,3.8,130,17345,80.88
ARENTERP, EQ, 08-Aug-2022,37.05,38.0,38.0,37.1,37.8,37.7,37.66,2349,0.88,52,1396,59.43
ARIES, EQ, 08-Aug-2022,128.9,128.0,132.95,128.0,130.5,131.1,131.24,17447,22.9,625,8319,47.68
ARIHANTCAP, EQ, 08-Aug-2022,71.1,72.0,72.0,67.65,68.35,68.75,69.65,59184,41.22,965,36697,62
ARIHANTSUP, EQ, 08-Aug-2022,177.35,174.95,185.95,172.05,177.25,176.95,179.3,103840,186.18,3064,50837,48.96
ARMANFIN, EQ, 08-Aug-2022,1171.85,1160.0,1197.9,1150.9,1186.35,1186.45,1168.32,14809,173.02,2313,7960,53.75
AROGRANITE, EQ, 08-Aug-2022,44.15,44.9,46.15,43.75,45.8,45.55,45.13,59330,26.77,1319,16646,28.06
ARROWGREEN, EQ, 08-Aug-2022,78.95,77.3,82.7,77.3,81.05,79.5,80.49,22970,18.49,585,13527,58.89
ARSHIYA, EQ, 08-Aug-2022,13.5,13.8,14.15,13.25,14.1,14.1,13.99,494210,69.16,867,332546,67.29
ARSSINFRA, BE, 08-Aug-2022,22.55,22.5,22.5,21.65,22.4,22.4,22.0,33987,7.48,33, -, -
ARTEMISMED, EQ, 08-Aug-2022,51.1,52.55,54.85,51.1,53.1,52.95,53.27,212680,113.3,2605,116353,54.71
ARTNIRMAN, EQ, 08-Aug-2022,70.5,72.0,74.0,71.0,74.0,74.0,73.87,23683,17.5,100,23114,97.6
ARVEE, BE, 08-Aug-2022,89.5,85.5,85.5,85.1,85.1,85.1,85.31,325,0.28,8, -, -
ARVIND, EQ, 08-Aug-2022,96.2,96.6,97.15,94.9,95.2,95.05,95.61,575453,550.2,6056,368837,64.1
ARVINDFASN, EQ, 08-Aug-2022,289.8,294.0,295.5,285.35,293.2,293.5,290.48,122577,356.06,4110,61652,50.3
ARVSMART, EQ, 08-Aug-2022,181.8,181.8,185.0,181.55,184.85,183.1,183.37,22479,41.22,276,16939,75.35
ASAHIINDIA, EQ, 08-Aug-2022,571.5,571.85,572.0,543.05,545.0,545.65,551.44,236648,1304.97,11835,119500,50.5
ASAHISONG, EQ, 08-Aug-2022,304.1,302.95,304.95,294.2,295.3,297.35,300.39,9661,29.02,924,5283,54.68
ASAL, EQ, 08-Aug-2022,414.4,420.0,429.7,407.0,425.1,426.35,418.64,49733,208.2,3398,28973,58.26
ASALCBR, EQ, 08-Aug-2022,455.15,458.8,465.7,446.9,455.0,453.05,455.83,23742,108.22,1465,14332,60.37
ASHAPURMIN, EQ, 08-Aug-2022,110.15,110.45,114.55,110.1,112.0,111.7,111.97,213840,239.44,3720,119384,55.83
ASHIANA, EQ, 08-Aug-2022,149.5,149.45,151.15,144.4,149.5,146.05,146.88,421114,618.55,2572,386974,91.89
ASHIMASYN, EQ, 08-Aug-2022,13.9,13.6,15.1,13.6,13.95,13.9,14.26,109995,15.69,453,59255,53.87
ASHOKA, EQ, 08-Aug-2022,74.25,74.6,76.7,74.4,75.05,75.0,75.64,1619895,1225.25,11821,830074,51.24
ASHOKLEY, EQ, 08-Aug-2022,144.95,145.6,147.75,144.85,145.45,145.2,146.12,9309716,13603.73,54601,3617561,38.86
ASIANENE, EQ, 08-Aug-2022,88.15,87.0,89.55,84.4,87.7,86.9,87.02,35627,31.0,540,18011,50.55
ASIANHOTNR, EQ, 08-Aug-2022,84.35,84.7,92.85,80.4,88.25,89.0,88.07,167082,147.14,2225,56982,34.1
ASIANPAINT, EQ, 08-Aug-2022,3473.9,3465.0,3476.95,3436.55,3461.1,3458.45,3453.96,724644,25028.89,58094,403388,55.67
ASIANTILES, EQ, 08-Aug-2022,51.9,52.4,52.4,50.1,52.0,51.95,51.45,776155,399.35,3615,568510,73.25
ASPINWALL, EQ, 08-Aug-2022,211.25,210.0,232.25,204.05,229.0,227.55,224.81,22779,51.21,602,10300,45.22
ASTEC, EQ, 08-Aug-2022,1885.4,1894.9,1911.3,1866.0,1870.0,1876.8,1884.73,13139,247.63,2327,6522,49.64
ASTERDM, EQ, 08-Aug-2022,238.15,241.8,242.4,234.55,237.9,238.15,238.34,382738,912.2,7577,177022,46.25
ASTRAL, EQ, 08-Aug-2022,1994.2,1999.95,2014.5,1963.45,1977.0,1972.75,1987.52,194276,3861.28,15413,57783,29.74
ASTRAMICRO, EQ, 08-Aug-2022,272.65,274.4,295.0,273.05,283.8,283.35,287.68,2115674,6086.4,25387,873729,41.3
ASTRAZEN, EQ, 08-Aug-2022,3079.0,3060.3,3248.95,3060.3,3156.0,3155.5,3162.57,59251,1873.85,8039,17256,29.12
ASTRON, EQ, 08-Aug-2022,38.7,39.8,39.8,38.7,39.3,39.25,39.21,30371,11.91,321,17780,58.54
ATALREAL, SM, 08-Aug-2022,166.0,168.0,168.0,159.0,163.0,161.8,163.23,57600,94.02,22,24000,41.67
ATFL, EQ, 08-Aug-2022,780.1,784.05,799.95,781.95,786.0,791.45,788.69,5981,47.17,406,4362,72.93
ATGL, EQ, 08-Aug-2022,3347.4,3363.95,3474.0,3287.25,3350.0,3365.0,3387.3,514366,17423.13,31837,240347,46.73
ATLANTA, EQ, 08-Aug-2022,17.6,17.6,18.4,17.25,17.6,17.55,17.66,44677,7.89,416,31139,69.7
ATUL, EQ, 08-Aug-2022,9382.6,9400.0,9470.1,9300.5,9328.0,9333.3,9377.69,22896,2147.12,4109,11288,49.3
ATULAUTO, EQ, 08-Aug-2022,175.7,176.35,177.0,173.85,175.3,174.75,175.21,30065,52.68,1084,15335,51.01
AUBANK, EQ, 08-Aug-2022,648.0,645.0,655.0,642.65,650.0,650.05,649.45,1277644,8297.68,31107,540125,42.28
AURDIS, SM, 08-Aug-2022,126.25,132.55,132.55,127.1,132.5,132.5,131.16,16000,20.99,8,12000,75
AURIONPRO, EQ, 08-Aug-2022,333.7,336.3,336.3,317.95,323.0,324.05,324.1,45715,148.16,2482,29296,64.08
AUROPHARMA, EQ, 08-Aug-2022,568.65,570.0,576.25,563.05,568.0,567.85,568.87,852643,4850.41,23527,322909,37.87
AURUM, EQ, 08-Aug-2022,111.7,113.9,113.9,110.65,113.0,112.05,112.1,72984,81.82,1108,57088,78.22
AURUMPP, X1, 08-Aug-2022,51.1,51.9,53.65,50.0,53.65,53.2,51.93,59946,31.13,167,59186,98.73
AUSOMENT, EQ, 08-Aug-2022,75.8,76.3,76.3,72.6,73.0,73.75,74.25,3153,2.34,165,1944,61.66
AUTOAXLES, EQ, 08-Aug-2022,2035.15,2014.8,2019.0,1936.2,1942.0,1948.2,1964.63,43631,857.19,7000,17723,40.62
AUTOBEES, EQ, 08-Aug-2022,129.44,130.88,131.0,128.25,130.5,130.68,130.19,30004,39.06,594,16622,55.4
AUTOIND, EQ, 08-Aug-2022,77.75,79.75,85.5,78.4,85.5,85.5,84.52,357259,301.94,2694,214869,60.14
AVADHSUGAR, EQ, 08-Aug-2022,521.1,528.7,533.0,523.95,528.0,527.45,528.71,52575,277.97,3003,19803,37.67
AVANTIFEED, EQ, 08-Aug-2022,493.15,497.1,522.5,497.1,510.0,512.7,515.1,947775,4882.01,32100,290693,30.67
AVG, SM, 08-Aug-2022,53.1,54.9,55.75,54.9,55.75,55.75,55.22,3600,1.99,3,3600,100
AVROIND, EQ, 08-Aug-2022,125.8,134.9,134.9,117.55,123.8,121.9,128.08,48738,62.43,308,16393,33.63
AVTNPL, EQ, 08-Aug-2022,92.15,94.0,94.35,89.65,91.25,90.95,91.26,157701,143.92,1805,126439,80.18
AWHCL, EQ, 08-Aug-2022,318.6,316.0,329.8,316.0,324.2,325.05,322.62,61390,198.05,3944,39332,64.07
AWL, BE, 08-Aug-2022,674.5,669.0,680.0,652.0,665.0,665.6,666.52,1158499,7721.59,30767, -, -
AXISBANK, EQ, 08-Aug-2022,728.5,730.0,747.35,728.1,746.0,745.55,741.01,8191870,60702.92,144979,3735831,45.6
AXISBNKETF, EQ, 08-Aug-2022,381.18,380.3,386.41,380.3,384.47,384.62,382.24,833,3.18,60,690,82.83
AXISBPSETF, EQ, 08-Aug-2022,10.41,10.41,10.44,10.41,10.41,10.41,10.42,7271,0.76,601,3728,51.27
AXISCADES, EQ, 08-Aug-2022,128.8,130.0,132.25,122.95,125.2,125.05,125.78,111564,140.32,1229,65091,58.34
AXISCETF, EQ, 08-Aug-2022,77.37,76.13,77.99,76.13,77.99,77.99,77.44,1017,0.79,28,992,97.54
AXISGOLD, EQ, 08-Aug-2022,44.56,44.55,44.62,44.21,44.47,44.52,44.5,44063,19.61,1065,31331,71.11
AXISHCETF, EQ, 08-Aug-2022,81.62,83.5,83.5,81.25,81.9,81.65,81.64,3717,3.03,132,2719,73.15
AXISNIFTY, EQ, 08-Aug-2022,183.91,185.0,185.7,183.92,185.7,185.27,185.07,4786,8.86,183,4013,83.85
AXISTECETF, EQ, 08-Aug-2022,307.27,299.1,332.0,299.1,308.37,307.78,312.11,1872,5.84,91,1146,61.22
AXITA, EQ, 08-Aug-2022,288.25,290.25,294.75,288.25,292.5,291.85,291.44,41980,122.35,1318,16073,38.29
AYMSYNTEX, EQ, 08-Aug-2022,83.5,85.1,85.5,83.05,85.5,85.15,84.82,10843,9.2,222,8672,79.98
BAFNAPH, BE, 08-Aug-2022,109.0,110.65,110.65,108.2,110.0,110.0,109.73,205,0.22,16, -, -
BAGFILMS, EQ, 08-Aug-2022,5.8,5.95,5.95,5.7,5.9,5.8,5.8,163461,9.49,342,110277,67.46
BAJAJ-AUTO, EQ, 08-Aug-2022,4013.1,4013.0,4039.9,4000.0,4022.0,4022.65,4020.27,238574,9591.32,16388,140628,58.95
BAJAJCON, EQ, 08-Aug-2022,161.45,161.9,162.4,160.5,161.05,161.25,161.16,169875,273.78,4342,87273,51.37
BAJAJELEC, EQ, 08-Aug-2022,1131.05,1135.65,1185.0,1125.1,1142.0,1150.55,1160.4,137005,1589.8,11892,46273,33.77
BAJAJFINSV, EQ, 08-Aug-2022,15085.85,15065.0,15589.0,15040.75,15528.5,15530.65,15398.54,487073,75002.15,65527,130049,26.7
BAJAJHCARE, EQ, 08-Aug-2022,390.15,383.1,390.95,381.5,383.05,386.6,387.33,48354,187.29,1605,20704,42.82
BAJAJHIND, EQ, 08-Aug-2022,10.95,11.1,11.2,10.8,10.85,10.9,10.99,5408209,594.15,7689,3083990,57.02
BAJAJHLDNG, EQ, 08-Aug-2022,5257.7,5295.0,5403.7,5295.0,5320.0,5318.4,5337.2,40684,2171.39,7090,11840,29.1
BAJFINANCE, EQ, 08-Aug-2022,7304.7,7300.0,7398.0,7264.0,7346.3,7342.2,7351.87,957482,70392.82,84617,322798,33.71
BALAJITELE, EQ, 08-Aug-2022,47.3,47.25,48.85,47.25,48.05,47.95,48.07,143647,69.06,1727,70322,48.95
BALAMINES, EQ, 08-Aug-2022,3576.45,3580.9,3637.0,3510.0,3584.0,3572.9,3583.07,118556,4247.94,16270,36180,30.52
BALAXI, EQ, 08-Aug-2022,428.3,428.55,464.9,427.0,427.0,428.4,432.07,2969,12.83,182,2059,69.35
BALKRISHNA, BE, 08-Aug-2022,38.85,39.5,39.5,37.2,39.5,39.5,38.53,6860,2.64,51, -, -
BALKRISIND, EQ, 08-Aug-2022,2162.8,2168.0,2173.0,2108.55,2155.0,2150.0,2141.16,802737,17187.87,47826,337996,42.11
BALLARPUR, BZ, 08-Aug-2022,1.25,1.2,1.2,1.2,1.2,1.2,1.2,587824,7.05,185, -, -
BALMLAWRIE, EQ, 08-Aug-2022,115.95,119.5,119.75,117.75,118.05,118.3,118.73,710943,844.08,7249,268502,37.77
BALPHARMA, EQ, 08-Aug-2022,99.15,100.05,101.0,96.15,97.75,97.85,98.79,34874,34.45,617,20379,58.44
BALRAMCHIN, EQ, 08-Aug-2022,350.65,352.95,357.4,350.3,352.45,352.5,353.43,2473231,8741.02,31058,754924,30.52
BANARBEADS, EQ, 08-Aug-2022,73.55,74.4,75.15,74.0,74.5,74.65,74.62,2850,2.13,77,1840,64.56
BANARISUG, EQ, 08-Aug-2022,2489.25,2425.0,2514.95,2425.0,2500.0,2498.5,2496.23,1467,36.62,335,1152,78.53
BANCOINDIA, EQ, 08-Aug-2022,195.2,195.0,196.75,192.85,193.9,193.6,194.59,120945,235.35,8510,56347,46.59
BANDHANBNK, EQ, 08-Aug-2022,274.1,275.0,277.55,273.0,275.2,275.4,274.9,3794668,10431.56,43456,873804,23.03
BANG, EQ, 08-Aug-2022,39.75,41.25,41.25,39.15,39.65,39.85,39.76,31077,12.35,340,14102,45.38
BANKA, EQ, 08-Aug-2022,71.95,71.95,73.85,71.3,73.5,72.2,72.31,3141,2.27,112,1475,46.96
BANKBARODA, EQ, 08-Aug-2022,117.9,117.9,119.7,116.5,118.25,118.25,118.39,14890797,17629.11,56840,3446293,23.14
BANKBEES, EQ, 08-Aug-2022,382.74,383.49,387.1,381.04,386.25,386.46,385.45,597051,2301.33,7537,430627,72.13
BANKINDIA, EQ, 08-Aug-2022,48.75,48.75,49.25,48.25,48.55,48.65,48.72,1433148,698.26,5723,509625,35.56
BANSWRAS, EQ, 08-Aug-2022,234.2,241.0,243.55,236.75,238.0,239.4,240.27,16635,39.97,1098,10095,60.69
BARBEQUE, EQ, 08-Aug-2022,1141.25,1141.0,1175.0,1135.0,1167.0,1167.4,1155.33,63576,734.51,5901,18906,29.74
BARTRONICS, BZ, 08-Aug-2022,5.3,5.05,5.2,5.05,5.05,5.05,5.07,14324,0.73,38, -, -
BASF, EQ, 08-Aug-2022,2929.6,2929.0,3188.0,2905.15,3085.0,3089.1,3116.07,418122,13028.99,45503,73335,17.54
BASML, EQ, 08-Aug-2022,56.0,55.5,56.5,54.25,54.55,54.55,55.1,47885,26.39,581,31673,66.14
BATAINDIA, EQ, 08-Aug-2022,1901.5,1905.6,1918.7,1886.5,1901.0,1902.2,1901.71,233732,4444.91,9806,118462,50.68
BAYERCROP, EQ, 08-Aug-2022,5482.05,5507.0,5533.0,5342.5,5405.0,5416.15,5434.98,30430,1653.86,5658,18600,61.12
BBETF0432, EQ, 08-Aug-2022,1004.38,1004.35,1004.35,998.0,999.0,1001.75,1000.69,12873,128.82,74,12522,97.27
BBL, EQ, 08-Aug-2022,1696.35,1704.85,1730.2,1680.0,1699.0,1692.6,1698.45,5296,89.95,1494,2759,52.1
BBOX, EQ, 08-Aug-2022,134.3,133.15,135.25,133.0,134.0,133.3,134.31,19289,25.91,406,13775,71.41
BBTC, EQ, 08-Aug-2022,946.35,946.3,948.8,926.0,928.0,927.15,932.82,30296,282.61,2392,19680,64.96
BBTCL, SM, 08-Aug-2022,220.0,220.0,220.0,215.05,215.05,216.7,216.83,9000,19.51,9,9000,100
BCG, EQ, 08-Aug-2022,40.45,39.5,41.75,38.45,38.45,38.45,39.26,13797095,5416.44,24867,8399123,60.88
BCLIND, EQ, 08-Aug-2022,395.3,395.0,396.0,377.75,382.0,385.75,387.55,139071,538.97,1860,70145,50.44
BCONCEPTS, EQ, 08-Aug-2022,141.9,139.1,144.0,135.6,136.55,136.7,137.78,4653,6.41,151,2926,62.88
BCP, EQ, 08-Aug-2022,4.5,4.4,4.65,4.35,4.35,4.4,4.47,139504,6.24,339,90232,64.68
BDL, EQ, 08-Aug-2022,825.3,820.2,877.9,820.2,861.7,863.75,858.81,3091001,26545.78,82608,651820,21.09
BEARDSELL, EQ, 08-Aug-2022,22.55,22.85,22.85,20.65,21.2,21.0,21.34,109294,23.32,782,75467,69.05
BECTORFOOD, EQ, 08-Aug-2022,337.15,343.0,354.6,335.2,345.95,344.1,346.67,450981,1563.41,12587,242869,53.85
BEDMUTHA, EQ, 08-Aug-2022,69.75,68.2,76.7,68.2,76.0,74.85,70.74,211129,149.34,489,196814,93.22
BEL, EQ, 08-Aug-2022,276.15,275.45,283.6,274.8,281.8,281.85,279.89,7258101,20314.48,64665,2816067,38.8
BEML, EQ, 08-Aug-2022,1421.9,1421.0,1473.9,1415.0,1463.85,1465.65,1453.11,336910,4895.68,19280,114728,34.05
BEPL, EQ, 08-Aug-2022,112.2,112.75,112.95,110.05,110.9,110.65,111.3,92467,102.91,1992,48306,52.24
BERGEPAINT, EQ, 08-Aug-2022,673.75,673.5,679.7,665.25,673.45,674.65,673.92,957535,6453.03,29795,225667,23.57
BESTAGRO, EQ, 08-Aug-2022,968.75,994.0,994.0,963.95,968.0,969.2,973.45,76415,743.86,4204,27258,35.67
BETA, SM, 08-Aug-2022,793.0,795.0,835.0,781.0,800.05,810.55,806.61,3600,29.04,18,1600,44.44
BEWLTD, SM, 08-Aug-2022,965.0,1007.0,1007.0,999.95,1000.0,1000.0,1000.86,2000,20.02,8,1000,50
BFINVEST, EQ, 08-Aug-2022,268.85,268.4,270.25,266.0,270.0,270.1,269.12,8365,22.51,439,6105,72.98
BFUTILITIE, EQ, 08-Aug-2022,331.25,328.0,332.8,324.85,327.05,327.2,328.36,95334,313.04,4712,37100,38.92
BGLOBAL, BE, 08-Aug-2022,2.8,2.8,2.9,2.7,2.9,2.9,2.83,18727,0.53,69, -, -
BGRENERGY, EQ, 08-Aug-2022,75.45,75.1,76.95,75.1,75.5,75.8,75.96,76925,58.44,1645,26484,34.43
BHAGCHEM, EQ, 08-Aug-2022,1243.4,1255.0,1282.95,1216.4,1229.95,1249.85,1253.21,20985,262.99,1506,14828,70.66
BHAGERIA, EQ, 08-Aug-2022,166.65,167.5,169.75,165.7,167.0,167.55,167.94,11542,19.38,538,6319,54.75
BHAGYANGR, EQ, 08-Aug-2022,43.4,43.45,43.7,42.6,43.0,42.85,43.04,30439,13.1,460,13850,45.5
BHAGYAPROP, EQ, 08-Aug-2022,41.95,42.2,42.2,41.0,41.0,41.1,41.44,21791,9.03,211,8905,40.87
BHANDARI, EQ, 08-Aug-2022,6.05,6.0,6.2,5.75,6.05,6.05,6.0,222430,13.35,475,167908,75.49
BHARATFORG, EQ, 08-Aug-2022,706.4,709.0,713.65,703.5,713.0,712.45,710.11,919501,6529.43,23467,336042,36.55
BHARATGEAR, EQ, 08-Aug-2022,137.6,139.9,139.9,135.65,137.15,138.0,137.17,16726,22.94,370,11550,69.05
BHARATRAS, EQ, 08-Aug-2022,12145.35,12399.0,12399.0,12032.4,12149.0,12090.9,12152.92,1199,145.71,724,617,51.46
BHARATWIRE, EQ, 08-Aug-2022,75.1,75.5,90.1,75.1,90.0,89.75,86.67,1954773,1694.28,12569,1054323,53.94
BHARTIARTL, EQ, 08-Aug-2022,703.65,707.95,709.85,699.0,704.95,704.35,704.45,5918607,41693.63,109974,3454229,58.36
BHEL, EQ, 08-Aug-2022,51.65,51.7,52.55,51.6,51.85,51.85,52.04,17681708,9202.23,27641,4122010,23.31
BIGBLOC, EQ, 08-Aug-2022,117.2,120.45,120.45,112.0,113.55,112.5,113.68,77217,87.78,996,47521,61.54
BIL, BE, 08-Aug-2022,203.3,203.3,203.3,196.1,197.1,197.6,199.71,1024,2.05,37, -, -
BINDALAGRO, EQ, 08-Aug-2022,25.6,25.65,26.5,25.65,26.4,26.25,26.04,238404,62.08,903,177914,74.63
BIOCON, EQ, 08-Aug-2022,313.3,312.75,315.5,311.0,313.9,313.7,314.22,1005221,3158.6,13019,504266,50.16
BIOFILCHEM, EQ, 08-Aug-2022,53.5,49.4,52.85,49.4,52.3,52.25,51.32,36862,18.92,369,17869,48.48
BIRET, RR, 08-Aug-2022,329.4,332.0,336.96,330.0,336.3,335.71,334.87,26161,87.61,1176,18664,71.34
BIRLACABLE, EQ, 08-Aug-2022,127.75,126.45,131.3,126.45,131.3,129.85,128.44,107941,138.64,2789,53131,49.22
BIRLACORPN, EQ, 08-Aug-2022,991.5,980.15,984.9,960.0,974.0,968.2,973.5,121315,1181.0,8983,43562,35.91
BIRLAMONEY, EQ, 08-Aug-2022,57.05,57.8,58.5,56.7,58.0,58.1,57.9,85372,49.43,737,58628,68.67
BIRLATYRE, BE, 08-Aug-2022,5.0,4.8,5.25,4.75,4.75,4.75,4.93,1328425,65.54,2744, -, -
BKMINDST, BZ, 08-Aug-2022,1.55,1.55,1.6,1.5,1.6,1.6,1.58,280502,4.43,147, -, -
BLBLIMITED, EQ, 08-Aug-2022,17.3,17.45,19.0,16.5,19.0,19.0,18.19,48466,8.81,206,42908,88.53
BLISSGVS, EQ, 08-Aug-2022,78.8,78.55,79.15,77.8,77.8,78.1,78.36,63630,49.86,1061,39899,62.7
BLKASHYAP, EQ, 08-Aug-2022,26.3,26.95,27.5,26.1,26.7,26.95,26.95,539787,145.47,1337,400887,74.27
BLS, EQ, 08-Aug-2022,246.05,236.5,245.0,229.5,235.15,235.3,236.98,2636199,6247.35,116481,924153,35.06
BLUECHIP, BE, 08-Aug-2022,0.35,0.35,0.4,0.3,0.4,0.4,0.36,22348,0.08,10, -, -
BLUEDART, EQ, 08-Aug-2022,8859.75,8889.0,8999.0,8866.0,8874.0,8900.05,8930.53,13247,1183.03,4304,6861,51.79
BLUESTARCO, EQ, 08-Aug-2022,990.95,990.95,1013.95,978.05,1005.05,1009.7,1004.46,525285,5276.3,12723,394702,75.14
BODALCHEM, EQ, 08-Aug-2022,94.35,94.75,98.0,94.4,96.5,96.35,96.46,236588,228.22,3976,116881,49.4
BOMDYEING, EQ, 08-Aug-2022,101.4,101.4,102.15,100.1,100.2,100.6,100.93,1028634,1038.25,5734,427221,41.53
BOROLTD, EQ, 08-Aug-2022,362.6,364.4,367.0,356.55,357.6,360.3,361.57,147872,534.66,8139,62835,42.49
BORORENEW, EQ, 08-Aug-2022,637.95,639.7,647.0,637.1,640.0,640.2,641.75,316531,2031.33,12336,124591,39.36
BOSCHLTD, EQ, 08-Aug-2022,17399.85,17300.0,17600.0,17200.0,17308.0,17314.5,17414.66,53429,9304.48,13450,24669,46.17
BPCL, EQ, 08-Aug-2022,336.4,329.5,330.0,320.2,326.3,325.65,323.82,9472906,30674.76,102894,3432268,36.23
BPL, EQ, 08-Aug-2022,67.8,67.8,74.55,67.8,74.55,74.55,73.47,383734,281.93,2068,185025,48.22
BRFL, BZ, 08-Aug-2022,3.95,3.8,3.8,3.8,3.8,3.8,3.8,45240,1.72,145, -, -
BRIGADE, EQ, 08-Aug-2022,514.75,515.0,521.0,508.3,519.2,519.15,518.8,201141,1043.52,10355,96310,47.88
BRIGHT, SM, 08-Aug-2022,4.65,4.65,4.75,4.3,4.55,4.55,4.52,57000,2.58,19,42000,73.68
BRITANNIA, EQ, 08-Aug-2022,3688.1,3688.1,3701.9,3612.8,3633.05,3631.4,3645.04,310094,11303.04,31139,106738,34.42
BRITANNIA, N2, 08-Aug-2022,32.17,32.06,32.2,32.06,32.19,32.18,32.14,2565,0.82,33,2225,86.74
BRITANNIA, N3, 08-Aug-2022,28.34,28.2,28.9,28.2,28.38,28.34,28.35,6786,1.92,116,6658,98.11
BRNL, EQ, 08-Aug-2022,33.6,33.6,33.75,32.95,33.3,33.4,33.3,29416,9.8,359,19255,65.46
BROOKS, BE, 08-Aug-2022,82.15,82.15,85.5,82.15,83.0,84.45,83.86,5597,4.69,61, -, -
BSE, EQ, 08-Aug-2022,666.45,666.45,668.5,644.0,646.35,645.95,651.32,1307982,8519.09,45907,681062,52.07
BSHSL, EQ, 08-Aug-2022,424.2,438.45,438.45,418.0,422.5,424.25,424.33,9658,40.98,137,9225,95.52
BSL, EQ, 08-Aug-2022,118.0,121.0,127.4,118.4,122.35,123.1,123.7,40696,50.34,1031,22796,56.02
BSLGOLDETF, EQ, 08-Aug-2022,47.16,47.34,47.34,46.62,46.72,46.76,46.89,15982,7.49,208,8487,53.1
BSLNIFTY, EQ, 08-Aug-2022,19.53,19.53,19.75,19.0,19.68,19.62,19.42,176360,34.25,789,100986,57.26
BSLSENETFG, EQ, 08-Aug-2022,56.1,56.1,56.95,56.1,56.82,56.78,56.54,1046,0.59,98,548,52.39
BSOFT, EQ, 08-Aug-2022,345.95,348.0,349.0,338.4,343.55,343.6,343.09,2013739,6908.99,29469,497195,24.69
BTML, SM, 08-Aug-2022,176.0,180.0,180.0,170.0,170.0,170.0,173.94,7200,12.52,6,7200,100
BURNPUR, EQ, 08-Aug-2022,6.05,6.05,6.15,5.5,5.5,5.55,5.71,723568,41.31,1135,365837,50.56
BUTTERFLY, EQ, 08-Aug-2022,1471.6,1489.8,1499.95,1466.55,1496.0,1495.8,1492.3,5128,76.53,659,2823,55.05
BVCL, BE, 08-Aug-2022,23.9,24.75,25.05,23.6,25.05,24.75,24.86,22959,5.71,109, -, -
BYKE, EQ, 08-Aug-2022,39.9,40.0,41.7,40.0,40.6,40.85,41.17,69737,28.71,522,41250,59.15
CALSOFT, EQ, 08-Aug-2022,21.7,22.0,22.75,21.55,22.6,22.35,22.14,59878,13.26,365,38561,64.4
CAMLINFINE, EQ, 08-Aug-2022,115.5,117.0,118.0,115.65,116.65,117.15,117.15,223337,261.64,5227,113879,50.99
CAMPUS, EQ, 08-Aug-2022,413.8,411.25,421.95,404.3,416.25,415.4,412.07,865410,3566.1,30144,350438,40.49
CAMS, EQ, 08-Aug-2022,2368.05,2384.35,2384.35,2310.0,2329.0,2328.85,2332.62,128941,3007.7,15664,74657,57.9
CANBK, EQ, 08-Aug-2022,221.25,221.25,227.25,219.2,225.1,225.05,223.72,8500346,19017.03,41217,2299549,27.05
CANDC, BZ, 08-Aug-2022,2.75,2.8,2.85,2.75,2.85,2.85,2.82,13385,0.38,17, -, -
CANFINHOME, EQ, 08-Aug-2022,588.75,590.0,601.0,590.0,596.05,595.6,596.04,376832,2246.06,12608,77347,20.53
CANTABIL, EQ, 08-Aug-2022,1150.7,1180.0,1180.0,1160.75,1175.0,1170.85,1172.65,9721,113.99,689,3193,32.85
CAPACITE, EQ, 08-Aug-2022,112.6,113.25,117.0,112.7,115.25,115.05,115.23,230869,266.04,5891,128741,55.76
CAPLIPOINT, EQ, 08-Aug-2022,820.15,824.3,824.3,810.0,813.0,813.4,814.77,56095,457.05,4087,25613,45.66
CAPTRUST, EQ, 08-Aug-2022,102.15,106.8,106.8,100.35,101.05,101.75,101.75,4705,4.79,161,2245,47.72
CARBORUNIV, EQ, 08-Aug-2022,844.6,843.0,853.15,825.0,840.4,840.05,834.52,180311,1504.73,16962,100160,55.55
CAREERP, EQ, 08-Aug-2022,120.95,118.05,120.0,116.05,116.05,116.45,117.57,21398,25.16,728,13511,63.14
CARERATING, EQ, 08-Aug-2022,461.95,460.05,470.0,460.05,468.0,466.4,464.81,45570,211.81,2570,32195,70.65
CARTRADE, EQ, 08-Aug-2022,649.55,649.55,649.6,626.4,631.5,631.1,637.1,69788,444.62,7241,32140,46.05
CASTROLIND, EQ, 08-Aug-2022,116.55,114.35,115.2,113.5,114.3,114.1,114.34,763641,873.14,9491,398192,52.14
CCCL, BE, 08-Aug-2022,1.85,1.85,1.85,1.8,1.8,1.8,1.81,186534,3.37,370, -, -
CCHHL, EQ, 08-Aug-2022,7.0,6.9,7.0,6.85,6.95,7.0,6.94,22026,1.53,113,15027,68.22
CCL, EQ, 08-Aug-2022,442.75,442.0,443.0,430.4,442.6,440.75,436.03,249855,1089.43,10707,101680,40.7
CDSL, EQ, 08-Aug-2022,1153.15,1153.0,1174.9,1137.75,1166.0,1168.95,1163.36,470873,5477.97,25046,175435,37.26
CEATLTD, EQ, 08-Aug-2022,1326.45,1324.95,1341.0,1319.0,1330.5,1330.6,1330.53,57694,767.64,4826,27516,47.69
CELEBRITY, EQ, 08-Aug-2022,15.95,15.0,16.15,14.7,14.9,15.1,15.44,275789,42.57,1511,121912,44.2
CENTENKA, EQ, 08-Aug-2022,449.65,468.8,468.8,450.0,453.8,451.3,458.55,103495,474.57,5982,47971,46.35
CENTEXT, EQ, 08-Aug-2022,10.2,10.35,10.35,10.1,10.1,10.15,10.19,59858,6.1,256,41446,69.24
CENTRALBK, EQ, 08-Aug-2022,18.3,18.35,18.45,18.05,18.05,18.1,18.22,1044975,190.37,7324,551587,52.78
CENTRUM, EQ, 08-Aug-2022,25.0,25.0,25.7,24.6,25.0,25.15,25.13,123199,30.97,670,73533,59.69
CENTUM, EQ, 08-Aug-2022,419.2,425.45,431.75,423.05,430.9,429.55,428.45,3526,15.11,273,2265,64.24
CENTURYPLY, EQ, 08-Aug-2022,634.3,634.0,634.0,608.6,611.5,611.35,619.62,127661,791.01,7076,68425,53.6
CENTURYTEX, EQ, 08-Aug-2022,844.35,835.6,854.5,835.6,850.0,851.15,847.55,106032,898.67,4472,44100,41.59
CERA, EQ, 08-Aug-2022,4724.7,4724.7,4732.0,4661.55,4720.0,4719.5,4691.21,24476,1148.22,2644,19340,79.02
CEREBRAINT, EQ, 08-Aug-2022,53.85,54.45,55.6,53.35,53.6,53.8,54.34,245114,133.19,3704,92877,37.89
CESC, EQ, 08-Aug-2022,79.65,79.65,80.95,79.6,80.3,80.4,80.23,832856,668.24,6861,443512,53.25
CGCL, EQ, 08-Aug-2022,694.1,694.1,706.0,694.1,702.0,702.0,700.24,20264,141.9,2517,14410,71.11
CGPOWER, EQ, 08-Aug-2022,231.95,228.35,234.55,227.0,228.9,229.15,230.65,1241634,2863.84,14406,641019,51.63
CHALET, EQ, 08-Aug-2022,325.4,326.95,331.5,317.25,319.15,319.65,322.86,171255,552.91,6263,77213,45.09
CHAMBLFERT, EQ, 08-Aug-2022,321.7,323.5,334.3,322.05,329.3,330.0,330.46,3504998,11582.76,43726,691112,19.72
CHEMBOND, EQ, 08-Aug-2022,158.75,160.0,161.05,156.5,158.5,157.95,157.82,7545,11.91,308,5049,66.92
CHEMCON, EQ, 08-Aug-2022,333.4,336.0,338.5,328.95,332.0,331.3,331.4,128856,427.03,3959,79203,61.47
CHEMFAB, EQ, 08-Aug-2022,226.5,229.0,231.7,222.1,227.5,225.85,227.49,48757,110.92,885,34782,71.34
CHEMPLASTS, EQ, 08-Aug-2022,486.8,455.0,482.85,438.25,469.45,470.65,464.44,913371,4242.07,30175,347475,38.04
CHENNPETRO, EQ, 08-Aug-2022,269.35,268.9,269.25,263.0,263.9,264.1,265.72,846791,2250.07,10876,409655,48.38
CHEVIOT, EQ, 08-Aug-2022,1291.95,1285.0,1287.0,1240.0,1253.5,1250.25,1258.11,6545,82.34,1359,3475,53.09
CHOICEIN, EQ, 08-Aug-2022,430.55,433.5,436.45,430.0,433.9,432.95,432.78,25873,111.97,1469,8584,33.18
CHOLAFIN, EQ, 08-Aug-2022,771.2,774.85,783.5,771.15,780.0,775.95,776.87,1033732,8030.77,28414,318643,30.82
CHOLAHLDNG, EQ, 08-Aug-2022,659.0,670.0,682.4,661.0,662.0,666.1,671.65,46957,315.39,4438,28220,60.1
CIGNITITEC, EQ, 08-Aug-2022,536.2,544.0,553.0,535.5,547.0,545.2,544.7,141471,770.6,3584,108362,76.6
CINELINE, EQ, 08-Aug-2022,148.05,148.05,153.4,147.35,152.5,151.75,151.81,72191,109.59,973,49608,68.72
CINEVISTA, EQ, 08-Aug-2022,13.4,13.7,13.8,12.9,13.15,13.3,13.19,24720,3.26,84,18578,75.15
CIPLA, EQ, 08-Aug-2022,1034.2,1036.2,1039.5,1024.1,1030.75,1029.55,1028.91,767289,7894.69,33730,361561,47.12
CLEAN, EQ, 08-Aug-2022,1633.85,1636.4,1642.8,1603.0,1608.0,1609.2,1620.06,75507,1223.26,11484,43526,57.64
CLEDUCATE, EQ, 08-Aug-2022,128.45,130.85,130.9,125.0,125.8,126.1,126.86,61996,78.65,1024,41160,66.39
CLNINDIA, EQ, 08-Aug-2022,438.5,439.0,459.55,439.0,452.0,453.6,452.4,32283,146.05,2088,15772,48.86
CLSEL, EQ, 08-Aug-2022,107.0,109.0,115.95,106.8,113.0,112.5,112.73,213521,240.71,3026,116570,54.59
CMICABLES, EQ, 08-Aug-2022,24.65,25.0,25.0,24.0,24.25,24.15,24.42,28385,6.93,442,19760,69.61
CMMIPL, ST, 08-Aug-2022,12.45,11.85,12.7,11.85,12.7,12.7,12.37,24000,2.97,8,18000,75
CMSINFO, EQ, 08-Aug-2022,261.95,264.8,266.4,260.8,263.0,262.15,263.13,97493,256.53,3400,63158,64.78
COALINDIA, EQ, 08-Aug-2022,208.45,209.5,216.15,207.05,215.0,215.4,213.45,16358151,34916.3,109151,6487805,39.66
COASTCORP, EQ, 08-Aug-2022,318.0,322.0,355.85,319.0,347.3,349.9,338.67,158764,537.69,4972,81576,51.38
COCHINSHIP, EQ, 08-Aug-2022,341.0,341.5,346.0,338.0,340.8,341.2,342.63,231603,793.53,7976,97286,42.01
COFFEEDAY, EQ, 08-Aug-2022,45.65,45.95,46.65,44.7,45.3,45.15,45.51,1243668,566.0,7340,718789,57.8
COFORGE, EQ, 08-Aug-2022,3934.5,3939.05,3962.35,3870.0,3880.0,3886.0,3896.7,150522,5865.4,12018,28677,19.05
COLPAL, EQ, 08-Aug-2022,1614.1,1616.0,1625.55,1588.15,1600.0,1597.25,1600.36,179244,2868.56,12193,73222,40.85
COMPINFO, EQ, 08-Aug-2022,22.3,22.75,23.5,22.6,22.95,23.0,23.12,483612,111.82,2226,242861,50.22
COMPUSOFT, EQ, 08-Aug-2022,21.15,21.4,25.35,20.8,25.35,25.35,24.42,856352,209.1,2336,556978,65.04
CONCOR, EQ, 08-Aug-2022,685.9,685.0,699.95,666.6,694.55,696.4,688.6,2072529,14271.51,39923,841788,40.62
CONFIPET, EQ, 08-Aug-2022,54.1,54.9,56.0,54.1,55.8,55.65,55.3,450643,249.23,4665,257719,57.19
CONSOFINVT, EQ, 08-Aug-2022,127.6,127.05,129.65,127.05,128.0,128.05,128.22,1906,2.44,66,1216,63.8
CONSUMBEES, EQ, 08-Aug-2022,83.92,84.92,84.92,83.75,84.21,84.19,84.11,19702,16.57,247,18084,91.79
CONTROLPR, EQ, 08-Aug-2022,455.7,454.0,470.0,450.7,470.0,467.6,461.63,19980,92.23,1306,14943,74.79
COOLCAPS, SM, 08-Aug-2022,163.95,174.85,185.0,174.85,185.0,183.0,180.56,54000,97.5,34,37500,69.44
CORALFINAC, EQ, 08-Aug-2022,38.95,38.95,40.0,38.95,39.0,39.2,39.4,26448,10.42,379,15434,58.36
CORDSCABLE, EQ, 08-Aug-2022,56.4,57.4,57.8,56.1,56.75,56.95,56.98,28202,16.07,357,18101,64.18
COROMANDEL, EQ, 08-Aug-2022,1049.25,1053.95,1068.6,1046.1,1046.6,1049.5,1056.02,499305,5272.74,15459,203002,40.66
COSMOFIRST, EQ, 08-Aug-2022,891.45,890.0,909.0,878.0,895.4,892.85,888.1,133659,1187.03,9094,46083,34.48
COUNCODOS, EQ, 08-Aug-2022,3.9,4.05,4.65,3.95,4.65,4.65,4.44,500083,22.19,683,342020,68.39
CPSEETF, EQ, 08-Aug-2022,34.44,34.74,35.03,34.4,34.95,34.91,34.93,1036718,362.08,2693,799918,77.16
CRAFTSMAN, EQ, 08-Aug-2022,2663.25,2667.0,2698.35,2602.8,2651.0,2651.7,2646.9,40957,1084.09,7096,17806,43.47
CREATIVE, EQ, 08-Aug-2022,466.4,466.2,483.3,465.0,465.05,473.15,474.57,9513,45.15,329,6726,70.7
CREDITACC, EQ, 08-Aug-2022,981.3,980.0,1005.0,965.35,985.1,984.95,981.66,111233,1091.93,6608,78514,70.59
CREST, EQ, 08-Aug-2022,170.35,172.95,173.7,171.0,173.0,172.85,173.06,4545,7.87,94,4200,92.41
CRISIL, EQ, 08-Aug-2022,3193.8,3215.75,3256.9,3182.75,3209.0,3212.65,3218.06,76103,2449.04,9899,46094,60.57
CROMPTON, EQ, 08-Aug-2022,373.85,374.9,379.0,372.05,376.2,375.3,377.38,2066683,7799.29,17464,1622369,78.5
CROWN, BE, 08-Aug-2022,45.8,45.8,46.0,43.7,43.75,43.95,44.59,2303,1.03,39, -, -
CSBBANK, EQ, 08-Aug-2022,207.25,209.2,211.0,205.25,209.0,208.6,208.8,220525,460.45,4805,77688,35.23
CSLFINANCE, EQ, 08-Aug-2022,270.15,272.4,307.0,272.4,299.0,298.7,295.75,118640,350.88,3368,47349,39.91
CTE, EQ, 08-Aug-2022,62.8,63.95,65.9,62.7,62.7,63.05,64.32,66411,42.71,859,29592,44.56
CUB, EQ, 08-Aug-2022,161.05,162.2,163.5,159.05,162.9,162.8,161.89,1053581,1705.62,7881,395436,37.53
CUBEXTUB, EQ, 08-Aug-2022,25.55,26.0,26.5,24.8,25.45,25.65,25.72,44900,11.55,441,22279,49.62
CUMMINSIND, EQ, 08-Aug-2022,1172.4,1174.0,1194.6,1174.0,1188.0,1190.3,1186.03,444334,5269.93,18604,202626,45.6
CUPID, EQ, 08-Aug-2022,222.3,222.0,224.8,219.35,222.0,221.85,221.62,13754,30.48,831,7057,51.31
CYBERMEDIA, EQ, 08-Aug-2022,17.0,17.35,17.9,17.0,17.0,17.15,17.39,29396,5.11,159,20732,70.53
CYBERTECH, EQ, 08-Aug-2022,165.6,167.7,170.0,165.05,166.5,166.8,168.02,40439,67.94,1764,18837,46.58
CYIENT, EQ, 08-Aug-2022,820.9,824.9,831.9,811.05,828.75,829.9,825.63,110354,911.12,12723,65892,59.71
DAAWAT, EQ, 08-Aug-2022,88.4,88.9,89.7,85.95,86.65,86.65,87.86,1169798,1027.83,8430,610924,52.22
DABUR, EQ, 08-Aug-2022,579.15,580.0,587.5,577.55,586.5,586.5,583.73,1395495,8145.88,37362,770619,55.22
DALBHARAT, EQ, 08-Aug-2022,1616.3,1619.0,1633.05,1595.0,1604.75,1603.3,1611.97,346059,5578.36,10532,150432,43.47
DALMIASUG, EQ, 08-Aug-2022,344.6,348.7,349.0,334.85,338.5,337.75,340.17,125685,427.54,6146,63312,50.37
DAMODARIND, EQ, 08-Aug-2022,50.25,50.25,52.9,48.3,48.3,49.75,50.63,31314,15.85,645,13491,43.08
DANGEE, EQ, 08-Aug-2022,393.85,397.9,405.25,397.0,398.0,398.05,401.34,37422,150.19,2019,20826,55.65
DATAMATICS, EQ, 08-Aug-2022,295.85,294.0,297.7,292.0,295.95,293.7,294.51,58419,172.05,1975,30027,51.4
DATAPATTNS, EQ, 08-Aug-2022,820.2,820.9,837.0,803.45,833.0,833.4,825.27,227195,1874.98,12950,114502,50.4
DBCORP, EQ, 08-Aug-2022,90.75,90.0,94.8,88.95,93.5,93.25,92.67,472497,437.88,7361,208869,44.21
DBL, EQ, 08-Aug-2022,242.3,241.9,253.15,241.55,244.9,244.95,247.98,501983,1244.82,9733,142382,28.36
DBREALTY, BE, 08-Aug-2022,58.45,59.4,59.9,56.0,57.7,57.95,58.13,186267,108.28,691, -, -
DBSTOCKBRO, EQ, 08-Aug-2022,20.3,19.9,22.25,19.9,22.25,22.1,21.81,6214,1.36,111,3067,49.36
DCAL, EQ, 08-Aug-2022,120.95,121.0,124.9,121.0,122.95,122.85,123.33,218000,268.85,3494,127017,58.26
DCBBANK, EQ, 08-Aug-2022,84.5,84.5,85.8,84.2,85.3,85.25,85.19,390529,332.68,3577,231400,59.25
DCM, EQ, 08-Aug-2022,48.95,49.8,49.8,47.25,47.45,47.5,48.07,108173,52.0,1068,71928,66.49
DCMFINSERV, EQ, 08-Aug-2022,3.65,3.65,3.9,3.3,3.55,3.45,3.49,18819,0.66,76,9907,52.64
DCMNVL, EQ, 08-Aug-2022,189.15,189.0,191.75,185.95,186.05,186.3,188.45,27748,52.29,1102,16651,60.01
DCMSHRIRAM, EQ, 08-Aug-2022,1039.05,1040.0,1064.75,1016.6,1017.0,1025.85,1041.59,169029,1760.59,13180,55465,32.81
DCMSRIND, EQ, 08-Aug-2022,78.25,78.95,81.95,78.05,80.7,80.25,79.95,219135,175.21,3256,102801,46.91
DCW, EQ, 08-Aug-2022,37.65,38.1,38.25,36.9,37.15,37.05,37.53,1211854,454.8,4308,804325,66.37
DECCANCE, EQ, 08-Aug-2022,513.55,513.55,519.3,505.7,510.0,510.8,513.37,5468,28.07,473,3965,72.51
DEEPAKFERT, EQ, 08-Aug-2022,809.8,824.55,850.25,819.95,850.25,850.25,843.07,617966,5209.88,20135,357533,57.86
DEEPAKNTR, EQ, 08-Aug-2022,2025.1,2010.0,2036.2,2005.0,2008.5,2009.8,2018.09,470749,9500.16,27659,121160,25.74
DEEPENR, EQ, 08-Aug-2022,85.9,88.0,88.0,83.5,84.0,84.05,85.05,14433,12.28,322,7875,54.56
DEEPINDS, EQ, 08-Aug-2022,194.4,196.5,196.5,189.65,194.0,192.2,192.29,49033,94.29,1089,32375,66.03
DELHIVERY, EQ, 08-Aug-2022,633.7,636.9,658.0,626.1,641.5,642.3,644.41,513854,3311.3,17974,113501,22.09
DELPHIFX, EQ, 08-Aug-2022,430.1,439.8,460.0,430.45,457.0,454.5,446.65,1668,7.45,224,1048,62.83
DELTACORP, EQ, 08-Aug-2022,194.55,195.7,196.6,190.8,194.65,193.55,193.49,2253046,4359.51,17413,578472,25.68
DELTAMAGNT, EQ, 08-Aug-2022,81.15,83.95,89.25,82.9,84.1,84.0,87.28,58034,50.65,1003,32059,55.24
DEN, EQ, 08-Aug-2022,34.75,35.0,35.2,34.1,34.75,34.8,34.65,404162,140.05,2231,198464,49.11
DENORA, EQ, 08-Aug-2022,693.1,717.7,717.7,662.5,685.0,674.45,680.28,11998,81.62,926,6113,50.95
DEVIT, EQ, 08-Aug-2022,197.1,196.0,203.1,196.0,199.0,199.8,199.69,87689,175.11,1087,43454,49.55
DEVYANI, EQ, 08-Aug-2022,187.3,187.9,191.6,182.7,188.2,188.65,187.28,3534697,6619.85,31531,1187668,33.6
DFMFOODS, EQ, 08-Aug-2022,211.7,211.7,212.75,204.0,204.0,205.85,208.5,67454,140.64,2152,48514,71.92
DGCONTENT, EQ, 08-Aug-2022,13.45,13.0,14.75,13.0,14.1,14.1,14.22,104551,14.87,197,91934,87.93
DHAMPURSUG, EQ, 08-Aug-2022,227.9,229.0,229.7,224.0,227.4,227.7,226.6,181527,411.35,4990,84532,46.57
DHANBANK, EQ, 08-Aug-2022,12.25,12.15,12.5,12.15,12.4,12.35,12.37,274653,33.99,636,209070,76.12
DHANI, EQ, 08-Aug-2022,48.7,47.0,47.85,46.3,46.3,46.3,46.59,3262253,1519.95,10821,1497709,45.91
DHANILOANS, N6, 08-Aug-2022,992.98,992.9,992.9,992.9,992.9,992.9,992.9,9,0.09,2,9,100
DHANILOANS, NF, 08-Aug-2022,980.0,975.0,975.0,975.0,975.0,975.0,975.0,20,0.2,1,20,100
DHANILOANS, NO, 08-Aug-2022,960.0,965.0,965.0,965.0,965.0,965.0,965.0,7,0.07,1,7,100
DHANILOANS, NR, 08-Aug-2022,1005.2,1005.2,1005.2,1005.2,1005.2,1005.2,1005.2,10,0.1,1,10,100
DHANUKA, EQ, 08-Aug-2022,692.15,704.0,704.0,684.0,687.5,686.4,690.48,29755,205.45,3119,18758,63.04
DHANVARSHA, EQ, 08-Aug-2022,93.65,93.85,94.85,88.55,89.0,89.1,90.89,200140,181.92,2101,111990,55.96
DHARAMSI, EQ, 08-Aug-2022,384.6,386.95,391.75,371.1,374.2,372.55,377.47,8984,33.91,528,6510,72.46
DHARSUGAR, BE, 08-Aug-2022,11.25,11.35,11.55,11.25,11.35,11.35,11.34,15633,1.77,91, -, -
DHRUV, EQ, 08-Aug-2022,50.1,50.8,50.8,48.0,48.0,49.2,49.72,9717,4.83,310,3807,39.18
DHUNINV, EQ, 08-Aug-2022,588.35,595.0,603.05,571.5,598.7,593.25,585.1,2900,16.97,376,827,28.52
DIAMONDYD, EQ, 08-Aug-2022,755.55,752.0,759.65,728.05,756.0,751.75,746.4,6882,51.37,1512,2884,41.91
DIAPOWER, BZ, 08-Aug-2022,1.9,1.95,1.95,1.95,1.95,1.95,1.95,87998,1.72,33, -, -
DICIND, EQ, 08-Aug-2022,384.45,389.5,389.95,374.95,385.1,385.25,383.91,2218,8.52,206,1377,62.08
DIGISPICE, EQ, 08-Aug-2022,31.6,31.7,31.7,30.0,30.95,30.9,30.94,87643,27.12,688,37190,42.43
DIGJAMLMTD, BE, 08-Aug-2022,160.25,152.25,152.25,152.25,152.25,152.25,152.25,389,0.59,23, -, -
DIL, EQ, 08-Aug-2022,41.15,41.1,43.2,40.85,43.15,43.2,43.01,199080,85.62,183,160622,80.68
DISHTV, EQ, 08-Aug-2022,11.25,11.25,11.55,11.1,11.5,11.45,11.4,5239709,597.13,3350,3585275,68.43
DIVISLAB, EQ, 08-Aug-2022,3912.2,3910.0,3949.0,3875.0,3935.05,3937.6,3911.12,257202,10059.49,26386,133901,52.06
DIVOPPBEES, EQ, 08-Aug-2022,45.61,47.75,47.75,45.01,45.94,45.92,45.7,10794,4.93,177,7684,71.19
DIXON, EQ, 08-Aug-2022,3827.3,3827.3,3862.0,3700.0,3805.05,3798.2,3804.97,300316,11426.92,29186,88530,29.48
DKEGL, SM, 08-Aug-2022,39.0,36.55,37.5,36.55,37.5,37.5,37.03,6000,2.22,2,3000,50
DLF, EQ, 08-Aug-2022,367.8,366.5,372.6,365.0,370.95,370.3,369.4,3666894,13545.59,25640,1278296,34.86
DLINKINDIA, EQ, 08-Aug-2022,164.25,165.5,168.75,163.25,164.8,164.8,166.4,199499,331.96,6406,94920,47.58
DMART, EQ, 08-Aug-2022,4232.25,4237.4,4267.4,4233.0,4249.9,4250.05,4249.82,200014,8500.23,21064,109316,54.65
DNAMEDIA, BE, 08-Aug-2022,3.0,3.0,3.1,2.9,3.05,3.05,3.01,14882,0.45,63, -, -
DODLA, EQ, 08-Aug-2022,505.25,505.0,511.0,501.15,507.55,509.7,508.54,10158,51.66,760,7619,75
DOLATALGO, EQ, 08-Aug-2022,67.9,69.0,69.0,67.5,67.95,67.7,67.97,65400,44.45,884,52736,80.64
DOLLAR, EQ, 08-Aug-2022,452.35,465.0,465.0,445.1,447.0,447.8,450.42,58019,261.33,3040,30618,52.77
DONEAR, EQ, 08-Aug-2022,53.05,53.5,53.5,51.05,51.15,51.4,51.81,17969,9.31,349,10608,59.04
DPABHUSHAN, EQ, 08-Aug-2022,399.8,419.95,419.95,402.0,404.5,404.2,406.52,16271,66.14,341,10595,65.12
DPSCLTD, EQ, 08-Aug-2022,12.6,12.5,12.85,12.0,12.6,12.6,12.42,133738,16.62,549,94305,70.51
DPWIRES, EQ, 08-Aug-2022,295.55,290.0,294.95,290.0,291.0,291.5,292.02,3803,11.11,235,1901,49.99
DRCSYSTEMS, EQ, 08-Aug-2022,25.05,26.3,26.3,26.3,26.3,26.3,26.3,1059,0.28,7,1059,100
DREDGECORP, EQ, 08-Aug-2022,279.15,280.4,286.4,279.7,280.8,280.75,283.7,47432,134.57,2199,22417,47.26
DRREDDY, EQ, 08-Aug-2022,4156.85,4156.85,4234.0,4156.85,4220.0,4223.35,4211.62,408377,17199.29,37402,212100,51.94
DSPN50ETF, EQ, 08-Aug-2022,175.44,175.5,176.75,175.25,176.5,176.5,176.17,735,1.29,25,678,92.24
DSPNEWETF, EQ, 08-Aug-2022,200.67,201.0,202.0,200.5,201.25,201.75,201.21,1553,3.12,70,1299,83.64
DSPQ50ETF, EQ, 08-Aug-2022,168.86,172.2,172.2,165.4,169.6,169.5,169.93,57191,97.18,144,46250,80.87
DSSL, BE, 08-Aug-2022,302.85,307.75,308.0,303.05,306.75,305.4,306.13,6082,18.62,197, -, -
DTIL, EQ, 08-Aug-2022,220.95,216.85,216.85,201.7,204.9,204.9,205.57,23295,47.89,1077,15383,66.04
DUCON, EQ, 08-Aug-2022,14.9,15.2,15.5,14.7,15.25,15.2,15.1,297549,44.94,938,121661,40.89
DUGLOBAL, SM, 08-Aug-2022,186.9,196.2,196.2,196.2,196.2,196.2,196.2,2500,4.91,2,2500,100
DVL, EQ, 08-Aug-2022,204.15,204.0,216.6,199.5,205.1,204.9,206.42,64833,133.83,1537,33563,51.77
DWARKESH, EQ, 08-Aug-2022,107.5,107.5,109.25,107.1,108.45,108.35,108.21,1015323,1098.69,8143,366280,36.08
DYCL, EQ, 08-Aug-2022,154.55,149.0,162.25,148.15,162.25,162.25,159.49,91695,146.25,1630,53361,58.19
DYNAMATECH, EQ, 08-Aug-2022,1942.6,1949.0,1986.0,1915.2,1980.0,1972.4,1963.56,8562,168.12,1621,3129,36.55
DYNPRO, EQ, 08-Aug-2022,465.45,469.35,472.3,458.25,459.6,459.75,463.82,12547,58.2,1088,8464,67.46
DYNPROPP, E1, 08-Aug-2022,212.3,215.0,215.05,210.0,212.25,212.25,213.41,427,0.91,12,380,88.99
E2E, EQ, 08-Aug-2022,152.9,157.95,157.95,137.65,143.0,142.7,143.26,23668,33.91,701,12101,51.13
EASEMYTRIP, EQ, 08-Aug-2022,426.95,428.7,428.8,412.0,412.05,414.3,418.24,1098226,4593.17,28294,500195,45.55
EASTSILK, BE, 08-Aug-2022,4.05,4.15,4.15,3.9,4.0,3.95,3.98,17930,0.71,106, -, -
EASUNREYRL, BZ, 08-Aug-2022,2.35,2.45,2.45,2.35,2.45,2.45,2.4,9247,0.22,17, -, -
EBANK, EQ, 08-Aug-2022,3998.76,3945.0,4074.98,3910.0,3950.04,3950.04,4012.96,27,1.08,11,16,59.26
EBBETF0423, EQ, 08-Aug-2022,1183.86,1182.3,1191.01,1182.22,1184.45,1184.18,1184.23,24974,295.75,151,21446,85.87
EBBETF0425, EQ, 08-Aug-2022,1077.95,1173.5,1173.5,1075.05,1077.95,1077.54,1080.63,5486,59.28,97,4476,81.59
EBBETF0430, EQ, 08-Aug-2022,1200.97,1200.95,1204.75,1196.6,1196.6,1197.16,1199.43,9286,111.38,319,8942,96.3
EBBETF0431, EQ, 08-Aug-2022,1067.54,1068.0,1068.0,1059.01,1064.25,1064.45,1063.94,19010,202.25,229,15829,83.27
EC1RG, MF, 08-Aug-2022,12.55,13.8,13.8,13.8,13.8,13.8,13.8,5,0.0,1,5,100
EC2RG, MF, 08-Aug-2022,14.0,15.0,15.0,15.0,15.0,15.0,15.0,1500,0.23,1,1500,100
ECLERX, EQ, 08-Aug-2022,2275.3,2299.0,2339.0,2284.0,2305.0,2304.55,2306.94,50313,1160.69,7098,23693,47.09
ECLFINANCE, NG, 08-Aug-2022,1005.0,996.13,1003.99,996.13,1000.0,1000.0,1000.13,359,3.59,6,359,100
ECLFINANCE, NI, 08-Aug-2022,990.0,995.0,995.0,995.0,995.0,995.0,995.0,60,0.6,2,60,100
ECLFINANCE, NJ, 08-Aug-2022,965.0,965.99,966.0,964.25,966.0,965.07,964.78,819,7.9,9,819,100
ECLFINANCE, NK, 08-Aug-2022,929.49,929.0,929.0,921.51,921.6,921.6,923.26,630,5.82,19,630,100
ECLFINANCE, NO, 08-Aug-2022,1002.51,1002.51,1009.0,1002.51,1009.0,1009.0,1003.59,120,1.2,3,120,100
ECLFINANCE, NP, 08-Aug-2022,1049.8,1050.8,1050.8,1050.8,1050.8,1050.8,1050.8,76,0.8,2,76,100
ECLFINANCE, NQ, 08-Aug-2022,1430.0,1415.0,1415.0,1415.0,1415.0,1415.0,1415.0,200,2.83,1,200,100
ECLFINANCE, NR, 08-Aug-2022,1009.88,1016.9,1017.0,1016.9,1017.0,1017.0,1016.95,110,1.12,3,110,100
ECLFINANCE, NS, 08-Aug-2022,1030.0,1030.05,1030.05,1030.0,1030.0,1030.0,1030.03,30,0.31,2,30,100
EDELWEISS, EQ, 08-Aug-2022,57.2,57.2,57.8,56.5,56.9,56.95,57.27,454024,260.0,3757,192425,42.38
EDUCOMP, BZ, 08-Aug-2022,3.2,3.2,3.3,3.1,3.25,3.25,3.21,34556,1.11,73, -, -
EHFLNCD, N5, 08-Aug-2022,992.0,960.0,992.0,960.0,992.0,992.0,961.23,26,0.25,2,26,100
EHFLNCD, N6, 08-Aug-2022,955.81,955.81,969.0,955.0,958.25,958.14,958.86,1190,11.41,30,1177,98.91
EICHERMOT, EQ, 08-Aug-2022,3089.6,3090.0,3145.1,3072.15,3119.8,3116.75,3108.41,595708,18517.06,37809,202091,33.92
EIDPARRY, EQ, 08-Aug-2022,551.45,552.1,563.25,552.0,558.0,558.25,558.77,248136,1386.52,8609,77614,31.28
EIFFL, EQ, 08-Aug-2022,113.5,125.0,125.0,108.55,115.6,114.8,115.36,20288,23.4,250,18908,93.2
EIHAHOTELS, EQ, 08-Aug-2022,412.1,414.2,421.3,412.95,414.0,413.7,416.73,9532,39.72,561,4401,46.17
EIHOTEL, EQ, 08-Aug-2022,156.05,156.1,158.7,151.65,154.0,153.05,155.3,478155,742.55,6456,224536,46.96
EIMCOELECO, EQ, 08-Aug-2022,356.8,361.0,361.85,355.35,358.8,356.6,358.42,1233,4.42,105,847,68.69
EKC, EQ, 08-Aug-2022,179.7,180.8,181.0,168.0,174.95,173.9,174.4,1028761,1794.13,11546,684832,66.57
ELDEHSG, EQ, 08-Aug-2022,539.25,557.05,557.65,536.45,537.0,538.15,542.2,553,3.0,68,288,52.08
ELECON, EQ, 08-Aug-2022,343.35,346.9,358.0,343.4,352.0,350.2,352.39,392852,1384.38,8481,188138,47.89
ELECTCAST, EQ, 08-Aug-2022,34.5,34.95,35.1,34.75,34.95,34.8,34.91,542710,189.44,1242,420429,77.47
ELECTHERM, EQ, 08-Aug-2022,82.1,80.15,84.75,80.15,81.5,81.95,82.54,7949,6.56,201,4634,58.3
ELGIEQUIP, EQ, 08-Aug-2022,426.55,433.95,437.9,422.1,430.5,433.2,430.09,596463,2565.32,17107,276731,46.4
ELGIRUBCO, EQ, 08-Aug-2022,30.7,33.0,33.0,30.6,30.6,30.8,31.12,18439,5.74,207,8264,44.82
EMAMILTD, EQ, 08-Aug-2022,459.0,462.0,462.0,451.0,456.0,455.1,453.79,197205,894.91,7183,136699,69.32
EMAMIPAP, EQ, 08-Aug-2022,169.7,171.0,176.4,169.75,174.2,174.05,173.77,206516,358.87,4654,91694,44.4
EMAMIREAL, EQ, 08-Aug-2022,75.7,75.7,77.0,72.65,73.45,73.3,73.77,44713,32.99,751,26324,58.87
EMBASSY, RR, 08-Aug-2022,365.92,367.65,372.0,361.3,370.2,370.07,367.11,274076,1006.17,5409,202769,73.98
EMKAY, EQ, 08-Aug-2022,72.95,73.0,75.0,71.95,74.45,74.2,73.66,72604,53.48,542,59710,82.24
EMKAYTOOLS, SM, 08-Aug-2022,325.45,341.65,341.65,309.2,309.2,309.2,317.51,2400,7.62,3,2400,100
EMMBI, EQ, 08-Aug-2022,91.5,93.25,94.25,91.5,93.65,92.65,92.68,13359,12.38,252,9234,69.12
EMUDHRA, EQ, 08-Aug-2022,358.75,354.3,360.0,342.0,345.0,344.55,351.02,338370,1187.73,11562,109065,32.23
ENDURANCE, EQ, 08-Aug-2022,1455.75,1452.0,1485.0,1440.45,1468.0,1456.15,1464.52,23187,339.58,4007,8864,38.23
ENERGYDEV, EQ, 08-Aug-2022,16.95,17.0,17.8,16.5,16.75,16.75,16.92,36106,6.11,242,26293,72.82
ENGINERSIN, EQ, 08-Aug-2022,68.85,68.9,68.9,66.3,66.45,66.4,66.92,1766679,1182.22,10244,1113014,63
ENIL, EQ, 08-Aug-2022,183.2,184.95,186.05,180.1,184.0,183.45,183.32,16877,30.94,298,11409,67.6
EPL, EQ, 08-Aug-2022,166.1,167.5,167.5,165.2,166.7,166.75,166.34,250994,417.51,11601,166798,66.45
EQUIPPP, BE, 08-Aug-2022,68.0,64.6,64.6,64.6,64.6,64.6,64.6,1245,0.8,40, -, -
EQUITAS, EQ, 08-Aug-2022,97.7,98.3,101.95,98.0,100.7,100.9,100.25,419905,420.94,6150,193035,45.97
EQUITASBNK, EQ, 08-Aug-2022,44.55,44.35,44.65,43.7,43.8,44.05,44.21,505686,223.57,2700,374412,74.04
ERFLNCDI, N3, 08-Aug-2022,1000.5,991.0,996.0,944.0,944.0,968.05,974.71,150,1.46,7,149,99.33
ERFLNCDI, N4, 08-Aug-2022,1032.36,1006.08,1006.08,1006.07,1006.07,1006.07,1006.08,125,1.26,2,125,100
ERFLNCDI, N5, 08-Aug-2022,898.8,899.0,899.0,899.0,899.0,899.0,899.0,7,0.06,1,7,100
ERFLNCDI, N6, 08-Aug-2022,905.25,915.0,915.0,914.0,914.0,914.0,914.0,230,2.1,2,230,100
ERIS, EQ, 08-Aug-2022,694.75,700.0,710.0,692.35,693.1,697.25,702.21,23392,164.26,3409,10352,44.25
EROSMEDIA, EQ, 08-Aug-2022,25.0,25.4,25.55,24.8,24.85,24.85,25.1,209773,52.65,1571,123848,59.04
ESABINDIA, EQ, 08-Aug-2022,3110.15,3070.15,3097.8,3020.0,3074.0,3076.0,3062.65,7339,224.77,2188,4664,63.55
ESCORTS, EQ, 08-Aug-2022,1642.6,1641.9,1657.5,1633.8,1647.0,1649.5,1648.93,151169,2492.67,9197,60791,40.21
ESSARSHPNG, EQ, 08-Aug-2022,6.85,6.9,7.05,6.9,6.95,7.0,6.98,146805,10.24,339,119933,81.7
ESSENTIA, BE, 08-Aug-2022,6.65,6.9,6.9,6.35,6.35,6.35,6.42,4226614,271.38,1261, -, -
ESTER, EQ, 08-Aug-2022,133.75,133.5,135.05,132.0,133.3,132.8,133.26,49478,65.94,989,32830,66.35
ETHOSLTD, EQ, 08-Aug-2022,974.85,974.1,1007.0,974.1,1004.0,997.3,992.23,47114,467.48,5096,19404,41.19
EUROBOND, SM, 08-Aug-2022,96.4,95.0,95.0,93.0,93.0,94.0,94.0,4000,3.76,2,4000,100
EUROTEXIND, EQ, 08-Aug-2022,8.8,9.2,9.2,9.2,9.2,9.2,9.2,8,0.0,2,8,100
EVEREADY, EQ, 08-Aug-2022,344.2,344.2,359.0,341.1,355.9,354.85,348.93,181269,632.5,5368,108927,60.09
EVERESTIND, EQ, 08-Aug-2022,587.5,587.5,596.85,582.65,590.0,587.2,589.6,24167,142.49,5195,9827,40.66
EXCEL, EQ, 08-Aug-2022,8.95,9.35,9.35,9.2,9.35,9.35,9.34,680728,63.59,1146,480893,70.64
EXCELINDUS, EQ, 08-Aug-2022,1342.75,1356.0,1390.0,1328.95,1360.2,1365.45,1366.63,49563,677.34,6330,21806,44
EXIDEIND, EQ, 08-Aug-2022,156.4,156.6,158.5,155.85,158.0,158.0,157.3,2590856,4075.47,20005,1049163,40.49
EXPLEOSOL, EQ, 08-Aug-2022,1436.3,1450.65,1470.0,1445.0,1446.0,1451.6,1454.04,10642,154.74,2071,6180,58.07
EXXARO, EQ, 08-Aug-2022,110.85,112.8,119.8,111.4,116.0,115.95,115.87,248409,287.83,3233,163512,65.82
FACT, EQ, 08-Aug-2022,122.8,123.25,123.25,118.0,118.2,119.25,120.42,308439,371.43,6800,97160,31.5
FAIRCHEMOR, EQ, 08-Aug-2022,1570.5,1571.0,1631.8,1567.95,1600.0,1605.65,1602.15,12754,204.34,3209,8600,67.43
FCL, EQ, 08-Aug-2022,244.7,250.7,262.7,250.5,256.45,256.7,256.64,3028236,7771.56,42409,789908,26.08
FCONSUMER, EQ, 08-Aug-2022,1.8,1.8,1.85,1.75,1.8,1.75,1.79,5618811,100.75,2495,3664426,65.22
FCSSOFT, EQ, 08-Aug-2022,2.75,2.75,2.8,2.7,2.75,2.75,2.76,2912978,80.47,3757,2059167,70.69
FDC, EQ, 08-Aug-2022,272.55,275.0,279.65,272.65,277.95,277.3,277.04,321024,889.35,11034,183713,57.23
FEDERALBNK, EQ, 08-Aug-2022,108.95,108.95,110.9,107.85,109.5,109.55,109.65,9773628,10716.53,35122,3114837,31.87
FEL, EQ, 08-Aug-2022,2.35,2.35,2.35,2.25,2.3,2.25,2.26,2177343,49.16,2018,1647704,75.67
FELDVR, EQ, 08-Aug-2022,8.05,8.3,8.35,7.9,8.3,8.25,8.14,26386,2.15,170,14853,56.29
FIBERWEB, EQ, 08-Aug-2022,37.95,38.65,38.65,37.5,38.0,37.75,37.75,8385,3.17,195,5668,67.6
FIDEL, SM, 08-Aug-2022,54.9,54.0,54.2,51.7,53.0,53.0,53.0,93000,49.29,31,72000,77.42
FIEMIND, EQ, 08-Aug-2022,1660.55,1647.0,1700.0,1628.0,1670.0,1670.1,1665.53,72560,1208.51,9519,18543,25.56
FILATEX, EQ, 08-Aug-2022,112.4,112.4,114.7,110.05,110.5,110.55,111.64,474445,529.65,7112,185421,39.08
FINCABLES, EQ, 08-Aug-2022,429.8,430.7,433.45,425.2,427.35,427.35,429.57,85682,368.06,3529,39568,46.18
FINEORG, EQ, 08-Aug-2022,5684.35,5700.0,5885.05,5650.4,5870.0,5827.1,5805.39,59955,3480.62,12120,23276,38.82
FINOPB, EQ, 08-Aug-2022,249.0,249.0,253.45,247.5,248.5,249.05,250.4,30726,76.94,1860,16546,53.85
FINPIPE, EQ, 08-Aug-2022,134.6,135.5,139.2,135.3,138.45,138.25,137.78,512972,706.76,8902,298241,58.14
FLEXITUFF, EQ, 08-Aug-2022,29.25,29.4,30.85,26.8,26.8,27.2,28.93,19695,5.7,267,12393,62.92
FLFL, BE, 08-Aug-2022,14.95,14.65,15.2,14.4,14.45,14.45,14.66,160437,23.52,602, -, -
FLUOROCHEM, EQ, 08-Aug-2022,3384.7,3410.0,3451.0,3290.65,3311.8,3308.2,3375.29,138339,4669.34,13927,68061,49.2
FMGOETZE, EQ, 08-Aug-2022,289.85,292.65,293.4,288.55,289.2,289.55,290.26,24355,70.69,950,18183,74.66
FMNL, EQ, 08-Aug-2022,4.85,4.95,5.0,4.8,4.9,4.9,4.9,63475,3.11,126,47053,74.13
FOCUS, EQ, 08-Aug-2022,116.2,115.0,127.8,113.05,119.0,119.25,123.14,58935,72.57,816,32364,54.91
FOODSIN, EQ, 08-Aug-2022,64.15,65.35,67.65,64.2,65.6,66.55,66.17,61733,40.85,694,43798,70.95
FORCEMOT, EQ, 08-Aug-2022,1047.25,1063.0,1130.0,1049.05,1116.0,1114.4,1107.0,257468,2850.17,16671,62297,24.2
FORTIS, EQ, 08-Aug-2022,264.4,261.35,274.9,261.35,271.0,269.15,270.3,2078882,5619.21,24494,974324,46.87
FOSECOIND, EQ, 08-Aug-2022,1761.55,1761.5,1814.45,1761.5,1807.05,1797.65,1793.57,5356,96.06,997,2284,42.64
FRETAIL, BE, 08-Aug-2022,4.95,4.95,4.95,4.75,4.75,4.75,4.77,2611712,124.54,5734, -, -
FSC, BE, 08-Aug-2022,28.45,29.0,29.25,27.5,28.4,28.15,28.02,15122,4.24,163, -, -
FSL, EQ, 08-Aug-2022,105.15,105.0,105.25,102.8,103.3,103.2,103.46,2460136,2545.23,23130,738694,30.03
GABRIEL, EQ, 08-Aug-2022,137.1,137.8,145.4,136.2,142.05,142.75,142.03,1323109,1879.16,13933,604550,45.69
GAEL, EQ, 08-Aug-2022,296.15,297.0,310.0,297.0,300.45,299.15,304.96,541769,1652.17,15019,159591,29.46
GAIL, EQ, 08-Aug-2022,132.9,134.0,134.4,132.85,133.3,133.35,133.39,13893694,18533.32,95019,7042462,50.69
GAL, EQ, 08-Aug-2022,3.15,3.25,3.35,3.15,3.25,3.3,3.26,408907,13.33,435,367391,89.85
GALAXYSURF, EQ, 08-Aug-2022,3115.65,3110.0,3157.95,3090.0,3157.95,3152.0,3124.31,22968,717.59,6430,11249,48.98
GALLANTT, EQ, 08-Aug-2022,72.95,72.0,73.0,70.25,72.5,71.95,72.06,39261,28.29,817,23863,60.78
GANDHITUBE, EQ, 08-Aug-2022,387.5,391.3,405.0,389.0,390.0,392.15,396.25,11559,45.8,830,6665,57.66
GANECOS, EQ, 08-Aug-2022,632.25,635.35,639.75,618.3,624.0,625.0,625.02,26989,168.69,2189,20584,76.27
GANESHBE, EQ, 08-Aug-2022,135.45,135.05,137.0,134.4,134.9,135.15,135.62,101609,137.81,1393,65203,64.17
GANESHHOUC, EQ, 08-Aug-2022,319.3,319.3,321.45,315.0,316.35,317.65,318.04,39981,127.16,1560,22732,56.86
GANGAFORGE, EQ, 08-Aug-2022,6.55,6.65,6.65,6.35,6.35,6.4,6.46,136136,8.8,381,80180,58.9
GANGESSECU, EQ, 08-Aug-2022,108.15,105.45,110.0,104.3,109.7,107.85,107.82,2348,2.53,115,385,16.4
GANGOTRI, BE, 08-Aug-2022,1.0,1.05,1.05,0.95,1.05,1.05,1.02,27183,0.28,50, -, -
GARFIBRES, EQ, 08-Aug-2022,3020.25,3020.0,3145.0,3002.05,3121.95,3124.75,3076.92,19609,603.35,6250,9890,50.44
GATEWAY, EQ, 08-Aug-2022,70.55,70.55,71.5,69.0,70.0,70.45,70.12,133220,93.41,1871,86945,65.26
GATI, EQ, 08-Aug-2022,155.3,155.7,162.0,154.2,160.65,161.0,158.62,703288,1115.55,9458,255359,36.31
GAYAHWS, EQ, 08-Aug-2022,0.65,0.7,0.7,0.7,0.7,0.7,0.7,1039085,7.27,54,1039085,100
GAYAPROJ, EQ, 08-Aug-2022,13.0,13.15,13.2,12.9,13.05,12.95,13.04,479230,62.51,1281,358150,74.73
GEECEE, EQ, 08-Aug-2022,141.65,141.5,141.5,128.55,135.05,135.35,133.75,50707,67.82,1599,23283,45.92
GEEKAYWIRE, EQ, 08-Aug-2022,74.0,74.8,74.8,73.0,74.3,73.6,73.67,5328,3.92,165,3416,64.11
GENCON, EQ, 08-Aug-2022,31.55,31.7,32.0,30.1,32.0,30.65,31.37,19001,5.96,309,12489,65.73
GENESYS, BE, 08-Aug-2022,591.35,599.0,620.9,590.0,619.0,615.3,607.19,15230,92.48,269, -, -
GENUSPAPER, EQ, 08-Aug-2022,16.95,16.95,17.3,16.8,16.9,17.0,17.05,280035,47.75,868,176356,62.98
GENUSPOWER, EQ, 08-Aug-2022,75.0,75.0,75.15,72.5,73.1,73.0,73.71,446729,329.27,5081,229763,51.43
GEOJITFSL, EQ, 08-Aug-2022,48.8,48.9,48.9,47.65,48.15,48.05,48.15,443891,213.74,3702,323371,72.85
GEPIL, EQ, 08-Aug-2022,137.25,135.9,140.0,135.5,137.6,136.7,137.83,91697,126.38,1863,43183,47.09
GESHIP, EQ, 08-Aug-2022,507.15,509.0,527.0,508.1,518.45,519.8,518.11,473382,2452.63,16736,246492,52.07
GET&D, EQ, 08-Aug-2022,125.5,125.0,126.85,119.6,122.5,121.4,122.74,139727,171.5,3203,63677,45.57
GFLLIMITED, EQ, 08-Aug-2022,80.0,82.2,82.9,76.5,77.0,77.05,79.04,151790,119.98,2144,95625,63
GFSTEELS, BE, 08-Aug-2022,3.35,3.2,3.5,3.2,3.2,3.2,3.24,4361,0.14,33, -, -
GHCL, EQ, 08-Aug-2022,604.45,608.6,618.4,604.45,611.4,610.25,612.53,277962,1702.61,9052,145146,52.22
GICHSGFIN, EQ, 08-Aug-2022,133.55,134.95,134.95,132.5,132.85,133.15,133.14,47559,63.32,831,31565,66.37
GICRE, EQ, 08-Aug-2022,120.65,121.2,122.0,119.8,121.9,121.45,120.82,151166,182.63,3150,74146,49.05
GILLANDERS, EQ, 08-Aug-2022,62.75,61.3,72.75,61.3,71.9,70.95,70.4,70645,49.73,933,32217,45.6
GILLETTE, EQ, 08-Aug-2022,5111.55,5140.0,5200.0,5133.0,5185.0,5192.85,5184.94,4839,250.9,1600,2972,61.42
GILT5YBEES, EQ, 08-Aug-2022,49.3,49.2,49.28,49.05,49.15,49.15,49.15,68591,33.72,217,60745,88.56
GINNIFILA, EQ, 08-Aug-2022,35.15,35.7,35.7,35.1,35.35,35.4,35.45,47288,16.76,492,33209,70.23
GIPCL, EQ, 08-Aug-2022,86.85,86.9,87.8,85.6,86.55,86.45,86.5,263018,227.51,2506,173274,65.88
GISOLUTION, BE, 08-Aug-2022,4.45,4.65,4.65,4.65,4.65,4.65,4.65,1338,0.06,4, -, -
GKWLIMITED, EQ, 08-Aug-2022,578.0,566.45,579.0,566.45,570.0,570.45,571.82,331,1.89,55,229,69.18
GLAND, EQ, 08-Aug-2022,2264.05,2277.0,2333.95,2266.05,2326.0,2328.45,2318.54,426650,9892.04,15603,335069,78.53
GLAXO, EQ, 08-Aug-2022,1408.5,1410.0,1449.0,1402.0,1444.5,1443.4,1430.16,287944,4118.07,8157,233041,80.93
GLENMARK, EQ, 08-Aug-2022,378.25,378.5,380.0,369.0,371.0,371.6,372.96,1276876,4762.27,23767,528099,41.36
GLFL, EQ, 08-Aug-2022,2.9,2.9,2.95,2.8,2.8,2.8,2.86,3875,0.11,87,3375,87.1
GLOBAL, BE, 08-Aug-2022,185.0,184.7,188.9,175.75,186.0,182.2,184.76,40464,74.76,454, -, -
GLOBALVECT, EQ, 08-Aug-2022,50.35,51.0,52.25,50.4,50.4,50.75,51.3,17114,8.78,315,9886,57.77
GLOBE, EQ, 08-Aug-2022,7.9,8.1,8.3,7.75,7.8,7.8,7.94,1981738,157.39,1902,973404,49.12
GLOBUSSPR, EQ, 08-Aug-2022,1034.5,1034.5,1051.0,1002.5,1016.0,1014.05,1034.27,96591,999.01,5683,66481,68.83
GLS, EQ, 08-Aug-2022,449.25,449.25,452.25,444.5,447.3,446.75,446.26,49011,218.72,2347,31760,64.8
GMBREW, EQ, 08-Aug-2022,591.8,591.8,597.6,582.5,584.0,584.4,588.11,26729,157.2,2131,10721,40.11
GMDCLTD, EQ, 08-Aug-2022,161.7,162.35,167.3,162.05,165.7,165.8,165.12,1479016,2442.2,14264,492980,33.33
GMMPFAUDLR, EQ, 08-Aug-2022,1626.3,1635.0,1635.0,1572.0,1584.0,1581.6,1592.35,110524,1759.93,14392,51760,46.83
GMRINFRA, EQ, 08-Aug-2022,34.65,34.7,34.95,34.2,34.25,34.3,34.55,4252123,1469.08,33565,1429486,33.62
GMRP&UI, EQ, 08-Aug-2022,26.8,27.35,27.35,26.1,26.5,26.45,26.57,394920,104.95,1737,319196,80.83
GNA, EQ, 08-Aug-2022,601.25,614.0,642.0,611.0,641.8,637.45,628.61,416544,2618.44,17250,159972,38.4
GNFC, EQ, 08-Aug-2022,771.05,773.9,779.0,766.9,772.0,772.5,772.56,1287920,9950.0,23817,487166,37.83
GOACARBON, EQ, 08-Aug-2022,426.45,428.2,435.8,425.1,429.25,427.2,430.66,28490,122.7,1507,14320,50.26
GOCLCORP, EQ, 08-Aug-2022,286.3,282.0,290.15,281.3,287.0,285.95,285.54,6508,18.58,192,4360,66.99
GOCOLORS, EQ, 08-Aug-2022,1116.5,1125.0,1134.3,1090.0,1095.0,1100.6,1119.39,67287,753.2,5429,47222,70.18
GODFRYPHLP, EQ, 08-Aug-2022,1184.45,1199.9,1216.95,1187.7,1202.0,1199.35,1204.1,46898,564.7,5697,19352,41.26
GODHA, EQ, 08-Aug-2022,6.6,6.3,6.75,6.3,6.3,6.3,6.34,2855273,181.01,2154,2118259,74.19
GODREJAGRO, EQ, 08-Aug-2022,489.95,492.5,501.6,492.05,494.75,494.9,496.32,186766,926.95,12672,126106,67.52
GODREJCP, EQ, 08-Aug-2022,873.1,875.0,878.75,867.05,868.8,868.55,871.13,640361,5578.36,17021,394981,61.68
GODREJIND, EQ, 08-Aug-2022,453.15,455.0,456.5,449.0,455.0,453.9,452.9,80970,366.72,5118,32783,40.49
GODREJPROP, EQ, 08-Aug-2022,1373.85,1370.1,1381.0,1357.0,1367.9,1366.7,1369.07,813983,11144.02,29001,384474,47.23
GOENKA, BZ, 08-Aug-2022,1.85,1.85,1.9,1.8,1.9,1.85,1.86,225812,4.2,178, -, -
GOKEX, EQ, 08-Aug-2022,345.3,347.0,349.7,339.0,340.15,340.35,344.3,150977,519.81,6074,75316,49.89
GOKUL, EQ, 08-Aug-2022,34.25,34.25,35.0,34.0,34.1,34.25,34.45,120657,41.57,1714,48532,40.22
GOKULAGRO, EQ, 08-Aug-2022,82.0,82.0,84.95,81.0,82.65,82.55,83.09,113815,94.57,1472,73128,64.25
GOLDBEES, EQ, 08-Aug-2022,44.72,44.85,44.91,44.41,44.65,44.62,44.58,2202250,981.83,17004,1456785,66.15
GOLDENTOBC, BE, 08-Aug-2022,83.35,83.35,84.7,83.0,84.6,84.6,84.26,3358,2.83,72, -, -
GOLDIAM, EQ, 08-Aug-2022,151.95,153.3,153.45,151.0,151.6,151.5,152.16,108616,165.27,2294,68064,62.66
GOLDSHARE, EQ, 08-Aug-2022,44.5,44.7,44.9,44.2,44.35,44.3,44.37,42826,19.0,338,29272,68.35
GOLDSTAR, SM, 08-Aug-2022,37.25,35.5,35.5,35.45,35.45,35.45,35.48,12000,4.26,2,0,0
GOLDTECH, EQ, 08-Aug-2022,60.85,62.0,62.25,60.35,60.8,60.65,61.37,15379,9.44,254,10163,66.08
GOODLUCK, EQ, 08-Aug-2022,351.5,358.85,363.95,336.0,351.0,346.1,348.73,167887,585.47,5712,98725,58.8
GOODYEAR, EQ, 08-Aug-2022,1013.75,1008.0,1028.25,1005.95,1024.8,1024.2,1022.35,23695,242.25,2092,15548,65.62
GPIL, EQ, 08-Aug-2022,285.6,285.6,290.0,282.8,284.0,284.6,286.55,327273,937.81,4818,142031,43.4
GPPL, EQ, 08-Aug-2022,81.9,82.55,84.9,81.9,83.0,82.95,83.68,1369603,1146.14,14619,806197,58.86
GPTINFRA, EQ, 08-Aug-2022,86.5,85.3,87.45,85.0,85.5,85.55,85.6,11285,9.66,305,8604,76.24
GRANULES, EQ, 08-Aug-2022,310.95,309.3,316.8,309.0,313.2,314.1,313.73,869074,2726.51,9829,260226,29.94
GRAPHITE, EQ, 08-Aug-2022,418.05,416.9,418.9,410.0,412.1,412.3,414.49,372346,1543.35,11100,138455,37.18
GRASIM, EQ, 08-Aug-2022,1598.3,1597.5,1607.05,1585.0,1599.95,1598.65,1596.57,459835,7341.6,22708,225816,49.11
GRAUWEIL, EQ, 08-Aug-2022,64.45,64.7,65.0,63.6,63.6,63.8,64.13,105594,67.72,1279,71540,67.75
GRAVITA, EQ, 08-Aug-2022,285.6,287.95,287.95,280.0,280.9,280.7,282.79,60764,171.83,2819,32455,53.41
GREAVESCOT, EQ, 08-Aug-2022,162.3,162.8,165.1,162.05,162.4,162.45,163.27,516887,843.94,6302,161631,31.27
GREENLAM, EQ, 08-Aug-2022,348.95,345.0,380.0,345.0,375.05,373.3,364.94,42904,156.57,2635,21753,50.7
GREENPANEL, EQ, 08-Aug-2022,443.2,443.2,451.0,441.05,447.2,447.5,446.62,110357,492.88,6783,61325,55.57
GREENPLY, EQ, 08-Aug-2022,182.6,180.0,181.3,178.0,179.9,179.5,179.9,684123,1230.72,4560,582628,85.16
GREENPOWER, EQ, 08-Aug-2022,9.8,9.8,10.25,9.7,9.95,9.9,10.04,4468153,448.73,6312,2526442,56.54
GRINDWELL, EQ, 08-Aug-2022,1962.8,2009.95,2041.0,1977.2,1987.3,1997.9,2010.99,161099,3239.68,16888,60374,37.48
GRINFRA, EQ, 08-Aug-2022,1314.55,1327.6,1377.85,1300.6,1333.0,1323.4,1337.1,12898,172.46,2619,5674,43.99
GROBTEA, EQ, 08-Aug-2022,837.65,811.3,837.65,809.25,818.0,819.0,826.26,487,4.02,168,228,46.82
GRPLTD, EQ, 08-Aug-2022,1821.05,1816.0,1825.0,1734.45,1825.0,1816.65,1789.29,3685,65.94,904,1808,49.06
GRSE, EQ, 08-Aug-2022,253.55,254.7,266.5,254.15,261.0,259.95,261.79,356517,933.33,7777,124070,34.8
GRWRHITECH, EQ, 08-Aug-2022,818.95,818.95,836.55,801.95,819.5,815.75,819.06,32707,267.89,3490,12159,37.18
GS151225C, GS, 08-Aug-2022,79.47,79.37,79.37,79.37,79.37,79.37,79.37,75000,59.53,1,75000,100
GSCLCEMENT, EQ, 08-Aug-2022,36.65,36.65,37.3,36.0,37.0,36.95,36.74,42703,15.69,511,26252,61.48
GSFC, EQ, 08-Aug-2022,158.5,158.5,164.1,158.45,163.2,163.4,162.47,2510696,4079.09,16823,1120465,44.63
GSPL, EQ, 08-Aug-2022,235.55,236.75,238.75,233.45,235.6,236.25,236.6,493571,1167.81,8139,233214,47.25
GSS, EQ, 08-Aug-2022,228.55,233.7,235.9,220.1,221.05,221.3,224.19,95975,215.16,1644,56082,58.43
GSTL, SM, 08-Aug-2022,134.85,146.0,148.25,130.1,140.0,146.3,142.91,132000,188.64,25,44000,33.33
GTL, EQ, 08-Aug-2022,9.0,9.15,9.15,8.9,9.05,9.0,9.01,452011,40.73,1098,325860,72.09
GTLINFRA, EQ, 08-Aug-2022,1.45,1.45,1.45,1.4,1.45,1.45,1.43,21868437,313.21,8842,20690285,94.61
GTPL, EQ, 08-Aug-2022,166.4,168.9,168.9,163.0,165.05,164.9,164.68,30859,50.82,2487,19839,64.29
GUFICBIO, EQ, 08-Aug-2022,199.8,200.75,213.65,196.55,211.05,211.45,207.92,316421,657.91,8069,173928,54.97
GUJALKALI, EQ, 08-Aug-2022,754.9,757.4,766.25,742.9,754.8,749.25,750.92,301297,2262.49,10832,108199,35.91
GUJAPOLLO, EQ, 08-Aug-2022,203.9,198.2,205.35,198.2,204.5,204.05,203.27,942,1.91,93,446,47.35
GUJGASLTD, EQ, 08-Aug-2022,437.75,437.75,453.0,435.9,449.5,450.2,446.02,1222890,5454.31,23573,433672,35.46
GUJRAFFIA, BE, 08-Aug-2022,29.75,29.6,30.75,29.0,30.0,30.05,30.37,4699,1.43,32, -, -
GULFOILLUB, EQ, 08-Aug-2022,434.75,440.0,448.0,438.6,448.0,444.9,441.83,68103,300.9,2155,55633,81.69
GULFPETRO, EQ, 08-Aug-2022,55.3,56.0,56.5,54.45,54.45,55.0,55.57,117637,65.37,2100,75263,63.98
GULPOLY, EQ, 08-Aug-2022,249.3,253.0,260.4,245.9,255.55,257.45,254.54,74258,189.01,4144,42781,57.61
HAL, EQ, 08-Aug-2022,1997.3,2007.0,2174.0,2002.0,2154.0,2159.25,2126.05,3591963,76366.98,129103,527968,14.7
HAPPSTMNDS, EQ, 08-Aug-2022,970.5,970.5,976.15,963.8,967.05,968.5,970.43,200621,1946.89,13932,78377,39.07
HARDWYN, EQ, 08-Aug-2022,200.3,195.1,198.0,190.3,191.0,191.25,191.55,75952,145.49,846,20750,27.32
HARIOMPIPE, EQ, 08-Aug-2022,211.4,210.0,216.85,209.9,216.1,215.1,213.45,125880,268.69,5823,67743,53.82
HARRMALAYA, EQ, 08-Aug-2022,157.55,157.9,159.25,156.2,156.2,156.8,157.66,32152,50.69,1307,15320,47.65
HATHWAY, EQ, 08-Aug-2022,17.05,17.0,17.45,17.0,17.1,17.1,17.21,937981,161.38,3891,483898,51.59
HATSUN, EQ, 08-Aug-2022,1014.0,1014.0,1021.5,996.2,1008.95,1007.7,1008.25,12075,121.75,2464,7523,62.3
HAVELLS, EQ, 08-Aug-2022,1289.4,1296.8,1308.0,1286.0,1304.0,1304.95,1300.04,576588,7495.89,22148,215578,37.39
HAVISHA, BE, 08-Aug-2022,2.15,2.1,2.25,2.1,2.25,2.25,2.18,39513,0.86,95, -, -
HBANKETF, EQ, 08-Aug-2022,381.16,378.73,384.0,378.73,383.3,383.64,383.31,2966,11.37,102,2685,90.53
HBLPOWER, EQ, 08-Aug-2022,87.7,84.6,85.9,84.05,84.7,84.75,84.9,2770518,2352.15,13759,1526436,55.1
HBSL, EQ, 08-Aug-2022,47.05,47.1,50.4,45.3,49.4,49.4,49.29,50209,24.75,662,24108,48.02
HCC, EQ, 08-Aug-2022,12.3,12.3,12.65,12.05,12.3,12.35,12.32,6461191,795.95,5785,3298889,51.06
HCG, EQ, 08-Aug-2022,272.25,272.25,287.2,271.9,285.7,285.8,281.39,198496,558.56,4338,129174,65.08
HCL-INSYS, EQ, 08-Aug-2022,17.3,17.5,17.6,17.2,17.25,17.3,17.36,261231,45.36,1614,153583,58.79
HCLTECH, EQ, 08-Aug-2022,957.75,957.75,968.0,950.05,965.8,966.05,960.58,1746911,16780.53,73916,983510,56.3
HDFC, EQ, 08-Aug-2022,2355.2,2360.0,2402.0,2342.15,2390.2,2393.7,2385.01,2191019,52255.96,99860,1302911,59.47
HDFC, W3, 08-Aug-2022,438.0,438.0,452.0,438.0,447.9,445.25,446.05,16800,74.94,28,13800,82.14
HDFCAMC, EQ, 08-Aug-2022,2002.05,2000.0,2016.9,1984.05,2000.0,2004.7,2004.57,223183,4473.86,14093,78269,35.07
HDFCBANK, EQ, 08-Aug-2022,1427.05,1428.0,1464.5,1427.1,1461.35,1462.05,1454.57,7678868,111694.57,207907,4139183,53.9
HDFCLIFE, EQ, 08-Aug-2022,539.25,541.0,543.4,535.8,536.7,536.75,539.54,2560379,13814.3,63283,1469950,57.41
HDFCMFGETF, EQ, 08-Aug-2022,45.79,45.79,45.95,45.52,45.7,45.65,45.67,640140,292.36,1169,497507,77.72
HDFCNIFETF, EQ, 08-Aug-2022,187.42,188.2,189.31,186.5,189.04,189.01,188.23,36809,69.29,782,30330,82.4
HDFCSENETF, EQ, 08-Aug-2022,631.7,635.98,638.7,631.07,636.9,636.2,635.45,6983,44.37,300,4447,63.68
HDIL, BZ, 08-Aug-2022,5.3,5.55,5.55,5.55,5.55,5.55,5.55,453724,25.18,601, -, -
HEADSUP, EQ, 08-Aug-2022,13.8,13.3,14.25,13.3,13.55,13.55,13.67,20192,2.76,172,7293,36.12
HEALTHY, EQ, 08-Aug-2022,8.19,8.25,8.4,8.12,8.16,8.16,8.21,59969,4.92,310,28827,48.07
HECPROJECT, EQ, 08-Aug-2022,30.1,31.6,31.6,28.6,28.6,28.6,29.42,13144,3.87,146,9403,71.54
HEG, EQ, 08-Aug-2022,1244.6,1252.0,1252.0,1221.0,1242.8,1238.4,1237.31,159566,1974.32,11017,43864,27.49
HEIDELBERG, EQ, 08-Aug-2022,187.5,188.7,194.8,188.2,193.3,192.8,192.91,1049939,2025.45,6851,887413,84.52
HEMIPROP, EQ, 08-Aug-2022,101.7,103.0,103.0,100.75,101.4,101.7,101.68,485475,493.65,3819,280206,57.72
HERANBA, EQ, 08-Aug-2022,584.25,587.85,587.85,573.0,576.0,574.8,577.94,38136,220.4,2089,26327,69.03
HERCULES, EQ, 08-Aug-2022,134.3,134.0,136.1,132.0,133.2,132.6,134.0,14938,20.02,427,9538,63.85
HERITGFOOD, EQ, 08-Aug-2022,292.2,296.5,316.15,295.0,300.5,299.95,300.73,190154,571.85,10241,117401,61.74
HEROMOTOCO, EQ, 08-Aug-2022,2770.7,2770.0,2793.3,2730.0,2742.0,2738.05,2748.16,675310,18558.57,38930,340228,50.38
HESTERBIO, EQ, 08-Aug-2022,2403.35,2415.4,2431.6,2400.0,2412.0,2404.1,2407.64,1698,40.88,301,1124,66.2
HEXATRADEX, EQ, 08-Aug-2022,167.9,166.25,167.9,166.25,167.5,167.0,167.03,10029,16.75,90,9564,95.36
HFCL, EQ, 08-Aug-2022,68.05,68.4,75.55,67.6,74.95,74.5,72.41,36068373,26115.85,89568,9565005,26.52
HGINFRA, EQ, 08-Aug-2022,586.05,597.75,599.3,585.0,591.85,589.35,590.94,58453,345.42,4245,30394,52
HGS, EQ, 08-Aug-2022,1326.15,1340.0,1355.0,1320.0,1332.7,1330.2,1335.4,62024,828.27,4546,30250,48.77
HIKAL, EQ, 08-Aug-2022,267.9,268.9,268.9,260.75,262.5,262.85,263.63,332373,876.23,6446,182114,54.79
HIL, EQ, 08-Aug-2022,3549.6,3554.95,3575.0,3443.1,3535.4,3533.2,3515.34,12714,446.94,3069,6134,48.25
HILTON, EQ, 08-Aug-2022,50.65,50.75,53.7,50.15,52.5,53.1,51.7,213601,110.42,1297,119633,56.01
HIMATSEIDE, EQ, 08-Aug-2022,122.1,122.45,123.75,121.1,123.3,122.95,122.57,162600,199.31,3950,95194,58.54
HINDALCO, EQ, 08-Aug-2022,410.8,414.9,422.55,414.0,421.6,421.4,419.41,7643955,32059.39,88010,1839619,24.07
HINDCOMPOS, EQ, 08-Aug-2022,276.9,274.1,279.9,272.85,279.9,279.35,277.62,2011,5.58,103,1469,73.05
HINDCON, EQ, 08-Aug-2022,61.85,63.0,68.0,59.15,64.0,64.15,63.45,20172,12.8,384,13373,66.29
HINDCOPPER, EQ, 08-Aug-2022,104.15,104.65,112.6,103.55,111.15,111.05,110.15,13647552,15033.21,55932,2267451,16.61
HINDMOTORS, BE, 08-Aug-2022,16.3,16.65,16.75,16.2,16.6,16.6,16.61,326753,54.26,2284, -, -
HINDNATGLS, BE, 08-Aug-2022,12.3,12.3,12.9,11.8,12.9,12.9,12.58,92006,11.58,233, -, -
HINDOILEXP, EQ, 08-Aug-2022,164.6,165.7,166.85,164.5,165.5,164.95,165.42,98324,162.65,2096,44041,44.79
HINDPETRO, EQ, 08-Aug-2022,250.7,243.05,245.0,235.0,238.75,239.05,238.53,15987468,38134.33,98446,7018613,43.9
HINDUNILVR, EQ, 08-Aug-2022,2645.4,2645.4,2658.0,2626.05,2650.0,2650.35,2641.07,1024511,27058.09,53720,633937,61.88
HINDWAREAP, EQ, 08-Aug-2022,331.85,339.95,339.95,328.65,332.05,332.75,334.25,36590,122.3,2509,25010,68.35
HINDZINC, EQ, 08-Aug-2022,271.9,273.6,274.0,270.3,271.05,271.4,271.77,344207,935.45,8329,182576,53.04
HIRECT, EQ, 08-Aug-2022,183.15,180.3,183.0,175.25,180.3,181.8,180.6,8087,14.6,454,3975,49.15
HISARMETAL, EQ, 08-Aug-2022,119.15,116.5,126.7,116.5,120.15,122.0,122.61,11006,13.49,307,5273,47.91
HITECH, EQ, 08-Aug-2022,532.7,543.35,543.35,526.7,532.1,535.75,538.23,14893,80.16,989,8153,54.74
HITECHCORP, EQ, 08-Aug-2022,265.55,260.0,260.0,251.7,253.85,254.75,254.33,9501,24.16,660,6420,67.57
HITECHGEAR, EQ, 08-Aug-2022,199.95,198.5,210.6,193.0,200.05,201.05,202.09,17682,35.73,833,8539,48.29
HLEGLAS, EQ, 08-Aug-2022,3697.8,3714.0,3865.0,3610.0,3790.0,3791.95,3768.38,143246,5398.06,21348,28117,19.63
HLVLTD, EQ, 08-Aug-2022,9.3,9.45,10.0,9.3,9.65,9.6,9.65,284891,27.49,561,188537,66.18
HMT, BZ, 08-Aug-2022,23.8,23.8,24.0,23.5,23.95,23.85,23.88,3192,0.76,52, -, -
HMVL, EQ, 08-Aug-2022,54.25,54.95,59.05,53.65,58.05,58.05,56.9,162068,92.22,1122,109120,67.33
HNDFDS, EQ, 08-Aug-2022,419.4,420.0,426.5,416.35,421.0,418.95,421.52,37506,158.09,2612,21230,56.6
HNGSNGBEES, EQ, 08-Aug-2022,296.56,295.22,296.0,293.16,293.5,294.25,294.18,1027,3.02,168,791,77.02
HOMEFIRST, EQ, 08-Aug-2022,836.15,838.15,839.95,799.65,810.0,806.35,815.33,67682,551.83,7982,36932,54.57
HONAUT, EQ, 08-Aug-2022,40463.45,40463.45,40998.95,40322.45,40500.0,40523.25,40686.06,1945,791.34,1336,442,22.72
HONDAPOWER, EQ, 08-Aug-2022,1604.35,1540.0,1540.0,1382.35,1475.0,1464.75,1447.91,111589,1615.71,11040,54550,48.88
HOTELRUGBY, BE, 08-Aug-2022,5.3,5.3,5.3,5.05,5.3,5.3,5.22,29610,1.55,9, -, -
HOVS, EQ, 08-Aug-2022,52.6,52.6,59.7,52.6,55.65,55.7,56.81,121914,69.26,1375,49965,40.98
HPAL, EQ, 08-Aug-2022,414.55,418.6,439.8,408.5,412.4,411.85,419.15,132822,556.73,9485,51530,38.8
HPIL, SM, 08-Aug-2022,99.0,103.95,103.95,103.0,103.6,103.6,103.6,15000,15.54,5,15000,100
HPL, EQ, 08-Aug-2022,62.5,63.3,64.2,62.8,64.1,63.75,63.43,105849,67.14,1474,64466,60.9
HSCL, EQ, 08-Aug-2022,93.65,94.15,96.2,91.15,91.85,92.15,93.1,9279753,8639.61,34482,2735971,29.48
HTMEDIA, EQ, 08-Aug-2022,20.6,20.5,20.95,19.7,20.05,20.0,20.13,757954,152.58,6647,439076,57.93
HUBTOWN, EQ, 08-Aug-2022,78.8,81.5,86.65,76.2,86.65,86.65,83.53,1016400,848.96,7935,469748,46.22
HUDCO, EQ, 08-Aug-2022,37.3,37.4,37.85,37.25,37.55,37.45,37.53,1321606,496.0,3899,597928,45.24
HUDCO, N2, 08-Aug-2022,1180.0,1180.0,1180.0,1143.0,1149.0,1149.0,1159.08,351,4.07,10,300,85.47
HUDCO, N5, 08-Aug-2022,1150.0,1127.25,1154.0,1127.25,1131.5,1131.5,1138.95,125,1.42,4,50,40
HUDCO, N6, 08-Aug-2022,1032.15,1088.79,1088.79,1088.79,1088.79,1088.79,1088.79,2,0.02,1,2,100
HUDCO, N7, 08-Aug-2022,1129.0,1096.05,1101.0,1096.0,1101.0,1101.0,1098.33,56,0.62,6,30,53.57
HUDCO, N8, 08-Aug-2022,1195.0,1195.0,1195.0,1195.0,1195.0,1195.0,1195.0,1,0.01,1,1,100
HUDCO, N9, 08-Aug-2022,1197.7,1197.0,1197.0,1195.0,1195.0,1195.0,1195.33,9,0.11,4,6,66.67
HUDCO, ND, 08-Aug-2022,1245.08,1250.0,1250.0,1247.0,1247.9,1248.24,1248.26,426,5.32,16,416,97.65
HUDCO, NE, 08-Aug-2022,1393.0,1365.1,1380.0,1365.1,1380.0,1380.0,1379.24,21,0.29,3,20,95.24
HUHTAMAKI, EQ, 08-Aug-2022,192.7,192.0,196.4,189.15,190.35,190.4,191.14,111428,212.98,2310,86515,77.64
IBMFNIFTY, EQ, 08-Aug-2022,181.22,182.5,184.4,176.5,180.85,181.6,181.18,819,1.48,118,576,70.33
IBREALEST, EQ, 08-Aug-2022,71.85,71.6,73.0,71.3,71.5,71.55,72.06,3512117,2530.94,11812,1148377,32.7
IBUCCREDIT, N7, 08-Aug-2022,975.0,975.01,975.01,975.0,975.0,975.0,975.0,36,0.35,3,36,100
IBUCCREDIT, N9, 08-Aug-2022,1025.8,1027.8,1027.8,1027.8,1027.8,1027.8,1027.8,20,0.21,1,20,100
IBULHSGFIN, EQ, 08-Aug-2022,123.7,124.05,125.75,122.5,124.75,124.85,124.44,8785348,10932.24,35825,1487694,16.93
IBULHSGFIN, N8, 08-Aug-2022,913.1,969.0,970.0,969.0,970.0,970.0,969.91,107,1.04,4,107,100
IBULHSGFIN, NA, 08-Aug-2022,950.0,950.0,955.0,950.0,955.0,955.0,950.58,260,2.47,3,260,100
IBULHSGFIN, NE, 08-Aug-2022,941.0,950.0,950.0,950.0,950.0,950.0,950.0,9,0.09,1,9,100
IBULHSGFIN, NL, 08-Aug-2022,985.5,986.0,986.0,986.0,986.0,986.0,986.0,21,0.21,2,21,100
IBULHSGFIN, NQ, 08-Aug-2022,958.0,961.9,961.9,960.0,960.0,960.0,960.95,4,0.04,2,2,50
IBULHSGFIN, YK, 08-Aug-2022,901.0,920.0,920.0,920.0,920.0,920.0,920.0,100,0.92,1,100,100
IBULHSGFIN, YP, 08-Aug-2022,980.0,910.0,910.0,910.0,910.0,910.0,910.0,100,0.91,1,100,100
ICDSLTD, BE, 08-Aug-2022,37.25,36.95,39.1,35.55,37.25,37.25,36.73,2418,0.89,68, -, -
ICEMAKE, EQ, 08-Aug-2022,150.3,150.9,165.3,149.65,165.3,165.3,162.27,110813,179.82,1085,74021,66.8
ICICI500, EQ, 08-Aug-2022,24.84,24.84,25.1,24.8,25.07,24.98,24.99,75568,18.89,756,40814,54.01
ICICI5GSEC, EQ, 08-Aug-2022,50.01,49.85,50.94,49.85,49.92,49.92,50.03,249,0.12,10,248,99.6
ICICIALPLV, EQ, 08-Aug-2022,168.74,168.74,170.0,168.43,169.73,169.39,169.38,35162,59.56,855,32323,91.93
ICICIAUTO, EQ, 08-Aug-2022,129.5,129.8,130.91,129.8,130.75,130.42,130.38,12760,16.64,147,8968,70.28
ICICIB22, EQ, 08-Aug-2022,50.76,49.45,51.24,49.45,51.19,51.18,51.02,145218,74.1,1676,128925,88.78
ICICIBANK, EQ, 08-Aug-2022,838.2,836.6,842.3,831.15,837.2,836.95,836.46,12142951,101571.39,141151,7607407,62.65
ICICIBANKN, EQ, 08-Aug-2022,379.09,382.0,383.31,377.53,382.61,383.02,382.15,7148,27.32,217,4048,56.63
ICICIBANKP, EQ, 08-Aug-2022,190.3,192.88,193.5,190.91,192.75,192.88,192.74,14792,28.51,246,9393,63.5
ICICICONSU, EQ, 08-Aug-2022,77.36,77.42,77.83,77.35,77.63,77.59,77.57,1248,0.97,23,968,77.56
ICICIFMCG, EQ, 08-Aug-2022,438.33,434.03,441.96,434.03,438.0,438.33,437.46,2478,10.84,165,1231,49.68
ICICIGI, EQ, 08-Aug-2022,1199.85,1205.8,1218.0,1184.1,1212.0,1214.1,1199.88,589736,7076.11,45390,387809,65.76
ICICIGOLD, EQ, 08-Aug-2022,45.65,45.79,45.91,45.41,45.71,45.87,45.86,1632555,748.74,8623,1538568,94.24
ICICILIQ, EQ, 08-Aug-2022,1000.03,1003.48,1003.48,999.93,999.99,999.99,1000.01,220429,2204.32,764,194296,88.14
ICICILOVOL, EQ, 08-Aug-2022,140.72,141.75,141.75,138.75,141.4,141.32,141.25,84841,119.84,1873,77428,91.26
ICICIM150, EQ, 08-Aug-2022,116.21,116.4,117.33,115.22,116.95,116.48,116.25,41166,47.86,1245,29524,71.72
ICICIMCAP, EQ, 08-Aug-2022,102.72,103.6,103.95,101.2,103.15,102.82,103.01,20969,21.6,300,11427,54.49
ICICINF100, EQ, 08-Aug-2022,192.94,192.95,194.94,191.0,194.37,194.25,193.92,9962,19.32,1102,7899,79.29
ICICINIFTY, EQ, 08-Aug-2022,188.33,188.66,190.0,187.5,189.99,189.85,189.38,200398,379.51,12064,142611,71.16
ICICINV20, EQ, 08-Aug-2022,96.16,100.0,100.0,91.0,96.47,96.52,96.37,25516,24.59,1886,16002,62.71
ICICINXT50, EQ, 08-Aug-2022,42.92,43.5,43.5,39.4,43.1,43.08,43.02,54231,23.33,1874,37303,68.79
ICICIPHARM, EQ, 08-Aug-2022,81.67,81.67,82.24,81.5,81.69,81.89,82.01,44769,36.71,129,42418,94.75
ICICIPRULI, EQ, 08-Aug-2022,582.1,582.05,584.65,566.15,567.5,569.85,574.65,1347055,7740.81,40200,594544,44.14
ICICISENSX, EQ, 08-Aug-2022,638.9,637.0,647.0,637.0,643.99,644.71,643.85,3230,20.8,193,1375,42.57
ICICISILVE, EQ, 08-Aug-2022,59.19,59.1,59.88,58.71,59.65,59.67,59.65,1341651,800.33,857,1317110,98.17
ICICITECH, EQ, 08-Aug-2022,309.65,304.02,312.89,304.02,309.9,309.55,308.91,39505,122.03,628,24534,62.1
ICIL, EQ, 08-Aug-2022,144.6,145.1,147.6,143.1,145.9,145.4,145.61,328474,478.28,5403,111386,33.91
ICRA, EQ, 08-Aug-2022,3836.1,3836.1,3881.05,3825.05,3873.0,3850.15,3850.11,11069,426.17,287,10825,97.8
IDBI, EQ, 08-Aug-2022,40.75,40.75,41.9,40.2,40.9,40.9,41.09,9270982,3809.43,16689,2426336,26.17
IDBIGOLD, EQ, 08-Aug-2022,4776.45,4702.5,4799.95,4672.0,4783.75,4774.35,4730.0,412,19.49,115,209,50.73
IDEA, EQ, 08-Aug-2022,8.75,8.75,8.8,8.6,8.7,8.65,8.69,52044923,4522.98,124125,26597844,51.11
IDFC, EQ, 08-Aug-2022,60.45,60.3,61.75,60.15,61.25,61.2,61.18,5930703,3628.17,14301,2291369,38.64
IDFCFIRSTB, EQ, 08-Aug-2022,43.4,43.4,45.1,43.3,44.75,44.65,44.51,60159041,26774.79,75329,27419044,45.58
IDFNIFTYET, EQ, 08-Aug-2022,185.17,193.89,209.5,184.3,185.93,186.04,206.0,5674,11.69,32,5386,94.92
IEX, EQ, 08-Aug-2022,165.5,166.0,166.5,165.0,166.25,165.9,166.01,3696675,6136.86,39210,1558213,42.15
IFBAGRO, EQ, 08-Aug-2022,580.8,589.45,592.05,580.95,581.0,584.3,587.56,5652,33.21,643,2434,43.06
IFBIND, EQ, 08-Aug-2022,1016.4,1025.05,1030.0,1003.25,1019.0,1024.05,1017.21,12930,131.53,2198,7055,54.56
IFCI, EQ, 08-Aug-2022,10.4,10.45,10.5,10.25,10.35,10.35,10.35,3081811,318.86,4014,1440579,46.74
IFCI, NL, 08-Aug-2022,1060.0,1060.0,1060.0,1060.0,1060.0,1060.0,1060.0,20,0.21,2,20,100
IFGLEXPOR, EQ, 08-Aug-2022,281.1,283.55,285.0,269.0,270.0,270.1,274.54,36520,100.26,1418,23037,63.08
IGARASHI, EQ, 08-Aug-2022,347.95,349.7,357.9,348.8,349.5,350.65,352.03,21456,75.53,1206,12225,56.98
IGL, EQ, 08-Aug-2022,353.15,353.15,360.5,353.15,358.8,358.75,358.5,2544769,9122.93,38899,1068490,41.99
IGPL, EQ, 08-Aug-2022,628.5,631.4,636.7,625.05,627.65,629.9,630.89,33710,212.67,2154,24447,72.52
IIFCL, N2, 08-Aug-2022,1081.1,1082.1,1085.0,1082.1,1085.0,1085.0,1083.45,250,2.71,4,225,90
IIFCL, N4, 08-Aug-2022,1330.0,1330.1,1333.0,1327.95,1327.95,1328.68,1329.7,115,1.53,11,105,91.3
IIFL, EQ, 08-Aug-2022,332.0,329.0,337.0,326.3,336.4,335.5,332.48,560344,1863.03,17604,351113,62.66
IIFL, N4, 08-Aug-2022,1015.08,1016.0,1021.5,1008.08,1021.5,1021.5,1015.28,643,6.53,18,643,100
IIFL, N5, 08-Aug-2022,1050.0,1050.0,1050.0,1040.0,1049.0,1049.0,1048.97,388,4.07,14,388,100
IIFL, N6, 08-Aug-2022,1030.0,1020.0,1020.0,1020.0,1020.0,1020.0,1020.0,138,1.41,5,138,100
IIFL, N7, 08-Aug-2022,1035.0,1093.0,1093.0,1021.0,1021.0,1021.0,1086.51,1026,11.15,13,1006,98.05
IIFL, N9, 08-Aug-2022,1009.0,1009.0,1010.0,1009.0,1010.0,1010.0,1009.84,184,1.86,3,184,100
IIFL, NA, 08-Aug-2022,1316.0,1319.0,1319.0,1319.0,1319.0,1319.0,1319.0,50,0.66,1,50,100
IIFL, NE, 08-Aug-2022,1000.0,1000.0,1000.0,1000.0,1000.0,1000.0,1000.0,51,0.51,5,51,100
IIFL, NF, 08-Aug-2022,992.65,998.45,999.0,992.0,995.0,995.0,993.34,676,6.71,18,675,99.85
IIFL, NG, 08-Aug-2022,991.0,960.0,995.0,956.0,995.0,995.0,975.92,49,0.48,4,34,69.39
IIFL, NH, 08-Aug-2022,1034.0,1031.2,1031.2,1031.2,1031.2,1031.2,1031.2,1,0.01,1,1,100
IIFL, NI, 08-Aug-2022,1019.2,1021.55,1021.55,1021.55,1021.55,1021.55,1021.55,10,0.1,1,10,100
IIFL, NL, 08-Aug-2022,951.32,959.0,960.1,950.25,960.0,960.0,958.18,1246,11.94,23,1136,91.17
IIFLSEC, EQ, 08-Aug-2022,68.45,69.5,69.5,67.55,68.05,68.05,68.46,186717,127.83,3586,80492,43.11
IIFLWAM, EQ, 08-Aug-2022,1657.1,1657.1,1659.0,1636.25,1643.15,1642.15,1648.82,32654,538.41,3254,26055,79.79
IIHFL, N4, 08-Aug-2022,980.0,980.0,980.0,979.2,979.2,979.2,979.74,155,1.52,3,155,100
IIHFL, N5, 08-Aug-2022,986.18,987.0,989.9,987.0,988.7,988.7,988.28,2658,26.27,49,2337,87.92
IIHFL, N9, 08-Aug-2022,930.0,931.0,937.1,931.0,937.1,937.1,936.75,108,1.01,5,108,100
IIHFL, NA, 08-Aug-2022,973.0,969.0,969.0,969.0,969.0,969.0,969.0,90,0.87,1,90,100
IIHFL, NC, 08-Aug-2022,918.0,917.0,959.0,917.0,957.5,957.5,957.94,751,7.19,7,751,100
IITL, EQ, 08-Aug-2022,74.65,79.75,79.8,68.3,76.4,75.0,72.64,1673,1.22,60,959,57.32
IL&FSENGG, BZ, 08-Aug-2022,11.1,11.1,11.65,10.85,10.85,11.05,11.44,29657,3.39,69, -, -
IL&FSTRANS, BZ, 08-Aug-2022,4.0,4.15,4.15,4.0,4.0,4.05,4.06,106321,4.32,93, -, -
IMAGICAA, EQ, 08-Aug-2022,23.0,23.9,23.9,22.5,22.9,22.8,23.19,764158,177.24,1957,521655,68.27
IMFA, EQ, 08-Aug-2022,278.6,278.6,287.0,277.3,284.75,285.7,283.06,48768,138.04,2473,20643,42.33
IMPAL, EQ, 08-Aug-2022,743.05,743.1,758.0,743.1,752.0,751.35,750.7,2073,15.56,273,1545,74.53
IMPEXFERRO, BE, 08-Aug-2022,6.05,6.3,6.35,6.05,6.35,6.35,6.3,307187,19.36,397, -, -
INCREDIBLE, EQ, 08-Aug-2022,24.5,25.4,25.4,23.8,24.25,24.25,24.45,23147,5.66,217,12637,54.59
INDBANK, EQ, 08-Aug-2022,24.7,24.4,26.0,23.75,24.5,24.75,25.21,1837362,463.18,5128,716667,39.01
INDHOTEL, EQ, 08-Aug-2022,269.8,271.25,272.7,266.85,271.2,270.85,269.81,6028420,16265.01,43094,3026924,50.21
INDIACEM, EQ, 08-Aug-2022,190.3,190.0,197.2,188.95,196.5,195.8,193.92,2534684,4915.17,17804,614776,24.25
INDIAGLYCO, EQ, 08-Aug-2022,839.65,839.0,842.0,815.5,819.0,818.45,826.03,78557,648.9,5010,41214,52.46
INDIAMART, EQ, 08-Aug-2022,4573.6,4549.95,4632.0,4473.0,4484.0,4489.7,4569.32,230516,10533.0,21031,46718,20.27
INDIANB, EQ, 08-Aug-2022,174.55,175.1,177.25,173.35,173.4,174.05,175.04,618143,1081.98,6997,202238,32.72
INDIANCARD, EQ, 08-Aug-2022,229.65,230.85,234.85,227.3,230.4,231.4,231.26,6167,14.26,238,4457,72.27
INDIANHUME, EQ, 08-Aug-2022,148.65,150.0,151.85,149.1,150.5,150.2,150.51,20096,30.25,626,11386,56.66
INDIGO, EQ, 08-Aug-2022,2080.9,2085.0,2085.0,2055.25,2062.2,2067.2,2068.59,511464,10580.11,26401,92468,18.08
INDIGOPNTS, EQ, 08-Aug-2022,1564.7,1500.25,1559.95,1500.25,1530.0,1528.45,1532.86,51537,789.99,7351,16478,31.97
INDIGRID, IV, 08-Aug-2022,141.77,142.3,143.3,140.72,143.19,142.21,142.04,268447,381.29,776,256662,95.61
INDIGRID, NB, 08-Aug-2022,1000.0,1015.0,1015.0,1015.0,1015.0,1015.0,1015.0,100,1.02,1,100,100
INDIGRID, ND, 08-Aug-2022,1010.0,1010.0,1015.0,1010.0,1015.0,1015.0,1014.83,29,0.29,3,28,96.55
INDIGRID, NJ, 08-Aug-2022,1041.99,1042.0,1042.0,1040.0,1040.0,1040.0,1041.23,130,1.35,3,130,100
INDIGRID, NL, 08-Aug-2022,1026.0,1027.0,1030.9,1027.0,1030.9,1030.9,1027.34,115,1.18,5,105,91.3
INDLMETER, BE, 08-Aug-2022,8.4,8.65,8.65,8.0,8.25,8.25,8.14,47860,3.9,208, -, -
INDNIPPON, EQ, 08-Aug-2022,426.95,434.0,434.0,418.9,424.0,424.35,425.28,12302,52.32,753,6782,55.13
INDOAMIN, EQ, 08-Aug-2022,95.05,95.1,102.85,93.05,96.5,97.45,97.77,36743,35.92,1097,22270,60.61
INDOBORAX, EQ, 08-Aug-2022,124.2,126.5,126.5,122.3,124.0,122.75,123.33,13934,17.18,353,7238,51.94
INDOCO, EQ, 08-Aug-2022,392.75,394.7,401.7,392.0,396.0,395.1,397.24,38663,153.58,3318,18070,46.74
INDORAMA, EQ, 08-Aug-2022,62.1,61.5,62.1,60.5,60.85,60.65,61.18,128961,78.9,1290,86071,66.74
INDOSTAR, EQ, 08-Aug-2022,137.55,126.0,132.35,123.8,129.0,126.9,126.73,414033,524.69,5383,156824,37.88
INDOTECH, EQ, 08-Aug-2022,208.05,205.05,211.0,203.0,205.0,205.55,205.94,8823,18.17,304,4778,54.15
INDOTHAI, EQ, 08-Aug-2022,170.55,175.35,175.35,170.55,173.8,173.8,172.99,1667,2.88,58,1060,63.59
INDOWIND, BE, 08-Aug-2022,14.75,14.85,15.2,14.5,14.95,14.9,14.87,99277,14.76,850, -, -
INDRAMEDCO, EQ, 08-Aug-2022,62.7,63.0,64.0,61.95,63.6,62.85,62.87,140168,88.13,1941,62141,44.33
INDSWFTLAB, EQ, 08-Aug-2022,61.05,61.3,61.9,60.0,60.6,60.35,61.02,24522,14.96,485,12586,51.33
INDSWFTLTD, EQ, 08-Aug-2022,10.15,10.0,10.5,9.7,10.5,10.3,10.18,26220,2.67,160,12908,49.23
INDTERRAIN, EQ, 08-Aug-2022,51.9,52.5,52.8,50.4,50.85,51.0,51.35,86555,44.45,2486,47585,54.98
INDUSINDBK, EQ, 08-Aug-2022,1036.3,1036.3,1057.7,1033.7,1052.0,1050.2,1050.03,2057991,21609.47,55356,620354,30.14
INDUSTOWER, EQ, 08-Aug-2022,200.2,201.0,201.5,198.2,199.75,199.75,199.63,2352124,4695.56,27872,1078342,45.85
INEOSSTYRO, EQ, 08-Aug-2022,818.9,822.95,839.8,817.55,835.25,835.05,830.67,101833,845.9,5294,71034,69.76
INFIBEAM, EQ, 08-Aug-2022,15.75,15.8,15.9,15.1,15.25,15.2,15.49,3070491,475.71,6647,1594729,51.94
INFOBEAN, EQ, 08-Aug-2022,704.65,706.0,733.7,706.0,722.9,724.5,723.03,28296,204.59,3023,12928,45.69
INFRABEES, EQ, 08-Aug-2022,516.19,519.0,519.81,512.2,518.0,518.08,517.48,1776,9.19,143,1007,56.7
INFY, EQ, 08-Aug-2022,1616.65,1617.0,1622.0,1596.0,1617.05,1619.4,1609.77,3763409,60582.39,169613,2112134,56.12
INGERRAND, EQ, 08-Aug-2022,1675.5,1685.95,1694.0,1675.0,1686.0,1686.25,1682.81,8454,142.27,1645,5681,67.2
INNOVANA, SM, 08-Aug-2022,280.35,294.35,294.35,270.0,270.0,293.85,293.84,143000,420.19,7,143000,100
INNOVATIVE, ST, 08-Aug-2022,3.4,3.25,3.25,3.25,3.25,3.25,3.25,3000,0.1,1,3000,100
INOXLEISUR, EQ, 08-Aug-2022,586.85,589.0,591.15,582.6,589.35,588.85,587.15,356462,2092.97,16790,150842,42.32
INOXWIND, EQ, 08-Aug-2022,104.1,104.8,108.65,102.5,102.9,103.25,105.2,718485,755.82,6941,391198,54.45
INSECTICID, EQ, 08-Aug-2022,1018.85,1023.95,1023.95,1000.0,1000.0,1001.65,1007.81,31803,320.51,7939,7620,23.96
INSPIRISYS, BE, 08-Aug-2022,57.85,60.7,60.7,60.0,60.0,60.6,60.64,6310,3.83,33, -, -
INTELLECT, EQ, 08-Aug-2022,611.2,612.0,617.6,598.5,614.75,614.3,606.7,489918,2972.34,15912,181871,37.12
INTENTECH, EQ, 08-Aug-2022,70.8,68.55,71.8,68.35,68.95,68.9,69.59,44685,31.1,768,27009,60.44
INTLCONV, EQ, 08-Aug-2022,58.65,58.0,59.8,58.0,59.15,58.95,58.86,34144,20.1,788,19151,56.09
INVENTURE, EQ, 08-Aug-2022,2.9,2.95,2.95,2.8,2.85,2.85,2.88,1728627,49.72,1607,1146043,66.3
IOB, EQ, 08-Aug-2022,17.8,18.2,18.2,17.75,17.8,17.8,17.93,2668838,478.45,6759,1206392,45.2
IOC, EQ, 08-Aug-2022,73.1,73.1,73.75,72.4,73.35,73.35,73.2,16091607,11778.59,66650,7443459,46.26
IOLCP, EQ, 08-Aug-2022,362.15,363.75,364.25,354.5,356.8,355.6,358.3,121483,435.27,4695,51343,42.26
IONEXCHANG, EQ, 08-Aug-2022,1799.1,1800.0,1819.8,1741.25,1755.0,1752.35,1774.59,17834,316.48,2736,11102,62.25
IPCALAB, EQ, 08-Aug-2022,1012.45,1019.0,1019.0,1002.45,1009.55,1012.75,1009.34,89624,904.61,5987,31640,35.3
IPL, EQ, 08-Aug-2022,278.85,280.0,286.5,280.0,286.0,285.0,284.06,321157,912.28,6839,232712,72.46
IRB, EQ, 08-Aug-2022,250.75,265.0,270.0,254.1,264.5,267.25,262.35,8725070,22890.55,66205,2732856,31.32
IRBINVIT, IV, 08-Aug-2022,54.2,54.3,54.72,54.21,54.62,54.65,54.44,428814,233.44,2013,405528,94.57
IRCON, EQ, 08-Aug-2022,39.25,39.25,39.55,39.25,39.45,39.4,39.42,639588,252.11,3113,380644,59.51
IRCTC, EQ, 08-Aug-2022,642.35,643.0,661.0,642.4,660.9,658.5,654.23,3886443,25426.39,77777,1017980,26.19
IREDA, N2, 08-Aug-2022,1179.1,1179.1,1179.1,1179.1,1179.1,1179.1,1179.1,1,0.01,1,1,100
IREDA, N5, 08-Aug-2022,1225.1,1344.99,1344.99,1344.99,1344.99,1344.99,1344.99,20,0.27,1,20,100
IREDA, N7, 08-Aug-2022,1197.99,1185.0,1185.0,1175.5,1175.5,1177.14,1177.14,25,0.29,4,25,100
IRFC, EQ, 08-Aug-2022,21.25,21.25,21.45,21.2,21.4,21.35,21.33,2242450,478.41,6298,1226773,54.71
IRFC, N2, 08-Aug-2022,1169.85,1172.0,1172.0,1171.0,1172.0,1172.0,1171.7,1219,14.28,14,1219,100
IRFC, N6, 08-Aug-2022,1096.0,1121.1,1121.1,1121.1,1121.1,1121.1,1121.1,30,0.34,1,30,100
IRFC, N8, 08-Aug-2022,1210.0,1249.99,1312.0,1249.99,1312.0,1312.0,1281.0,2,0.03,2,2,100
IRFC, N9, 08-Aug-2022,1066.01,1070.0,1070.0,1070.0,1070.0,1070.0,1070.0,100,1.07,2,100,100
IRFC, NA, 08-Aug-2022,1206.99,1207.0,1293.75,1207.0,1212.0,1212.0,1209.0,255,3.08,8,252,98.82
IRFC, NB, 08-Aug-2022,1063.1,1100.0,1100.0,1100.0,1100.0,1100.0,1100.0,100,1.1,1,100,100
IRFC, ND, 08-Aug-2022,1555.0,1244.0,1244.0,1244.0,1244.0,1244.0,1244.0,3,0.04,2,3,100
IRFC, NE, 08-Aug-2022,1240.0,1245.0,1245.0,1245.0,1245.0,1245.0,1245.0,6,0.07,3,6,100
IRFC, NI, 08-Aug-2022,1120.99,1114.0,1114.0,1114.0,1114.0,1114.0,1114.0,10,0.11,1,10,100
IRFC, NJ, 08-Aug-2022,1186.43,1190.0,1191.0,1182.1,1182.1,1187.31,1189.46,2404,28.59,14,2404,100
IRFC, NK, 08-Aug-2022,1259.0,1242.5,1242.5,1242.5,1242.5,1242.5,1242.5,51,0.63,2,51,100
IRFC, NN, 08-Aug-2022,1105.01,1101.21,1101.21,1101.21,1101.21,1101.21,1101.21,10,0.11,1,10,100
IRFC, NO, 08-Aug-2022,1200.0,1200.0,1200.0,1196.0,1196.0,1196.0,1198.98,225,2.7,8,190,84.44
IRIS, EQ, 08-Aug-2022,81.95,82.7,95.0,82.35,92.65,94.2,92.84,160876,149.36,2307,56090,34.87
IRISDOREME, EQ, 08-Aug-2022,186.55,187.95,188.0,185.0,185.5,185.6,186.69,9766,18.23,117,471,4.82
ISEC, EQ, 08-Aug-2022,488.8,489.0,492.75,482.5,486.0,485.25,487.1,172967,842.52,8474,102422,59.21
ISFT, EQ, 08-Aug-2022,178.45,181.95,182.05,178.5,182.0,181.8,180.51,6317,11.4,260,4063,64.32
ISGEC, EQ, 08-Aug-2022,460.05,470.0,480.0,456.0,457.0,458.15,461.15,23034,106.22,2116,13973,60.66
ISMTLTD, EQ, 08-Aug-2022,58.45,58.75,58.8,55.75,55.75,56.0,56.81,101187,57.49,744,74145,73.28
ITBEES, EQ, 08-Aug-2022,31.03,31.25,31.25,30.72,31.0,30.98,30.81,5268005,1623.06,9377,4339217,82.37
ITC, EQ, 08-Aug-2022,310.85,310.95,313.95,310.05,313.0,313.15,312.65,8307140,25972.44,107521,4956847,59.67
ITDC, EQ, 08-Aug-2022,324.85,326.45,335.15,321.8,329.3,328.3,330.14,38159,125.98,1453,11306,29.63
ITDCEM, EQ, 08-Aug-2022,86.35,86.75,88.0,84.75,85.5,85.6,86.46,654222,565.64,5883,370464,56.63
ITI, EQ, 08-Aug-2022,117.3,117.8,120.05,116.7,117.95,117.2,117.76,794620,935.74,7654,155795,19.61
IVC, EQ, 08-Aug-2022,6.85,6.9,7.0,6.75,6.8,6.75,6.8,218027,14.82,414,154614,70.92
IVP, EQ, 08-Aug-2022,147.0,148.0,150.65,146.35,147.9,148.4,148.14,16068,23.8,482,10550,65.66
IVZINGOLD, EQ, 08-Aug-2022,4669.4,4600.0,4763.95,4562.0,4630.0,4628.95,4615.17,70,3.23,35,35,50
IVZINNIFTY, EQ, 08-Aug-2022,1914.65,1900.0,1930.0,1890.0,1930.0,1930.0,1921.62,15,0.29,7,12,80
IWEL, EQ, 08-Aug-2022,534.0,527.0,554.1,512.65,513.65,525.95,530.52,1093,5.8,105,655,59.93
IZMO, EQ, 08-Aug-2022,73.2,74.5,74.5,73.25,73.35,73.55,73.75,12101,8.92,209,6635,54.83
J&KBANK, EQ, 08-Aug-2022,30.8,30.85,31.15,30.5,30.65,30.65,30.77,643595,198.02,1690,348946,54.22
JAGRAN, EQ, 08-Aug-2022,57.85,60.1,67.0,60.0,62.75,62.6,63.8,2878082,1836.08,17692,868957,30.19
JAGSNPHARM, EQ, 08-Aug-2022,345.65,348.5,358.85,345.15,347.0,346.55,351.72,41893,147.34,3072,17844,42.59
JAIBALAJI, EQ, 08-Aug-2022,45.95,46.9,47.0,45.25,45.3,45.5,45.85,13593,6.23,160,11444,84.19
JAICORPLTD, EQ, 08-Aug-2022,121.9,122.05,123.8,121.5,122.2,122.4,122.56,835088,1023.52,7156,165330,19.8
JAIPURKURT, EQ, 08-Aug-2022,59.6,60.0,60.5,57.3,58.15,58.2,58.65,3330,1.95,71,2470,74.17
JAMNAAUTO, EQ, 08-Aug-2022,122.05,122.9,127.25,122.1,125.55,125.75,125.37,1583526,1985.32,10955,756533,47.78
JASH, EQ, 08-Aug-2022,700.05,700.0,700.0,685.0,685.0,685.45,687.19,3991,27.43,295,2376,59.53
JAYAGROGN, EQ, 08-Aug-2022,214.4,215.45,216.95,209.55,213.65,213.4,213.54,49888,106.53,1069,37914,76
JAYBARMARU, EQ, 08-Aug-2022,162.05,163.7,165.45,159.8,160.5,160.9,162.06,31431,50.94,842,16155,51.4
JAYNECOIND, EQ, 08-Aug-2022,23.6,23.6,27.0,23.55,24.8,24.9,24.76,344533,85.32,1895,217722,63.19
JAYSREETEA, EQ, 08-Aug-2022,88.45,88.45,89.75,87.3,87.5,88.0,88.55,24324,21.54,643,11862,48.77
JBCHEPHARM, EQ, 08-Aug-2022,1852.8,1848.0,1877.0,1814.8,1864.5,1861.4,1857.66,75274,1398.34,10921,44114,58.6
JBFIND, BE, 08-Aug-2022,12.7,12.65,12.8,12.15,12.3,12.35,12.49,41436,5.18,147, -, -
JBMA, EQ, 08-Aug-2022,411.2,419.0,431.75,413.55,428.1,429.65,425.15,113315,481.75,2816,81646,72.05
JCHAC, EQ, 08-Aug-2022,1517.15,1524.75,1541.0,1500.0,1539.95,1530.0,1524.29,6786,103.44,845,5036,74.21
JETAIRWAYS, BZ, 08-Aug-2022,103.3,104.4,105.25,103.2,104.35,104.1,104.04,42095,43.79,734, -, -
JETFREIGHT, EQ, 08-Aug-2022,25.1,25.1,25.95,24.45,24.8,24.6,25.2,11402,2.87,155,5026,44.08
JHS, EQ, 08-Aug-2022,22.8,23.0,23.4,22.55,23.2,23.05,23.08,107308,24.77,448,70971,66.14
JIKIND, BZ, 08-Aug-2022,0.5,0.5,0.55,0.5,0.55,0.55,0.52,7963,0.04,13, -, -
JINDALPHOT, EQ, 08-Aug-2022,216.1,216.1,219.65,214.6,219.0,217.35,217.01,6869,14.91,444,3463,50.41
JINDALPOLY, EQ, 08-Aug-2022,1069.3,1072.0,1080.0,1059.95,1067.0,1066.8,1068.71,35118,375.31,2672,21522,61.28
JINDALSAW, EQ, 08-Aug-2022,86.55,85.7,85.7,82.65,83.8,83.65,83.85,1082300,907.53,10247,483045,44.63
JINDALSTEL, EQ, 08-Aug-2022,392.8,393.0,398.9,390.0,392.45,392.15,393.99,3259631,12842.72,31293,481520,14.77
JINDCOT, BZ, 08-Aug-2022,2.6,2.6,2.6,2.5,2.5,2.5,2.52,8804,0.22,37, -, -
JINDRILL, EQ, 08-Aug-2022,211.7,219.85,219.85,211.8,212.9,212.5,213.03,90179,192.11,2248,63194,70.08
JINDWORLD, EQ, 08-Aug-2022,206.4,209.5,215.0,205.8,212.0,212.65,212.19,23720,50.33,637,17321,73.02
JISLDVREQS, EQ, 08-Aug-2022,19.75,19.75,20.5,19.25,20.1,19.95,19.83,12580,2.49,98,9760,77.58
JISLJALEQS, EQ, 08-Aug-2022,34.9,35.0,35.35,34.75,35.0,34.8,34.93,1052449,367.62,2251,715273,67.96
JITFINFRA, BE, 08-Aug-2022,168.85,170.0,176.7,168.0,176.0,175.1,173.19,60071,104.04,331, -, -
JKCEMENT, EQ, 08-Aug-2022,2621.95,2616.05,2655.0,2584.0,2600.0,2598.05,2615.66,79657,2083.56,7084,11743,14.74
JKIL, EQ, 08-Aug-2022,307.95,307.95,312.75,296.6,303.7,306.35,304.34,466323,1419.19,13118,184854,39.64
JKLAKSHMI, EQ, 08-Aug-2022,464.35,465.5,474.5,463.6,472.6,473.3,471.66,297694,1404.1,8201,174262,58.54
JKPAPER, EQ, 08-Aug-2022,382.05,383.3,393.8,375.05,393.0,388.9,383.65,2002086,7681.02,26468,623738,31.15
JKTYRE, EQ, 08-Aug-2022,129.05,128.8,132.8,128.0,129.1,129.35,130.68,1334596,1744.07,11567,282440,21.16
JMA, EQ, 08-Aug-2022,69.7,69.7,71.05,69.5,70.05,69.9,70.0,7732,5.41,140,5306,68.62
JMCPROJECT, EQ, 08-Aug-2022,84.55,85.7,86.5,83.5,85.5,85.85,85.07,126193,107.36,1611,86565,68.6
JMFINANCIL, EQ, 08-Aug-2022,61.35,61.85,62.05,61.3,61.75,61.55,61.61,424723,261.67,2710,267394,62.96
JNPT, N1, 08-Aug-2022,1020.7,1011.1,1011.1,1011.1,1011.1,1011.1,1011.1,120,1.21,3,60,50
JOCIL, EQ, 08-Aug-2022,177.6,175.35,181.3,175.35,180.95,180.1,180.01,9487,17.08,170,7904,83.31
JPASSOCIAT, EQ, 08-Aug-2022,8.0,8.1,8.4,8.05,8.3,8.2,8.2,9955936,816.68,7245,5324116,53.48
JPINFRATEC, BE, 08-Aug-2022,2.25,2.3,2.3,2.2,2.3,2.25,2.26,1061852,24.0,839, -, -
JPOLYINVST, EQ, 08-Aug-2022,297.0,297.0,306.85,295.0,296.25,297.95,298.46,6665,19.89,250,3778,56.68
JPPOWER, EQ, 08-Aug-2022,7.65,7.75,8.25,7.7,8.05,8.1,8.02,115808694,9285.44,39965,46208533,39.9
JSL, EQ, 08-Aug-2022,116.7,117.0,121.0,115.6,119.7,120.15,119.2,1605459,1913.64,11526,794056,49.46
JSLHISAR, EQ, 08-Aug-2022,224.25,225.5,229.6,222.0,228.0,228.2,226.12,96810,218.91,3628,43812,45.26
JSLL, SM, 08-Aug-2022,165.0,160.0,160.5,160.0,160.5,160.5,160.25,2000,3.21,2,2000,100
JSWENERGY, EQ, 08-Aug-2022,285.8,287.2,317.0,284.1,314.5,311.65,305.4,8528443,26045.76,92863,1791108,21
JSWHL, EQ, 08-Aug-2022,3460.7,3500.0,3579.0,3460.3,3503.0,3498.2,3516.05,301,10.58,112,207,68.77
JSWISPL, EQ, 08-Aug-2022,28.5,28.5,28.9,28.25,28.5,28.45,28.5,989328,281.96,2035,545763,55.17
JSWSTEEL, EQ, 08-Aug-2022,667.15,670.5,676.0,662.45,670.2,669.2,669.05,2446698,16369.53,42025,427688,17.48
JTEKTINDIA, EQ, 08-Aug-2022,84.15,84.15,89.8,82.7,82.8,83.1,86.34,1550844,1338.95,16369,350743,22.62
JTLINFRA, EQ, 08-Aug-2022,208.0,209.45,209.9,205.6,207.0,207.75,207.81,59737,124.14,1172,41149,68.88
JUBLFOOD, EQ, 08-Aug-2022,575.65,575.0,581.2,565.05,567.9,567.55,570.24,2197845,12532.91,38781,571164,25.99
JUBLINDS, EQ, 08-Aug-2022,410.1,415.0,415.0,405.5,410.8,410.45,410.71,22843,93.82,1987,13610,59.58
JUBLINGREA, EQ, 08-Aug-2022,490.9,485.0,485.0,471.55,474.45,473.45,477.07,597626,2851.07,16795,325299,54.43
JUBLPHARMA, EQ, 08-Aug-2022,346.75,348.6,351.4,345.0,349.55,347.6,348.33,69095,240.68,4699,32616,47.2
JUNIORBEES, EQ, 08-Aug-2022,440.19,442.0,442.84,437.0,442.45,442.15,440.99,101137,446.0,8152,57813,57.16
JUSTDIAL, EQ, 08-Aug-2022,598.0,598.0,600.95,585.15,588.0,587.55,590.58,215686,1273.81,7002,72237,33.49
JWL, EQ, 08-Aug-2022,58.6,59.45,59.55,58.5,58.65,58.75,59.03,107877,63.67,1579,80272,74.41
JYOTHYLAB, EQ, 08-Aug-2022,181.05,182.25,185.25,181.1,183.2,183.05,183.18,678244,1242.42,10184,308635,45.51
JYOTISTRUC, BZ, 08-Aug-2022,16.35,16.8,16.8,15.8,16.3,15.95,16.05,96249,15.45,97, -, -
KABRAEXTRU, EQ, 08-Aug-2022,357.25,358.95,375.95,351.5,357.9,357.85,363.65,198338,721.26,10577,47340,23.87
KAJARIACER, EQ, 08-Aug-2022,1122.7,1128.35,1153.8,1110.0,1150.0,1148.75,1127.18,195036,2198.42,17098,63274,32.44
KAKATCEM, EQ, 08-Aug-2022,217.2,215.7,221.4,215.45,218.7,217.9,217.75,4203,9.15,216,2085,49.61
KALPATPOWR, EQ, 08-Aug-2022,372.4,375.5,380.6,370.5,376.85,375.15,376.03,67058,252.16,3157,33347,49.73
KALYANIFRG, BE, 08-Aug-2022,190.9,190.9,194.0,182.65,189.9,190.85,190.58,1180,2.25,45, -, -
KALYANKJIL, EQ, 08-Aug-2022,71.2,72.0,72.0,70.35,71.1,71.4,71.4,1347086,961.75,6396,727738,54.02
KAMATHOTEL, EQ, 08-Aug-2022,69.05,69.6,71.35,68.9,70.4,69.75,70.06,128167,89.79,2006,69191,53.99
KAMDHENU, EQ, 08-Aug-2022,203.2,203.2,205.6,201.4,204.0,204.15,203.96,17431,35.55,457,10376,59.53
KANANIIND, EQ, 08-Aug-2022,10.25,10.75,10.75,10.55,10.75,10.75,10.71,158830,17.01,318,91042,57.32
KANORICHEM, EQ, 08-Aug-2022,130.5,128.5,131.85,128.05,131.7,129.45,129.6,7352,9.53,247,4969,67.59
KANPRPLA, EQ, 08-Aug-2022,121.65,119.25,123.45,119.0,119.1,119.85,120.81,11864,14.33,386,8260,69.62
KANSAINER, EQ, 08-Aug-2022,501.45,501.4,502.0,492.0,493.4,496.3,497.92,140009,697.14,6700,79161,56.54
KAPSTON, EQ, 08-Aug-2022,150.7,150.7,150.7,147.0,150.0,149.85,149.16,1639,2.44,190,1432,87.37
KARMAENG, EQ, 08-Aug-2022,24.0,24.0,25.95,23.2,25.5,24.7,24.71,18228,4.5,281,12046,66.09
KARURVYSYA, EQ, 08-Aug-2022,61.3,61.75,62.7,60.55,62.0,62.0,61.83,5027388,3108.47,16201,2783588,55.37
KAUSHALYA, EQ, 08-Aug-2022,3.55,3.5,3.8,3.45,3.75,3.7,3.7,53936,1.99,148,50578,93.77
KAVVERITEL, EQ, 08-Aug-2022,8.4,8.5,8.85,8.1,8.75,8.7,8.61,22762,1.96,92,15458,67.91
KAYA, EQ, 08-Aug-2022,305.35,307.95,308.9,301.05,303.3,303.45,304.24,5849,17.79,563,3657,62.52
KBCGLOBAL, EQ, 08-Aug-2022,2.4,2.3,2.5,2.3,2.5,2.5,2.42,18109467,438.77,5942,8685128,47.96
KCP, EQ, 08-Aug-2022,109.6,108.1,111.45,108.1,109.6,109.25,109.8,52159,57.27,1285,28604,54.84
KCPSUGIND, EQ, 08-Aug-2022,22.5,22.4,22.7,21.3,21.6,21.6,21.84,371267,81.07,1522,234083,63.05
KDDL, EQ, 08-Aug-2022,781.5,771.3,834.95,771.05,801.0,796.4,802.6,11101,89.1,1999,4566,41.13
KEC, EQ, 08-Aug-2022,424.0,424.3,424.85,397.0,408.0,404.6,408.14,1211051,4942.73,38907,706305,58.32
KECL, EQ, 08-Aug-2022,43.5,41.35,42.1,41.35,41.35,41.35,41.36,412669,170.68,456,264544,64.11
KEEPLEARN, BE, 08-Aug-2022,4.45,4.65,4.65,4.65,4.65,4.65,4.65,1895,0.09,8, -, -
KEERTI, BE, 08-Aug-2022,20.55,20.55,20.65,20.05,20.6,20.6,20.44,3134,0.64,29, -, -
KEI, EQ, 08-Aug-2022,1400.15,1407.0,1408.95,1347.0,1356.5,1355.95,1368.79,294949,4037.24,25268,136056,46.13
KELLTONTEC, EQ, 08-Aug-2022,73.25,73.4,73.55,72.1,72.5,72.35,72.52,162504,117.85,2447,101012,62.16
KENNAMET, EQ, 08-Aug-2022,2310.4,2345.05,2352.95,2300.0,2315.1,2324.4,2337.4,20703,483.91,3132,13274,64.12
KERNEX, BE, 08-Aug-2022,245.65,247.0,251.0,234.1,247.0,243.8,246.64,6116,15.08,129, -, -
KESORAMIND, EQ, 08-Aug-2022,46.9,46.85,47.05,46.1,46.35,46.3,46.59,231737,107.96,2178,109677,47.33
KEYFINSERV, EQ, 08-Aug-2022,119.6,120.0,120.0,115.05,118.0,117.35,118.44,4946,5.86,217,2568,51.92
KHADIM, EQ, 08-Aug-2022,251.1,252.9,255.0,237.1,238.65,239.2,241.53,79139,191.14,3809,41414,52.33
KHAICHEM, EQ, 08-Aug-2022,83.95,84.0,84.0,81.55,82.25,81.85,82.2,265488,218.23,4586,161622,60.88
KHAITANLTD, EQ, 08-Aug-2022,51.4,50.4,53.75,48.0,51.95,51.5,51.14,6617,3.38,154,4600,69.52
KHANDSE, BE, 08-Aug-2022,33.5,32.0,33.95,32.0,33.25,32.3,32.45,12432,4.03,47, -, -
KICL, EQ, 08-Aug-2022,1520.9,1529.9,1584.95,1518.0,1547.0,1538.35,1546.83,1318,20.39,221,857,65.02
KILITCH, EQ, 08-Aug-2022,158.45,161.95,162.8,159.45,160.0,160.3,160.78,3165,5.09,138,2179,68.85
KIMS, EQ, 08-Aug-2022,1235.0,1235.0,1256.2,1235.0,1250.3,1251.2,1251.03,21717,271.69,4050,13226,60.9
KINGFA, EQ, 08-Aug-2022,968.2,987.55,987.55,952.05,970.0,971.2,973.8,2420,23.57,249,1509,62.36
KIOCL, EQ, 08-Aug-2022,198.0,198.95,200.0,195.0,196.4,195.8,196.49,15562,30.58,741,10591,68.06
KIRIINDUS, EQ, 08-Aug-2022,471.05,474.8,481.45,470.05,473.0,472.8,474.1,76784,364.04,2887,44859,58.42
KIRLFER, EQ, 08-Aug-2022,209.85,211.85,228.0,211.85,220.75,220.9,220.93,405890,896.72,12733,178190,43.9
KIRLOSBROS, EQ, 08-Aug-2022,354.5,355.0,358.5,340.1,340.2,343.55,350.73,14294,50.13,1013,8780,61.42
KIRLOSENG, EQ, 08-Aug-2022,161.1,161.95,163.45,160.05,161.9,160.95,161.26,38224,61.64,1474,22851,59.78
KIRLOSIND, EQ, 08-Aug-2022,1376.3,1377.05,1425.0,1349.6,1415.0,1419.4,1376.51,11080,152.52,1227,1162,10.49
KITEX, EQ, 08-Aug-2022,244.05,244.05,245.5,241.8,245.25,243.9,243.91,222016,541.53,5071,115079,51.83
KKCL, EQ, 08-Aug-2022,352.65,354.0,367.95,353.0,361.0,361.4,361.91,518767,1877.47,19685,220680,42.54
KMSUGAR, EQ, 08-Aug-2022,29.15,28.85,29.45,28.65,28.7,28.9,29.1,157725,45.9,910,114391,72.53
KNAGRI, SM, 08-Aug-2022,150.0,152.0,170.0,152.0,162.85,162.2,162.48,137600,223.57,80,107200,77.91
KNRCON, EQ, 08-Aug-2022,257.25,259.0,264.0,257.3,258.3,259.15,260.86,71023,185.27,5166,37035,52.15
KOHINOOR, BE, 08-Aug-2022,80.85,81.9,81.95,76.85,76.85,77.6,78.94,167416,132.16,2566, -, -
KOKUYOCMLN, EQ, 08-Aug-2022,71.55,71.7,72.4,69.65,70.8,70.5,70.74,191643,135.58,1962,108292,56.51
KOLTEPATIL, EQ, 08-Aug-2022,281.15,283.8,284.3,270.05,272.0,271.8,274.57,123268,338.45,5076,50651,41.09
KOPRAN, EQ, 08-Aug-2022,200.1,197.8,201.8,197.25,198.2,198.05,199.29,68215,135.95,1787,46322,67.91
KOTAKALPHA, EQ, 08-Aug-2022,28.23,28.5,28.89,28.34,28.89,28.56,28.54,663801,189.48,602,621296,93.6
KOTAKBANK, EQ, 08-Aug-2022,1833.9,1830.0,1849.5,1816.8,1847.0,1844.5,1839.26,1555925,28617.45,60422,789897,50.77
KOTAKBKETF, EQ, 08-Aug-2022,383.97,385.5,387.5,382.2,387.35,387.01,386.34,959915,3708.49,1091,779034,81.16
KOTAKCONS, EQ, 08-Aug-2022,77.3,77.4,78.91,76.6,76.75,76.75,76.91,99,0.08,16,78,78.79
KOTAKGOLD, EQ, 08-Aug-2022,44.72,44.36,44.67,44.36,44.6,44.58,44.56,196960,87.77,809,144926,73.58
KOTAKIT, EQ, 08-Aug-2022,30.62,30.98,30.98,30.24,30.57,30.61,30.51,46433,14.17,252,24670,53.13
KOTAKLOVOL, EQ, 08-Aug-2022,13.26,13.26,13.72,12.95,13.58,13.25,13.23,959,0.13,84,591,61.63
KOTAKMID50, EQ, 08-Aug-2022,82.01,83.48,83.48,81.3,83.4,82.88,82.93,3220,2.67,67,2542,78.94
KOTAKNIFTY, EQ, 08-Aug-2022,184.23,184.85,185.99,183.09,185.46,185.54,185.18,72335,133.95,477,48015,66.38
KOTAKNV20, EQ, 08-Aug-2022,97.89,98.5,98.7,97.25,98.2,98.06,97.95,14616,14.32,378,10017,68.53
KOTAKPSUBK, EQ, 08-Aug-2022,285.15,283.05,284.7,277.49,281.0,281.15,280.43,43362,121.6,507,21882,50.46
KOTARISUG, EQ, 08-Aug-2022,36.85,37.05,38.8,37.05,38.35,38.35,38.16,235085,89.7,1694,174196,74.1
KOTHARIPET, EQ, 08-Aug-2022,78.4,79.85,79.85,77.5,79.0,77.95,78.42,46586,36.53,912,27139,58.26
KOTHARIPRO, EQ, 08-Aug-2022,133.8,140.45,140.45,134.0,140.45,140.45,139.7,52374,73.17,694,43026,82.15
KOTYARK, SM, 08-Aug-2022,411.05,493.25,493.25,425.25,493.25,493.25,490.92,227200,1115.37,272,200800,88.38
KOVAI, EQ, 08-Aug-2022,1507.65,1506.6,1510.05,1489.0,1490.7,1494.5,1501.32,985,14.79,136,822,83.45
KPIGREEN, EQ, 08-Aug-2022,668.95,670.0,723.25,669.95,710.0,709.6,707.87,280242,1983.75,13257,129141,46.08
KPITTECH, EQ, 08-Aug-2022,535.9,535.9,538.75,528.0,531.5,531.4,532.68,548772,2923.22,18225,237251,43.23
KPRMILL, EQ, 08-Aug-2022,565.05,568.95,581.1,565.5,574.5,572.55,574.5,273296,1570.09,11057,99272,36.32
KRBL, EQ, 08-Aug-2022,251.8,255.0,264.8,255.0,262.0,260.3,261.02,1499020,3912.75,18190,681673,45.47
KREBSBIO, EQ, 08-Aug-2022,111.1,111.8,115.0,110.8,113.0,113.55,113.24,36244,41.04,556,15870,43.79
KRIDHANINF, EQ, 08-Aug-2022,3.95,4.05,4.1,3.95,3.95,4.0,4.02,81521,3.28,124,69969,85.83
KRISHANA, EQ, 08-Aug-2022,301.6,297.1,303.95,297.1,302.0,301.7,301.18,5182,15.61,314,2780,53.65
KRISHIVAL, SM, 08-Aug-2022,288.25,290.0,302.65,290.0,302.65,301.95,299.29,26000,77.82,20,26000,100
KRISHNADEF, SM, 08-Aug-2022,70.35,73.85,73.85,73.85,73.85,73.85,73.85,3000,2.22,1,3000,100
KRITI, EQ, 08-Aug-2022,70.6,70.8,70.8,67.85,69.45,69.3,69.38,41172,28.57,1022,22813,55.41
KRITIKA, EQ, 08-Aug-2022,98.25,99.0,101.55,98.1,98.2,98.35,99.12,8111,8.04,206,4552,56.12
KRSNAA, EQ, 08-Aug-2022,496.45,490.25,493.3,481.0,485.0,482.5,485.61,91542,444.53,5685,59972,65.51
KSB, EQ, 08-Aug-2022,1521.8,1529.45,1540.0,1521.5,1538.0,1532.3,1529.51,5615,85.88,1264,3355,59.75
KSCL, EQ, 08-Aug-2022,479.55,484.0,496.95,480.45,482.9,486.25,488.69,587468,2870.88,16168,279741,47.62
KSHITIJPOL, EQ, 08-Aug-2022,44.45,46.65,46.65,45.4,46.65,46.65,46.59,14001,6.52,53,12092,86.37
KSL, EQ, 08-Aug-2022,298.25,299.95,303.6,281.15,286.85,287.4,287.2,212468,610.22,6402,53923,25.38
KSOLVES, SM, 08-Aug-2022,375.5,389.5,389.9,380.0,384.0,381.6,384.39,10000,38.44,24,6800,68
KTKBANK, EQ, 08-Aug-2022,73.15,73.15,74.6,73.0,73.9,73.75,73.97,1633880,1208.61,8327,862844,52.81
KUANTUM, EQ, 08-Aug-2022,82.5,81.9,85.0,81.0,83.7,83.1,82.93,114368,94.84,598,31910,27.9
L&TFH, EQ, 08-Aug-2022,74.75,74.95,75.45,74.55,74.7,74.7,74.97,3359576,2518.65,9957,779277,23.2
L&TFINANCE, NC, 08-Aug-2022,1062.0,1063.05,1063.05,1062.0,1062.0,1062.17,1062.57,325,3.45,7,325,100
L&TFINANCE, NE, 08-Aug-2022,1045.0,1045.0,1045.0,1031.0,1031.0,1031.0,1035.22,7,0.07,3,7,100
L&TFINANCE, NG, 08-Aug-2022,1120.0,1126.0,1130.0,1125.0,1130.0,1130.0,1126.46,250,2.82,12,250,100
L&TFINANCE, NO, 08-Aug-2022,1042.16,1100.0,1100.0,1062.11,1065.0,1065.0,1067.74,196,2.09,7,164,83.67
L&TFINANCE, NY, 08-Aug-2022,1069.0,1071.0,1071.0,1057.1,1057.15,1057.15,1066.08,310,3.3,4,310,100
L&TFINANCE, Y3, 08-Aug-2022,1008.01,1011.0,1039.99,1011.0,1039.99,1039.99,1020.15,38,0.39,2,26,68.42
L&TFINANCE, Y5, 08-Aug-2022,1070.51,1075.0,1075.0,1075.0,1075.0,1075.0,1075.0,50,0.54,1,50,100
L&TFINANCE, Y7, 08-Aug-2022,1035.51,1034.1,1034.45,1034.1,1034.45,1034.45,1034.38,51,0.53,4,50,98.04
L&TFINANCE, Y9, 08-Aug-2022,1094.98,1085.0,1094.99,1085.0,1094.0,1093.98,1088.84,854,9.3,39,500,58.55
LAGNAM, EQ, 08-Aug-2022,79.1,79.95,79.95,77.3,78.0,78.0,78.21,15488,12.11,298,11495,74.22
LAKPRE, BZ, 08-Aug-2022,5.7,5.45,5.45,5.45,5.45,5.45,5.45,139,0.01,4, -, -
LALPATHLAB, EQ, 08-Aug-2022,2427.0,2426.8,2452.0,2380.0,2418.0,2418.05,2416.42,154852,3741.88,13243,41956,27.09
LAMBODHARA, EQ, 08-Aug-2022,87.1,88.5,88.5,84.0,84.65,84.25,85.69,11397,9.77,356,7276,63.84
LANCER, EQ, 08-Aug-2022,255.55,256.0,266.0,256.0,264.0,264.35,262.06,113924,298.54,4033,75110,65.93
LAOPALA, EQ, 08-Aug-2022,309.6,309.55,315.0,306.2,315.0,314.35,313.26,200892,629.31,6505,94495,47.04
LASA, BE, 08-Aug-2022,37.75,38.75,39.6,37.0,37.15,37.95,38.45,140444,54.0,598, -, -
LATENTVIEW, EQ, 08-Aug-2022,370.15,371.15,372.9,366.5,366.95,367.35,369.35,182933,675.67,5960,80918,44.23
LATTEYS, SM, 08-Aug-2022,78.0,78.0,79.9,75.5,79.8,77.6,76.12,56000,42.63,12,44000,78.57
LAURUSLABS, EQ, 08-Aug-2022,545.1,546.1,554.75,542.45,549.7,551.1,550.1,1126392,6196.31,20538,465798,41.35
LAXMICOT, EQ, 08-Aug-2022,23.8,24.05,24.05,23.15,23.65,23.5,23.62,24762,5.85,158,15154,61.2
LAXMIMACH, EQ, 08-Aug-2022,10596.25,10525.0,10671.85,10326.25,10505.0,10550.35,10547.54,4642,489.62,1384,2893,62.32
LCCINFOTEC, EQ, 08-Aug-2022,2.8,2.9,2.9,2.85,2.9,2.9,2.9,72323,2.1,69,55844,77.21
LEMERITE, SM, 08-Aug-2022,66.0,67.0,67.0,62.15,63.0,63.0,64.44,56000,36.09,32,46400,82.86
LEMONTREE, EQ, 08-Aug-2022,72.85,73.9,77.7,73.6,77.0,76.7,76.46,20478638,15658.72,69021,6352786,31.02
LFIC, EQ, 08-Aug-2022,109.45,118.9,120.0,107.0,110.0,111.55,111.42,6626,7.38,218,2713,40.94
LGBBROSLTD, EQ, 08-Aug-2022,667.8,677.8,681.4,663.0,670.0,666.9,669.01,114413,765.44,2900,88698,77.52
LGBFORGE, EQ, 08-Aug-2022,10.7,10.95,11.05,10.6,10.6,10.6,10.87,250918,27.28,695,161324,64.29
LGHL, SM, 08-Aug-2022,19.1,19.9,19.9,19.9,19.9,19.9,19.9,8000,1.59,1,8000,100
LIBAS, EQ, 08-Aug-2022,26.5,26.1,27.3,26.1,27.0,26.9,26.76,59749,15.99,234,27950,46.78
LIBERTSHOE, EQ, 08-Aug-2022,154.1,154.1,165.7,154.1,160.5,161.05,161.57,261537,422.58,4785,118759,45.41
LICHSGFIN, EQ, 08-Aug-2022,379.2,379.2,384.5,374.5,380.7,380.0,379.89,2969646,11281.51,33627,908279,30.59
LICI, EQ, 08-Aug-2022,687.35,680.35,688.0,678.5,679.7,680.0,682.99,1215231,8299.94,36487,550192,45.27
LICNETFGSC, EQ, 08-Aug-2022,22.16,22.39,22.39,21.9,22.03,22.09,22.14,14576,3.23,120,12784,87.71
LICNETFN50, EQ, 08-Aug-2022,186.88,187.5,187.75,183.9,187.25,187.66,187.27,583,1.09,60,424,72.73
LICNETFSEN, EQ, 08-Aug-2022,629.43,637.0,643.0,628.66,635.0,635.0,634.12,64,0.41,28,47,73.44
LICNFNHGP, EQ, 08-Aug-2022,186.8,189.89,189.89,186.25,189.0,189.0,187.58,488,0.92,51,332,68.03
LIKHITHA, EQ, 08-Aug-2022,283.65,278.45,288.2,278.45,285.5,286.7,285.99,16898,48.33,1069,8646,51.17
LINC, EQ, 08-Aug-2022,253.65,254.9,261.0,249.95,252.65,254.65,256.46,3662,9.39,202,1725,47.11
LINCOLN, EQ, 08-Aug-2022,314.05,320.0,320.2,308.5,310.0,309.55,312.46,26478,82.73,1303,16253,61.38
LINDEINDIA, EQ, 08-Aug-2022,3524.35,3548.0,3647.3,3525.15,3538.95,3543.45,3584.81,46049,1650.77,8490,19121,41.52
LIQUIDBEES, EQ, 08-Aug-2022,999.99,999.99,1000.01,999.99,1000.0,1000.0,1000.0,1810793,18107.87,13547,1310817,72.39
LIQUIDETF, EQ, 08-Aug-2022,1000.0,999.4,1000.01,998.0,999.99,999.99,999.99,22680,226.8,97,17577,77.5
LODHA, EQ, 08-Aug-2022,1066.45,1070.0,1084.4,1059.0,1067.0,1069.45,1076.01,446147,4800.57,7896,262560,58.85
LOKESHMACH, EQ, 08-Aug-2022,91.3,91.0,94.7,91.0,92.3,92.65,93.11,82080,76.43,1429,44835,54.62
LOTUSEYE, EQ, 08-Aug-2022,77.9,78.8,80.8,76.1,77.8,77.65,78.59,100714,79.15,1105,74888,74.36
LOVABLE, EQ, 08-Aug-2022,130.25,131.0,142.9,130.9,142.0,141.55,138.68,128744,178.54,3475,61086,47.45
LPDC, EQ, 08-Aug-2022,6.5,6.4,7.15,6.35,7.15,7.15,7.04,132575,9.34,300,120919,91.21
LSIL, EQ, 08-Aug-2022,14.75,14.75,15.45,14.7,15.45,15.45,15.31,1637190,250.71,2571,1185656,72.42
LT, EQ, 08-Aug-2022,1787.45,1796.4,1832.05,1790.25,1826.5,1829.65,1818.07,2625195,47727.86,142257,1695494,64.59
LTGILTBEES, EQ, 08-Aug-2022,22.57,22.49,22.5,22.4,22.4,22.42,22.44,31113,6.98,133,25437,81.76
LTI, EQ, 08-Aug-2022,4925.35,4930.0,4959.9,4876.0,4908.0,4900.2,4906.27,191049,9373.38,19961,44780,23.44
LTTS, EQ, 08-Aug-2022,3563.05,3575.0,3605.0,3537.05,3584.85,3589.8,3575.96,263354,9417.43,20239,114616,43.52
LUMAXIND, EQ, 08-Aug-2022,1431.4,1431.4,1477.0,1431.4,1467.0,1463.25,1460.41,7364,107.54,1768,4222,57.33
LUMAXTECH, EQ, 08-Aug-2022,232.3,240.0,240.0,228.3,229.45,229.95,231.76,326355,756.35,8164,99407,30.46
LUPIN, EQ, 08-Aug-2022,668.1,670.0,673.05,658.1,667.0,666.65,664.49,1379795,9168.61,26091,443667,32.15
LUXIND, EQ, 08-Aug-2022,1917.55,1906.2,1934.9,1906.2,1924.0,1928.05,1919.97,37680,723.45,6588,20018,53.13
LXCHEM, EQ, 08-Aug-2022,312.1,314.0,315.6,308.0,309.35,309.7,311.73,694637,2165.42,16761,316367,45.54
LYKALABS, EQ, 08-Aug-2022,129.7,132.0,133.3,123.0,130.15,130.6,131.21,54458,71.46,1412,31282,57.44
LYPSAGEMS, BE, 08-Aug-2022,6.0,6.0,6.2,5.8,6.1,6.0,6.0,16947,1.02,71, -, -
M&M, EQ, 08-Aug-2022,1235.9,1245.0,1280.0,1242.65,1275.6,1276.7,1266.32,5412651,68541.27,168556,2615805,48.33
M&MFIN, EQ, 08-Aug-2022,195.5,196.6,198.0,195.0,196.05,196.1,196.17,2745277,5385.37,13897,1022951,37.26
M&MFIN, N2, 08-Aug-2022,1066.2,1080.0,1080.0,1079.8,1079.8,1079.8,1079.97,65,0.7,3,65,100
M&MFIN, N3, 08-Aug-2022,1780.0,1785.0,1785.0,1785.0,1785.0,1785.0,1785.0,5,0.09,1,5,100
M17RD, MF, 08-Aug-2022,12.75,13.7,14.0,13.22,14.0,14.0,13.93,17500,2.44,4,17500,100
M17RG, MF, 08-Aug-2022,13.7,14.0,14.0,14.0,14.0,14.0,14.0,7216,1.01,3,7216,100
MAANALU, EQ, 08-Aug-2022,136.8,136.0,143.0,136.0,143.0,141.6,140.6,134241,188.74,2527,56755,42.28
MACPOWER, EQ, 08-Aug-2022,232.15,235.0,235.0,220.0,224.0,226.2,225.17,37801,85.12,730,25987,68.75
MADHAV, EQ, 08-Aug-2022,46.25,46.05,55.5,46.0,55.5,55.5,52.92,240182,127.11,1752,96839,40.32
MADHUCON, EQ, 08-Aug-2022,5.2,5.4,5.5,5.3,5.3,5.35,5.34,38767,2.07,135,32565,84
MADRASFERT, EQ, 08-Aug-2022,47.9,47.65,54.55,47.4,52.3,52.5,52.41,4900871,2568.78,23534,889647,18.15
MAESGETF, EQ, 08-Aug-2022,29.22,29.36,29.5,29.26,29.45,29.45,29.42,2387,0.7,100,1894,79.35
MAFANG, EQ, 08-Aug-2022,44.17,43.69,44.35,43.02,44.23,44.24,44.07,282110,124.33,1866,158267,56.1
MAFSETF, EQ, 08-Aug-2022,17.61,17.82,17.84,17.55,17.8,17.8,17.74,75770,13.44,270,63931,84.38
MAGADSUGAR, EQ, 08-Aug-2022,327.15,318.0,328.3,308.4,311.45,310.2,315.33,41294,130.21,2181,27543,66.7
MAGNUM, EQ, 08-Aug-2022,12.6,12.65,12.65,12.3,12.55,12.5,12.47,24081,3.0,220,17923,74.43
MAHABANK, EQ, 08-Aug-2022,17.3,17.3,17.55,17.15,17.3,17.25,17.36,1170908,203.25,2379,660206,56.38
MAHAPEXLTD, EQ, 08-Aug-2022,77.0,77.7,79.25,75.45,77.2,77.9,77.42,12682,9.82,259,5691,44.87
MAHASTEEL, EQ, 08-Aug-2022,64.55,64.15,66.0,64.15,65.5,65.6,65.47,4375,2.86,106,3004,68.66
MAHEPC, EQ, 08-Aug-2022,100.9,101.85,104.35,101.0,104.15,103.8,103.34,31691,32.75,683,21696,68.46
MAHESHWARI, EQ, 08-Aug-2022,73.75,73.65,74.7,73.6,74.0,73.95,74.08,10554,7.82,184,7454,70.63
MAHINDCIE, EQ, 08-Aug-2022,272.2,273.0,275.5,268.0,271.95,269.9,272.13,240110,653.41,9752,103602,43.15
MAHKTECH, EQ, 08-Aug-2022,14.67,14.83,14.83,14.53,14.68,14.67,14.64,42158,6.17,250,39465,93.61
MAHLIFE, EQ, 08-Aug-2022,422.6,424.8,435.7,423.0,427.95,428.05,429.65,154556,664.04,12887,82163,53.16
MAHLOG, EQ, 08-Aug-2022,473.5,474.65,477.95,468.0,473.85,473.05,471.83,465250,2195.2,3009,445889,95.84
MAHSCOOTER, EQ, 08-Aug-2022,4071.75,4125.0,4150.0,4071.85,4115.0,4118.2,4110.76,6716,276.08,1485,3676,54.73
MAHSEAMLES, EQ, 08-Aug-2022,746.15,745.0,757.5,742.05,748.0,752.15,749.87,120430,903.07,5070,84333,70.03
MAITHANALL, EQ, 08-Aug-2022,968.25,977.4,988.0,964.7,969.75,969.6,973.48,32028,311.79,3312,17178,53.63
MALLCOM, EQ, 08-Aug-2022,697.5,711.45,711.45,686.15,693.0,698.2,697.61,524,3.66,109,327,62.4
MALUPAPER, EQ, 08-Aug-2022,32.35,32.3,35.25,31.95,35.2,34.0,33.52,99214,33.26,657,57235,57.69
MAM150ETF, EQ, 08-Aug-2022,11.49,11.78,11.78,11.42,11.52,11.51,11.49,131082,15.07,378,81643,62.28
MAMFGETF, EQ, 08-Aug-2022,81.78,82.21,82.69,81.94,82.62,82.62,82.33,6116,5.04,90,5732,93.72
MAN50ETF, EQ, 08-Aug-2022,180.79,181.48,182.86,180.89,182.72,182.42,182.12,7921,14.43,231,5657,71.42
MANAKALUCO, EQ, 08-Aug-2022,22.0,22.3,22.5,20.45,21.3,21.25,21.59,70098,15.13,877,40891,58.33
MANAKCOAT, EQ, 08-Aug-2022,19.75,20.3,20.3,19.1,19.5,19.6,19.67,23657,4.65,238,16946,71.63
MANAKSIA, EQ, 08-Aug-2022,77.05,78.0,78.5,76.45,77.4,76.95,77.39,50785,39.3,702,36622,72.11
MANAKSTEEL, EQ, 08-Aug-2022,39.7,39.1,40.3,39.1,40.15,40.0,39.92,39813,15.89,364,25332,63.63
MANALIPETC, EQ, 08-Aug-2022,103.95,103.95,105.65,103.05,103.15,103.7,104.46,365703,382.01,4487,186748,51.07
MANAPPURAM, EQ, 08-Aug-2022,108.15,108.6,109.45,106.3,107.75,107.7,107.87,6478884,6988.99,28640,1547459,23.88
MANGALAM, EQ, 08-Aug-2022,152.9,153.0,159.5,146.55,149.15,149.0,151.93,116935,177.66,2980,63731,54.5
MANGCHEFER, EQ, 08-Aug-2022,123.95,125.0,126.45,118.15,119.25,119.1,122.04,1303070,1590.32,8521,685334,52.59
MANGLMCEM, EQ, 08-Aug-2022,319.7,326.0,338.0,321.0,332.6,335.2,331.49,63761,211.36,2638,39919,62.61
MANINDS, EQ, 08-Aug-2022,96.8,96.85,98.1,96.0,96.1,96.05,96.45,62850,60.62,1019,45521,72.43
MANINFRA, EQ, 08-Aug-2022,83.7,83.7,84.85,83.2,83.2,83.6,84.15,148820,125.23,1853,108973,73.22
MANORAMA, EQ, 08-Aug-2022,1160.1,1183.0,1233.65,1164.05,1225.0,1214.9,1193.4,6138,73.25,935,4637,75.55
MANORG, EQ, 08-Aug-2022,641.55,641.55,655.0,631.5,635.0,636.1,644.71,4969,32.04,631,3141,63.21
MANUGRAPH, EQ, 08-Aug-2022,16.45,17.2,17.2,15.9,16.1,16.45,16.49,11115,1.83,167,8595,77.33
MANXT50, EQ, 08-Aug-2022,421.32,421.95,422.7,420.14,422.7,422.69,421.45,358,1.51,53,261,72.91
MANYAVAR, EQ, 08-Aug-2022,1211.9,1227.2,1325.0,1215.75,1290.0,1296.8,1283.8,426602,5476.71,24938,208248,48.82
MAPMYINDIA, EQ, 08-Aug-2022,1305.05,1334.9,1365.0,1305.6,1341.0,1347.05,1338.5,353435,4730.73,24719,115770,32.76
MARALOVER, EQ, 08-Aug-2022,67.25,68.8,68.8,64.2,65.55,65.0,66.0,34258,22.61,603,23805,69.49
MARATHON, EQ, 08-Aug-2022,210.2,210.85,213.5,204.3,208.0,210.8,209.81,56872,119.33,2260,19840,34.89
MARICO, EQ, 08-Aug-2022,519.7,524.2,527.9,520.55,524.6,523.4,523.6,1321518,6919.49,31078,531132,40.19
MARINE, EQ, 08-Aug-2022,27.4,28.0,28.0,27.2,27.35,27.4,27.44,115720,31.75,815,84090,72.67
MARKSANS, EQ, 08-Aug-2022,49.95,50.4,50.4,49.3,49.9,49.8,49.62,611447,303.39,2933,382786,62.6
MARSHALL, EQ, 08-Aug-2022,35.8,38.1,41.35,34.15,36.9,36.7,38.58,399701,154.22,2766,150015,37.53
MARUTI, EQ, 08-Aug-2022,8841.2,8841.2,8998.0,8841.0,8914.9,8921.95,8923.54,520993,46491.01,66218,266555,51.16
MASFIN, EQ, 08-Aug-2022,581.65,586.9,625.0,581.65,624.5,615.95,603.32,214284,1292.82,7398,139799,65.24
MASPTOP50, EQ, 08-Aug-2022,28.17,27.05,28.58,27.05,28.0,28.15,28.15,110830,31.2,363,105286,95
MASTEK, EQ, 08-Aug-2022,2023.9,2023.0,2061.45,2011.4,2019.9,2019.35,2028.42,57093,1158.09,6024,24544,42.99
MATRIMONY, EQ, 08-Aug-2022,807.25,805.0,811.0,799.1,809.95,808.65,804.03,15471,124.39,1611,10581,68.39
MAWANASUG, EQ, 08-Aug-2022,90.05,91.95,93.3,91.0,91.1,91.45,91.96,83616,76.9,1730,44206,52.87
MAXHEALTH, EQ, 08-Aug-2022,375.65,379.8,395.95,378.0,381.2,381.6,387.98,1460947,5668.14,39146,618652,42.35
MAXIND, EQ, 08-Aug-2022,75.75,75.6,77.45,75.6,77.45,77.0,76.58,48273,36.97,423,42209,87.44
MAXVIL, EQ, 08-Aug-2022,103.2,102.0,109.15,102.0,108.35,108.5,105.87,299876,317.47,3627,216504,72.2
MAYURUNIQ, EQ, 08-Aug-2022,420.55,421.0,432.9,416.9,431.0,427.6,423.44,28490,120.64,1441,20240,71.04
MAZDA, EQ, 08-Aug-2022,589.55,585.55,625.9,579.2,619.7,615.85,601.98,28135,169.37,994,16399,58.29
MAZDOCK, EQ, 08-Aug-2022,277.55,277.9,286.8,275.5,283.85,282.3,283.13,338740,959.06,8098,141179,41.68
MBAPL, BE, 08-Aug-2022,668.6,660.0,702.0,635.2,701.75,700.2,682.82,13111,89.52,369, -, -
MBECL, BE, 08-Aug-2022,4.2,4.0,4.0,4.0,4.0,4.0,4.0,42176,1.69,58, -, -
MBLINFRA, EQ, 08-Aug-2022,19.85,19.45,20.15,18.8,20.0,19.95,19.56,83265,16.28,320,54016,64.87
MCDHOLDING, BZ, 08-Aug-2022,69.8,73.25,73.25,67.5,73.25,73.25,73.23,26416,19.35,106, -, -
MCDOWELL-N, EQ, 08-Aug-2022,786.5,789.9,789.9,777.85,781.0,781.1,782.89,917828,7185.58,29044,423670,46.16
MCL, EQ, 08-Aug-2022,25.65,28.2,28.2,28.2,28.2,28.2,28.2,26506,7.47,130,26506,100
MCLEODRUSS, EQ, 08-Aug-2022,22.45,22.45,23.45,22.45,23.0,23.05,23.0,486939,112.02,881,435483,89.43
MCX, EQ, 08-Aug-2022,1287.7,1287.05,1298.75,1280.0,1284.45,1285.1,1287.39,174848,2250.98,12418,65391,37.4
MEDICAMEQ, EQ, 08-Aug-2022,766.55,756.0,779.0,756.0,779.0,773.4,772.65,7218,55.77,774,4540,62.9
MEDICO, EQ, 08-Aug-2022,90.3,86.65,96.65,86.65,88.3,89.4,90.42,1023,0.93,70,231,22.58
MEDPLUS, EQ, 08-Aug-2022,739.3,735.0,743.95,735.0,737.3,738.6,739.97,8691,64.31,1267,4146,47.7
MEGASOFT, BE, 08-Aug-2022,43.9,43.6,44.35,42.0,43.0,42.95,42.91,55800,23.95,416, -, -
MEGASTAR, EQ, 08-Aug-2022,173.35,173.05,174.5,173.0,174.25,173.25,173.42,1464,2.54,69,1025,70.01
MELSTAR, BZ, 08-Aug-2022,2.2,2.3,2.3,2.2,2.3,2.3,2.27,22039,0.5,22, -, -
MENONBE, EQ, 08-Aug-2022,89.55,89.9,91.75,89.6,89.8,90.1,90.79,65848,59.78,800,41456,62.96
MEP, EQ, 08-Aug-2022,18.45,18.45,18.65,17.55,17.65,17.7,17.8,585552,104.21,1318,337896,57.71
MERCATOR, BE, 08-Aug-2022,1.35,1.4,1.4,1.35,1.4,1.4,1.39,340787,4.74,224, -, -
METALFORGE, BZ, 08-Aug-2022,4.4,4.5,4.5,4.25,4.45,4.45,4.41,8614,0.38,35, -, -
METROBRAND, EQ, 08-Aug-2022,735.3,753.0,796.0,749.5,758.1,758.1,775.61,822417,6378.73,23357,343539,41.77
METROPOLIS, EQ, 08-Aug-2022,1555.05,1565.3,1565.3,1522.7,1530.0,1529.2,1535.03,129146,1982.43,7933,32481,25.15
MFL, EQ, 08-Aug-2022,1400.85,1404.7,1446.25,1397.05,1435.0,1425.35,1421.96,101558,1444.12,8460,29533,29.08
MFSL, EQ, 08-Aug-2022,820.7,823.8,823.8,790.0,791.5,794.9,806.71,460476,3714.73,14179,270572,58.76
MGEL, EQ, 08-Aug-2022,181.1,183.8,183.85,176.75,178.0,179.9,180.6,69936,126.3,860,25466,36.41
MGL, EQ, 08-Aug-2022,785.2,790.1,829.0,790.1,818.0,817.7,819.17,2814483,23055.45,72670,570026,20.25
MHHL, SM, 08-Aug-2022,30.95,30.95,31.5,30.6,31.5,31.5,31.11,27000,8.4,9,27000,100
MHLXMIRU, EQ, 08-Aug-2022,132.7,131.9,135.4,131.9,133.5,132.75,133.07,2016,2.68,56,1016,50.4
MHRIL, EQ, 08-Aug-2022,236.15,238.5,256.75,237.65,253.05,255.05,251.2,1998543,5020.26,27511,592882,29.67
MICEL, BE, 08-Aug-2022,13.35,14.0,14.0,14.0,14.0,14.0,14.0,53828,7.54,194, -, -
MID150BEES, EQ, 08-Aug-2022,116.28,117.45,117.59,115.22,116.49,116.68,117.45,4555727,5350.91,3393,4490280,98.56
MIDHANI, EQ, 08-Aug-2022,170.15,170.4,173.75,170.35,171.5,171.9,172.19,153460,264.25,3899,75677,49.31
MINDACORP, EQ, 08-Aug-2022,242.55,244.9,253.7,239.5,239.95,241.3,247.24,2310342,5712.13,39788,777748,33.66
MINDSPACE, RR, 08-Aug-2022,372.59,373.5,375.0,368.7,372.3,372.25,372.46,79281,295.29,4078,62350,78.64
MINDTECK, EQ, 08-Aug-2022,126.0,129.5,133.4,128.55,132.0,131.75,131.53,63711,83.8,1551,38393,60.26
MINDTREE, EQ, 08-Aug-2022,3565.65,3576.0,3588.45,3518.0,3531.9,3530.25,3539.11,378571,13398.04,29804,62256,16.44
MIRCELECTR, EQ, 08-Aug-2022,16.45,16.55,17.2,16.35,16.5,16.5,16.77,563914,94.56,1456,420886,74.64
MIRZAINT, EQ, 08-Aug-2022,270.75,271.45,288.4,271.25,282.3,282.1,283.6,1232407,3495.12,20516,461004,37.41
MITCON, EQ, 08-Aug-2022,80.65,81.0,81.0,71.0,74.1,74.75,74.04,139387,103.2,1603,90856,65.18
MITTAL, EQ, 08-Aug-2022,12.85,13.05,13.2,12.5,13.2,13.15,12.94,29200,3.78,155,21397,73.28
MKPL, SM, 08-Aug-2022,191.0,192.0,192.0,192.0,192.0,192.0,192.0,4000,7.68,1,4000,100
MMFL, EQ, 08-Aug-2022,925.15,934.4,938.9,919.0,929.8,921.6,928.26,15914,147.72,3811,8723,54.81
MMP, EQ, 08-Aug-2022,160.4,156.0,161.7,156.0,158.6,159.2,159.25,10722,17.07,189,7547,70.39
MMTC, EQ, 08-Aug-2022,39.2,39.2,40.35,39.2,39.65,39.65,39.76,1254034,498.55,5779,392231,31.28
MODIRUBBER, BE, 08-Aug-2022,53.35,54.65,56.0,54.45,56.0,55.05,55.49,4077,2.26,45, -, -
MODISNME, EQ, 08-Aug-2022,63.2,61.35,65.05,61.05,64.75,64.7,64.32,14802,9.52,283,9249,62.48
MOGSEC, EQ, 08-Aug-2022,49.2,49.13,49.19,49.06,49.1,49.1,49.16,1131,0.56,27,1084,95.84
MOHEALTH, EQ, 08-Aug-2022,23.49,23.49,24.1,22.6,22.77,22.77,22.89,4787,1.1,46,3080,64.34
MOHITIND, EQ, 08-Aug-2022,18.4,18.75,18.75,17.3,17.8,17.75,17.77,27741,4.93,321,19085,68.8
MOHOTAIND, BZ, 08-Aug-2022,6.2,5.95,6.45,5.9,6.25,6.25,6.16,10408,0.64,46, -, -
MOIL, EQ, 08-Aug-2022,160.35,160.9,162.7,160.4,162.0,161.65,161.77,184437,298.37,3347,79150,42.91
MOKSH, EQ, 08-Aug-2022,15.85,15.95,16.4,15.2,15.35,15.5,15.77,305463,48.16,938,244600,80.08
MOL, EQ, 08-Aug-2022,122.3,122.3,124.65,120.85,122.4,122.25,122.86,973243,1195.69,7357,464183,47.69
MOLDTECH, EQ, 08-Aug-2022,90.75,91.95,91.95,89.55,90.45,90.0,90.29,39767,35.9,1029,19520,49.09
MOLDTKPAC, EQ, 08-Aug-2022,823.75,826.4,911.0,826.0,910.85,904.35,884.98,525686,4652.2,23398,155782,29.63
MOLOWVOL, EQ, 08-Aug-2022,121.21,120.47,121.32,119.98,119.98,121.25,121.09,3413,4.13,32,3215,94.2
MOM100, EQ, 08-Aug-2022,32.23,32.55,33.08,31.59,32.82,32.99,32.86,361628,118.82,1490,233698,64.62
MOM50, EQ, 08-Aug-2022,173.92,174.5,175.99,174.0,175.99,175.59,175.35,1514,2.65,85,1039,68.63
MOMOMENTUM, EQ, 08-Aug-2022,183.71,187.98,187.98,183.99,183.99,186.07,185.81,10851,20.16,119,8287,76.37
MON100, EQ, 08-Aug-2022,102.95,103.8,103.8,101.1,102.65,102.63,102.54,362587,371.81,5026,260328,71.8
MONARCH, EQ, 08-Aug-2022,256.85,258.7,260.0,251.6,254.65,253.2,254.47,10393,26.45,330,5765,55.47
MONQ50, EQ, 08-Aug-2022,55.34,55.5,55.5,54.7,55.07,55.33,55.37,4476,2.48,121,3887,86.84
MONTECARLO, EQ, 08-Aug-2022,727.0,727.0,748.15,720.05,742.0,738.0,735.99,91338,672.24,4878,30501,33.39
MORARJEE, EQ, 08-Aug-2022,18.9,19.7,19.7,18.2,18.3,18.45,18.97,3489,0.66,67,1459,41.82
MOREPENLAB, EQ, 08-Aug-2022,35.3,35.4,35.45,35.0,35.2,35.15,35.16,994857,349.84,3785,635376,63.87
MOTHERSON, EQ, 08-Aug-2022,130.45,130.75,131.5,128.15,128.8,128.55,129.92,4615531,5996.67,43487,1447621,31.36
MOTILALOFS, EQ, 08-Aug-2022,760.4,760.4,770.95,759.65,769.0,767.35,767.07,24243,185.96,2559,13121,54.12
MOTOGENFIN, EQ, 08-Aug-2022,27.9,27.9,28.4,27.6,28.15,28.15,27.98,2022,0.57,38,1854,91.69
MPHASIS, EQ, 08-Aug-2022,2394.85,2399.95,2408.2,2364.55,2391.25,2391.15,2391.08,305148,7296.33,16640,121713,39.89
MPSLTD, EQ, 08-Aug-2022,688.5,688.5,693.5,669.0,680.5,680.45,680.44,16256,110.61,1314,10079,62
MRF, EQ, 08-Aug-2022,88895.45,88500.05,88900.0,87500.0,87500.0,87717.5,88112.83,8338,7346.85,5088,2638,31.64
MRO-TEK, EQ, 08-Aug-2022,59.25,59.25,67.65,59.25,63.85,63.65,64.41,166823,107.45,2018,60195,36.08
MRPL, EQ, 08-Aug-2022,71.9,72.5,73.15,71.1,72.35,72.3,71.89,2390227,1718.3,11039,1125855,47.1
MSPL, EQ, 08-Aug-2022,9.85,9.95,10.0,9.8,9.9,9.9,9.91,168358,16.68,525,132625,78.78
MSTCLTD, EQ, 08-Aug-2022,250.5,250.5,255.9,249.0,252.0,251.1,251.99,154164,388.47,4625,61507,39.9
MSUMI, EQ, 08-Aug-2022,79.45,80.5,80.85,78.4,78.95,78.95,79.23,3765425,2983.32,34798,2418408,64.23
MTARTECH, EQ, 08-Aug-2022,1400.4,1409.8,1428.0,1390.0,1413.3,1411.85,1408.03,101081,1423.25,8284,34960,34.59
MTEDUCARE, EQ, 08-Aug-2022,8.9,8.9,9.15,8.85,8.95,8.95,9.01,77784,7.01,206,46802,60.17
MTNL, EQ, 08-Aug-2022,24.15,24.15,24.25,23.4,23.45,23.5,23.8,1984140,472.3,4577,696803,35.12
MUKANDLTD, EQ, 08-Aug-2022,118.65,118.65,120.9,114.95,115.6,116.25,117.72,62507,73.58,1044,48617,77.78
MUKTAARTS, EQ, 08-Aug-2022,56.1,56.15,57.0,55.35,55.9,55.7,56.04,12939,7.25,273,9834,76
MUNJALAU, EQ, 08-Aug-2022,44.0,43.8,45.2,43.8,44.8,44.8,44.66,64980,29.02,791,36725,56.52
MUNJALSHOW, EQ, 08-Aug-2022,103.25,102.75,105.0,102.45,104.0,104.55,104.04,53762,55.94,811,35152,65.38
MURUDCERA, EQ, 08-Aug-2022,25.5,25.95,26.25,25.5,25.85,25.7,25.84,49349,12.75,338,31777,64.39
MUTHOOTCAP, EQ, 08-Aug-2022,182.8,199.95,199.95,192.1,193.1,193.35,195.47,142571,278.68,3769,82552,57.9
MUTHOOTFIN, EQ, 08-Aug-2022,1144.4,1145.0,1148.7,1115.25,1124.0,1122.9,1128.15,546089,6160.72,27258,183851,33.67
MWL, SM, 08-Aug-2022,116.0,116.0,122.95,116.0,116.3,116.9,118.48,14400,17.06,12,9600,66.67
NABARD, N2, 08-Aug-2022,1172.98,1173.0,1173.0,1169.75,1169.75,1169.75,1171.52,140,1.64,5,115,82.14
NACLIND, EQ, 08-Aug-2022,72.5,72.25,79.7,72.25,78.7,78.5,77.89,821345,639.78,4192,270449,32.93
NAGAFERT, BE, 08-Aug-2022,8.5,8.7,8.7,8.25,8.4,8.3,8.37,197715,16.55,539, -, -
NAGREEKCAP, EQ, 08-Aug-2022,12.95,13.4,13.4,12.55,13.2,13.2,12.9,620,0.08,15,528,85.16
NAGREEKEXP, EQ, 08-Aug-2022,34.85,35.9,37.35,35.3,36.85,35.95,36.44,21071,7.68,504,7832,37.17
NAHARCAP, EQ, 08-Aug-2022,375.7,371.8,378.45,361.4,365.0,363.7,368.59,12389,45.67,1018,8282,66.85
NAHARINDUS, EQ, 08-Aug-2022,113.45,114.9,114.9,112.5,113.5,112.95,113.96,38085,43.4,603,26477,69.52
NAHARPOLY, EQ, 08-Aug-2022,346.45,341.0,344.05,331.6,333.0,333.15,338.18,36647,123.93,1669,25621,69.91
NAHARSPING, EQ, 08-Aug-2022,317.15,319.0,323.0,314.0,316.05,314.9,318.76,40422,128.85,2048,23029,56.97
NAM-INDIA, EQ, 08-Aug-2022,299.35,300.25,306.65,296.0,304.75,305.25,303.62,953722,2895.72,16842,333878,35.01
NATCOPHARM, EQ, 08-Aug-2022,749.8,760.0,765.0,749.05,750.0,750.5,754.69,1042849,7870.31,26959,783485,75.13
NATHBIOGEN, EQ, 08-Aug-2022,175.8,174.0,180.0,174.0,180.0,178.3,177.88,11118,19.78,486,7155,64.36
NATIONALUM, EQ, 08-Aug-2022,77.65,77.5,79.2,77.45,78.65,78.8,78.37,9848006,7718.15,27919,2144835,21.78
NATNLSTEEL, BE, 08-Aug-2022,3.6,3.75,3.75,3.75,3.75,3.75,3.75,1812,0.07,7, -, -
NAUKRI, EQ, 08-Aug-2022,4310.05,4309.8,4347.5,4240.0,4268.0,4266.8,4276.49,235394,10066.59,25851,84277,35.8
NAVA, EQ, 08-Aug-2022,188.65,189.9,194.0,187.15,190.7,190.45,190.3,389995,742.15,6470,158060,40.53
NAVINFLUOR, EQ, 08-Aug-2022,4476.25,4497.0,4511.65,4445.0,4451.35,4462.15,4472.42,141291,6319.12,15462,43989,31.13
NAVKARCORP, EQ, 08-Aug-2022,72.4,72.5,75.8,72.5,73.85,73.75,74.45,1338319,996.37,7817,554680,41.45
NAVNETEDUL, EQ, 08-Aug-2022,128.65,130.5,135.0,128.0,131.15,131.6,131.13,1930463,2531.47,18001,656279,34
NAZARA, EQ, 08-Aug-2022,675.1,665.05,677.95,660.0,661.0,663.55,665.45,458133,3048.63,16860,199910,43.64
NBCC, EQ, 08-Aug-2022,34.55,34.95,35.25,34.45,34.55,34.7,34.78,4672700,1624.93,10493,2063124,44.15
NBIFIN, EQ, 08-Aug-2022,1821.15,1776.75,1830.0,1708.3,1720.0,1735.25,1754.67,171,3.0,57,113,66.08
NCC, EQ, 08-Aug-2022,62.85,63.15,63.85,62.6,63.75,63.65,63.46,1998044,1267.87,7849,983090,49.2
NCLIND, EQ, 08-Aug-2022,175.75,176.8,178.0,174.5,175.0,175.0,176.18,65411,115.24,1937,37832,57.84
NDGL, EQ, 08-Aug-2022,1153.0,1176.05,1198.95,1153.05,1162.2,1164.75,1169.89,133,1.56,34,85,63.91
NDL, EQ, 08-Aug-2022,27.0,27.05,28.3,26.6,27.1,27.0,27.1,119249,32.31,1450,72622,60.9
NDRAUTO, EQ, 08-Aug-2022,375.95,382.9,393.55,373.05,392.0,388.1,384.68,6748,25.96,210,5930,87.88
NDTV, EQ, 08-Aug-2022,298.8,297.9,298.9,278.0,293.75,291.85,287.43,588999,1692.95,11355,226932,38.53
NECCLTD, EQ, 08-Aug-2022,24.85,25.0,25.95,24.75,25.4,25.3,25.52,257575,65.72,1242,138536,53.78
NECLIFE, EQ, 08-Aug-2022,24.1,23.85,24.9,23.85,24.3,24.4,24.53,176707,43.35,907,108597,61.46
NELCAST, EQ, 08-Aug-2022,69.9,69.9,73.0,66.05,68.5,68.7,69.97,264432,185.03,3868,115246,43.58
NELCO, EQ, 08-Aug-2022,638.75,643.0,669.95,635.05,647.0,648.95,647.62,65778,425.99,6511,18194,27.66
NEOGEN, EQ, 08-Aug-2022,1477.45,1455.0,1473.0,1417.35,1427.0,1421.6,1443.71,29094,420.03,6114,12444,42.77
NESCO, EQ, 08-Aug-2022,583.1,586.05,605.35,572.6,576.9,576.6,586.79,151759,890.5,9726,29352,19.34
NESTLEIND, EQ, 08-Aug-2022,19921.5,19905.0,19987.3,19550.0,19762.3,19652.95,19696.52,57459,11317.42,15138,32104,55.87
NETF, EQ, 08-Aug-2022,181.65,181.65,184.0,179.9,182.99,182.78,181.64,11076,20.12,80,10622,95.9
NETWORK18, EQ, 08-Aug-2022,68.1,68.1,68.45,67.1,67.3,67.5,67.89,476713,323.66,3313,250392,52.52
NEULANDLAB, EQ, 08-Aug-2022,1096.15,1105.6,1106.55,1085.75,1093.05,1096.55,1097.39,25853,283.71,3057,10161,39.3
NEWGEN, EQ, 08-Aug-2022,372.05,375.0,409.0,372.5,384.75,385.0,390.76,463911,1812.79,23371,171974,37.07
NEXTMEDIA, EQ, 08-Aug-2022,6.9,7.05,7.05,6.6,6.6,6.6,6.68,39478,2.64,162,26518,67.17
NFL, EQ, 08-Aug-2022,50.65,50.95,51.45,50.0,50.8,50.55,50.51,1329087,671.27,5751,417306,31.4
NGIL, EQ, 08-Aug-2022,132.9,138.5,139.4,134.65,134.8,138.3,137.81,5081,7.0,140,3749,73.78
NGLFINE, EQ, 08-Aug-2022,1687.7,1687.75,1700.95,1613.95,1665.0,1649.65,1661.4,5538,92.01,1447,3147,56.83
NH, EQ, 08-Aug-2022,634.2,634.2,667.8,606.65,659.0,659.65,642.04,254334,1632.93,14078,156377,61.48
NHAI, N2, 08-Aug-2022,1188.85,1191.2,1194.0,1188.0,1189.0,1189.53,1188.7,1772,21.06,46,1698,95.82
NHAI, N4, 08-Aug-2022,1078.8,1112.9,1112.9,1112.48,1112.48,1112.48,1112.62,75,0.83,3,75,100
NHAI, N6, 08-Aug-2022,1229.0,1224.1,1226.98,1224.0,1224.0,1224.0,1224.15,118,1.44,6,84,71.19
NHAI, N8, 08-Aug-2022,1099.0,1106.0,1106.0,1106.0,1106.0,1106.0,1106.0,1,0.01,1,1,100
NHAI, N9, 08-Aug-2022,1165.0,1145.0,1145.0,1145.0,1145.0,1145.0,1145.0,16,0.18,1,16,100
NHAI, NA, 08-Aug-2022,1172.0,1172.0,1172.99,1169.01,1169.15,1171.11,1170.69,566,6.63,19,450,79.51
NHAI, NE, 08-Aug-2022,1221.0,1211.3,1213.5,1211.3,1213.5,1213.5,1212.4,18,0.22,2,9,50
NHBTF2014, N6, 08-Aug-2022,6825.0,6824.0,6825.01,6820.0,6824.0,6824.0,6823.91,176,12.01,13,176,100
NHPC, EQ, 08-Aug-2022,35.9,35.45,35.95,34.85,35.05,35.1,35.36,6901623,2440.48,14810,3733119,54.09
NIACL, EQ, 08-Aug-2022,89.95,89.85,91.85,89.65,90.4,90.3,90.4,505149,456.64,9741,238856,47.28
NIBL, EQ, 08-Aug-2022,25.05,23.0,24.4,22.55,22.75,22.6,23.04,94668,21.81,710,60172,63.56
NIDAN, SM, 08-Aug-2022,41.85,43.0,45.0,38.5,39.05,39.3,40.53,33000,13.38,33,24000,72.73
NIF100BEES, EQ, 08-Aug-2022,183.59,183.5,185.0,181.8,184.29,184.92,183.71,10463,19.22,274,5113,48.87
NIFTYBEES, EQ, 08-Aug-2022,189.25,189.75,191.04,188.3,190.85,190.79,190.24,3810443,7248.88,33991,2763951,72.54
NIITLTD, EQ, 08-Aug-2022,352.45,350.0,358.05,343.0,352.1,352.55,352.63,222416,784.3,7348,79901,35.92
NILAINFRA, EQ, 08-Aug-2022,5.9,5.9,6.2,5.85,5.85,5.9,5.98,251400,15.03,408,148297,58.99
NILASPACES, EQ, 08-Aug-2022,2.9,2.9,3.0,2.9,2.95,2.95,2.93,226596,6.64,366,98206,43.34
NILKAMAL, EQ, 08-Aug-2022,2185.2,2196.15,2260.0,2134.7,2156.0,2146.4,2192.48,8525,186.91,1875,4253,49.89
NIPPOBATRY, EQ, 08-Aug-2022,355.6,358.45,358.45,345.05,350.0,351.6,350.49,4401,15.43,359,2846,64.67
NIRAJ, EQ, 08-Aug-2022,28.4,29.0,29.7,28.25,29.0,28.8,29.05,12125,3.52,236,9872,81.42
NITCO, EQ, 08-Aug-2022,24.25,24.25,24.85,23.9,24.2,24.2,24.22,35216,8.53,328,14114,40.08
NITINSPIN, EQ, 08-Aug-2022,212.35,206.0,206.85,198.05,204.9,204.8,203.92,241059,491.56,6839,129149,53.58
NITIRAJ, EQ, 08-Aug-2022,79.9,80.0,81.8,77.0,79.5,78.1,78.68,3169,2.49,177,2289,72.23
NKIND, BE, 08-Aug-2022,30.8,32.3,32.3,32.3,32.3,32.3,32.3,850,0.27,8, -, -
NLCINDIA, EQ, 08-Aug-2022,72.6,73.1,73.6,71.8,71.9,72.15,72.5,2716214,1969.35,11335,977426,35.98
NMDC, EQ, 08-Aug-2022,110.9,112.25,114.0,112.0,112.75,113.1,113.1,23147201,26180.33,74816,7345470,31.73
NOCIL, EQ, 08-Aug-2022,262.3,263.3,273.45,261.55,269.6,269.8,269.1,968682,2606.73,14517,360199,37.18
NOIDATOLL, EQ, 08-Aug-2022,7.15,7.3,7.35,7.15,7.25,7.25,7.26,62346,4.53,193,50170,80.47
NOVARTIND, EQ, 08-Aug-2022,714.15,718.9,719.8,707.35,717.05,716.25,714.38,8230,58.79,670,5343,64.92
NPBET, EQ, 08-Aug-2022,196.16,199.55,199.55,191.82,197.21,197.2,195.84,12230,23.95,117,7079,57.88
NPST, SM, 08-Aug-2022,95.0,95.05,97.0,95.05,97.0,97.0,96.03,3200,3.07,2,3200,100
NRAIL, EQ, 08-Aug-2022,278.9,282.35,298.9,282.2,295.0,292.55,289.21,64932,187.79,1707,42636,65.66
NRBBEARING, EQ, 08-Aug-2022,140.3,143.0,147.0,142.15,143.4,143.15,144.42,394919,570.34,6149,185006,46.85
NRL, SM, 08-Aug-2022,239.05,241.0,245.0,241.0,243.95,243.8,243.72,58300,142.09,67,34100,58.49
NSIL, EQ, 08-Aug-2022,1441.5,1437.1,1454.9,1420.0,1449.5,1449.3,1443.09,432,6.23,122,274,63.43
NTPC, EQ, 08-Aug-2022,155.6,155.5,160.0,154.95,159.9,159.4,158.93,16964235,26960.66,105658,9188648,54.16
NTPC, N4, 08-Aug-2022,1100.0,1134.95,1134.95,1095.0,1101.0,1101.0,1096.67,300,3.29,4,295,98.33
NTPC, N6, 08-Aug-2022,1360.0,1399.0,1399.0,1358.95,1359.0,1358.96,1359.78,286,3.89,12,261,91.26
NTPC, N7, 08-Aug-2022,13.24,13.1,13.29,13.1,13.25,13.24,13.26,229333,30.42,137,229098,99.9
NTPC, NB, 08-Aug-2022,1119.99,1105.5,1105.5,1105.5,1105.5,1105.5,1105.5,314,3.47,2,157,50
NTPC, ND, 08-Aug-2022,1269.79,1270.0,1274.94,1270.0,1270.0,1270.0,1273.12,745,9.48,11,745,100
NUCLEUS, EQ, 08-Aug-2022,415.5,417.0,422.0,414.0,421.7,417.6,416.77,17674,73.66,1569,9193,52.01
NURECA, EQ, 08-Aug-2022,1000.75,1012.9,1012.9,998.0,1002.0,999.05,1005.66,30406,305.78,3293,18975,62.41
NUVOCO, EQ, 08-Aug-2022,339.2,339.2,349.25,338.05,344.5,344.2,344.16,231175,795.6,7833,120708,52.21
NV20BEES, EQ, 08-Aug-2022,98.87,99.97,99.97,98.54,99.55,99.44,99.32,11768,11.69,146,9884,83.99
NXTDIGITAL, EQ, 08-Aug-2022,407.65,411.0,417.65,407.0,412.5,411.2,413.06,3933,16.25,478,2403,61.1
NYKAA, EQ, 08-Aug-2022,1411.25,1460.0,1473.65,1408.85,1415.0,1416.2,1434.39,1418092,20340.92,88971,299719,21.14
OAL, EQ, 08-Aug-2022,518.25,523.35,523.55,516.0,516.0,516.95,518.88,6125,31.78,444,4838,78.99
OBCL, EQ, 08-Aug-2022,121.85,121.85,125.0,117.4,121.0,119.9,121.58,44051,53.56,932,22568,51.23
OBEROIRLTY, EQ, 08-Aug-2022,896.85,890.1,911.5,889.05,897.5,895.5,900.7,291278,2623.55,9854,54614,18.75
OCCL, EQ, 08-Aug-2022,894.05,893.05,904.7,876.0,876.0,890.55,893.66,2983,26.66,337,1819,60.98
OFSS, EQ, 08-Aug-2022,3365.85,3374.9,3400.0,3342.15,3380.0,3372.45,3373.35,68196,2300.49,7863,27243,39.95
OIL, EQ, 08-Aug-2022,197.8,194.0,201.0,190.8,196.45,197.95,197.09,3164450,6236.8,71945,1297758,41.01
OILCOUNTUB, BE, 08-Aug-2022,8.15,8.15,8.45,8.15,8.3,8.25,8.2,2022,0.17,39, -, -
OLECTRA, EQ, 08-Aug-2022,614.0,615.7,619.6,602.0,606.0,605.75,607.75,136024,826.68,5333,87189,64.1
OMAXAUTO, EQ, 08-Aug-2022,53.85,55.9,55.9,53.85,55.2,54.9,54.85,50904,27.92,699,32358,63.57
OMAXE, EQ, 08-Aug-2022,101.95,101.45,104.5,99.0,101.2,100.7,101.33,158616,160.72,2579,103177,65.05
OMFURN, SM, 08-Aug-2022,14.75,14.05,14.05,14.05,14.05,14.05,14.05,12000,1.69,2,12000,100
OMINFRAL, EQ, 08-Aug-2022,36.15,36.0,37.05,35.0,35.25,35.45,35.8,83019,29.72,791,54475,65.62
OMKARCHEM, EQ, 08-Aug-2022,24.0,23.2,24.95,23.2,24.35,24.15,24.1,18311,4.41,201,11213,61.24
ONELIFECAP, BE, 08-Aug-2022,14.2,13.5,14.45,13.5,13.9,13.8,13.61,30379,4.13,103, -, -
ONEPOINT, EQ, 08-Aug-2022,11.85,11.85,12.2,11.4,11.7,11.55,11.87,1067522,126.66,759,687720,64.42
ONGC, EQ, 08-Aug-2022,136.5,136.3,137.5,135.05,136.4,136.5,136.42,12451233,16986.4,71683,5470135,43.93
ONMOBILE, EQ, 08-Aug-2022,122.55,123.0,123.7,121.0,121.35,121.2,121.63,412546,501.79,3890,173355,42.02
ONWARDTEC, EQ, 08-Aug-2022,248.2,253.5,253.5,248.25,252.0,249.9,249.95,6490,16.22,272,4029,62.08
OPTIEMUS, EQ, 08-Aug-2022,242.45,243.85,244.7,236.7,239.0,238.75,241.44,134910,325.73,4305,84561,62.68
ORBTEXP, EQ, 08-Aug-2022,132.35,135.95,139.95,131.8,131.8,132.85,135.76,89112,120.98,1764,42739,47.96
ORCHPHARMA, BE, 08-Aug-2022,314.1,314.1,322.0,314.0,317.0,314.95,316.54,3317,10.5,99, -, -
ORICONENT, EQ, 08-Aug-2022,27.35,27.85,27.95,27.2,27.65,27.8,27.7,39775,11.02,202,28630,71.98
ORIENTABRA, EQ, 08-Aug-2022,28.1,28.0,29.0,27.7,28.15,28.4,28.4,147090,41.78,810,116213,79.01
ORIENTALTL, EQ, 08-Aug-2022,15.55,15.55,16.9,15.55,15.85,16.1,16.28,363976,59.26,1145,218667,60.08
ORIENTBELL, EQ, 08-Aug-2022,615.4,615.25,619.9,606.45,619.5,616.55,613.05,16916,103.7,1359,6958,41.13
ORIENTCEM, EQ, 08-Aug-2022,118.6,118.65,119.85,116.95,118.7,118.75,118.75,225472,267.74,3954,133199,59.08
ORIENTELEC, EQ, 08-Aug-2022,259.9,264.6,264.6,258.65,260.55,261.0,261.36,130537,341.18,4264,72577,55.6
ORIENTHOT, EQ, 08-Aug-2022,73.05,74.6,76.2,72.05,72.45,72.5,74.33,4752005,3532.25,19994,1683028,35.42
ORIENTLTD, EQ, 08-Aug-2022,63.45,62.8,64.4,62.5,62.5,63.15,63.25,2210,1.4,66,1425,64.48
ORIENTPPR, EQ, 08-Aug-2022,30.65,31.2,31.8,30.7,31.4,31.25,31.2,2181250,680.56,5129,957077,43.88
ORISSAMINE, BE, 08-Aug-2022,2832.2,2836.0,2920.0,2820.0,2877.95,2860.75,2877.4,2251,64.77,300, -, -
ORTEL, BZ, 08-Aug-2022,1.05,1.1,1.1,1.0,1.0,1.0,1.03,50000,0.51,9, -, -
ORTINLAB, EQ, 08-Aug-2022,22.45,22.55,22.8,22.2,22.25,22.35,22.46,21682,4.87,168,17312,79.85
OSIAHYPER, SM, 08-Aug-2022,215.0,247.0,247.0,215.0,215.05,215.05,228.96,8320,19.05,13,4480,53.85
OSWALAGRO, EQ, 08-Aug-2022,37.8,37.55,38.5,37.25,37.75,37.8,37.74,116970,44.14,500,87925,75.17
OSWALSEEDS, SM, 08-Aug-2022,106.0,108.8,108.8,108.5,108.5,108.5,108.7,10000,10.87,5,2000,20
PAGEIND, EQ, 08-Aug-2022,48211.6,48445.0,48727.95,48207.4,48555.95,48627.1,48505.19,8967,4349.46,5469,3300,36.8
PAISALO, EQ, 08-Aug-2022,80.1,80.2,84.45,78.85,79.7,80.05,79.89,1809456,1445.66,5511,1173349,64.85
PALASHSECU, EQ, 08-Aug-2022,90.5,96.0,96.0,89.6,91.0,91.4,92.5,199,0.18,19,137,68.84
PALREDTEC, EQ, 08-Aug-2022,139.85,144.95,145.95,140.55,140.55,142.05,143.05,8230,11.77,275,4589,55.76
PANACEABIO, EQ, 08-Aug-2022,138.05,140.95,140.95,137.9,139.4,138.8,139.54,42256,58.96,966,28599,67.68
PANACHE, EQ, 08-Aug-2022,77.4,77.0,82.0,72.65,77.55,77.8,79.62,16447,13.1,219,12832,78.02
PANAMAPET, EQ, 08-Aug-2022,301.05,302.55,304.5,296.1,296.7,296.8,300.67,106669,320.72,2177,76636,71.84
PANSARI, EQ, 08-Aug-2022,90.0,81.4,89.0,81.4,88.95,88.45,85.13,683,0.58,32,645,94.44
PAR, EQ, 08-Aug-2022,173.0,173.85,174.7,170.0,170.1,170.45,171.41,8889,15.24,306,5998,67.48
PARACABLES, EQ, 08-Aug-2022,11.95,11.95,13.65,11.8,12.8,12.75,12.81,1152360,147.57,2077,742176,64.4
PARADEEP, EQ, 08-Aug-2022,51.05,51.4,51.75,50.4,50.65,50.75,51.02,4196625,2140.91,13777,1749154,41.68
PARAGMILK, EQ, 08-Aug-2022,91.75,91.4,93.0,90.3,91.2,90.95,91.2,598510,545.82,2756,510093,85.23
PARAS, EQ, 08-Aug-2022,651.55,656.75,668.95,648.95,653.0,650.25,656.13,153888,1009.71,7738,49396,32.1
PARSVNATH, EQ, 08-Aug-2022,8.0,8.15,8.15,7.8,8.15,8.1,7.97,758119,60.46,745,589008,77.69
PARTYCRUS, SM, 08-Aug-2022,139.9,146.85,146.85,146.0,146.85,146.85,146.73,44000,64.56,17,36000,81.82
PASHUPATI, SM, 08-Aug-2022,125.0,110.95,127.1,110.95,114.05,114.05,118.83,83200,98.87,20,43200,51.92
PASUPTAC, EQ, 08-Aug-2022,34.1,33.5,34.6,33.5,34.15,33.8,33.96,37381,12.69,422,25049,67.01
PATANJALI, BE, 08-Aug-2022,1113.75,1124.0,1145.0,1110.05,1140.0,1138.35,1135.37,191491,2174.14,5024, -, -
PATELENG, EQ, 08-Aug-2022,23.9,24.5,25.0,23.55,24.7,24.8,24.58,1324510,325.6,2346,645102,48.7
PATINTLOG, EQ, 08-Aug-2022,15.45,15.25,15.8,15.25,15.7,15.5,15.5,96652,14.98,426,62519,64.68
PATINTPP, E1, 08-Aug-2022,6.45,6.6,6.6,6.45,6.55,6.5,6.51,75783,4.93,154,56663,74.77
PAVNAIND, SM, 08-Aug-2022,340.0,350.0,350.0,350.0,350.0,350.0,350.0,13600,47.6,17,13600,100
PAYTM, EQ, 08-Aug-2022,784.3,784.0,844.7,776.15,835.0,834.95,825.82,11165166,92204.69,221060,1855412,16.62
PBAINFRA, EQ, 08-Aug-2022,13.9,13.65,14.3,12.65,13.85,13.75,13.6,13482,1.83,166,10037,74.45
PCBL, EQ, 08-Aug-2022,124.25,124.9,126.0,120.35,123.0,123.0,123.95,1056711,1309.79,8566,513522,48.6
PCJEWELLER, EQ, 08-Aug-2022,54.7,54.7,57.4,53.2,56.9,57.35,56.57,7870069,4452.32,16065,4182734,53.15
PDMJEPAPER, EQ, 08-Aug-2022,40.0,40.7,41.35,40.1,40.9,40.75,40.61,159785,64.9,1286,96265,60.25
PDPL, BE, 08-Aug-2022,3.7,3.65,3.65,3.55,3.55,3.55,3.56,1584,0.06,6, -, -
PDSL, EQ, 08-Aug-2022,1719.4,1701.0,1714.7,1668.0,1671.05,1677.75,1687.3,3330,56.19,764,1962,58.92
PEARLPOLY, EQ, 08-Aug-2022,23.85,24.0,26.0,23.25,24.5,24.55,24.49,37538,9.19,345,24781,66.02
PEL, EQ, 08-Aug-2022,1726.1,1730.4,1809.9,1730.4,1793.8,1789.6,1784.71,1528174,27273.49,66055,320146,20.95
PENIND, EQ, 08-Aug-2022,37.75,37.6,38.55,37.25,37.4,37.65,37.96,830552,315.28,1999,642221,77.32
PENINLAND, EQ, 08-Aug-2022,10.35,10.35,10.6,9.8,9.9,9.85,10.06,128541,12.93,510,100332,78.05
PERSISTENT, EQ, 08-Aug-2022,3792.45,3798.0,3829.4,3754.7,3760.0,3763.55,3785.75,152361,5768.0,25537,61090,40.1
PETRONET, EQ, 08-Aug-2022,215.85,216.7,216.7,208.25,210.95,210.65,210.47,2365033,4977.61,23399,750255,31.72
PFC, EQ, 08-Aug-2022,118.75,119.15,119.35,116.8,117.7,117.7,117.66,4393175,5168.98,17963,2410422,54.87
PFC, N5, 08-Aug-2022,1191.0,1190.0,1190.99,1190.0,1190.99,1190.18,1190.19,433,5.15,6,433,100
PFC, N8, 08-Aug-2022,1355.02,1356.05,1357.0,1354.5,1357.0,1356.56,1356.3,450,6.1,9,450,100
PFIZER, EQ, 08-Aug-2022,4202.1,4162.0,4194.95,4130.0,4160.0,4172.95,4180.4,50087,2093.84,3111,40684,81.23
PFOCUS, EQ, 08-Aug-2022,72.6,74.95,74.95,71.0,73.95,73.25,72.89,18508,13.49,264,12650,68.35
PFS, EQ, 08-Aug-2022,15.9,15.65,15.85,15.15,15.35,15.35,15.39,718173,110.51,1584,564690,78.63
PGEL, BE, 08-Aug-2022,922.9,920.1,941.0,910.0,928.95,915.65,917.57,5550,50.93,248, -, -
PGHH, EQ, 08-Aug-2022,14078.25,14289.95,14724.8,14151.0,14560.0,14578.1,14419.35,8871,1279.14,4342,2518,28.38
PGHL, EQ, 08-Aug-2022,4430.25,4454.0,4457.05,4400.0,4410.0,4408.45,4425.65,1835,81.21,1038,854,46.54
PGIL, EQ, 08-Aug-2022,416.25,424.55,445.85,422.55,433.0,433.6,434.75,64162,278.94,2319,20708,32.27
PGINVIT, IV, 08-Aug-2022,134.99,135.05,136.05,133.8,134.65,134.18,135.65,327439,444.17,1373,288338,88.06
PHARMABEES, EQ, 08-Aug-2022,13.05,13.14,13.19,12.98,13.06,13.03,13.04,403774,52.67,1193,308878,76.5
PHOENIXLTD, EQ, 08-Aug-2022,1300.15,1300.15,1322.3,1290.0,1305.0,1307.3,1307.51,114521,1497.37,12098,26133,22.82
PIDILITIND, EQ, 08-Aug-2022,2640.85,2650.0,2655.55,2610.0,2641.0,2649.35,2639.64,496035,13093.55,53428,279667,56.38
PIGL, SM, 08-Aug-2022,46.0,45.6,45.6,45.6,45.6,45.6,45.6,2000,0.91,1,2000,100
PIIND, EQ, 08-Aug-2022,3245.3,3259.8,3262.7,3177.05,3220.2,3223.6,3222.07,202898,6537.52,22744,88504,43.62
PILANIINVS, EQ, 08-Aug-2022,1716.65,1732.7,1749.0,1720.5,1733.0,1733.15,1737.4,752,13.07,199,523,69.55
PILITA, EQ, 08-Aug-2022,8.05,8.15,8.4,7.9,8.2,8.15,8.25,605788,49.96,1207,308565,50.94
PIONDIST, EQ, 08-Aug-2022,157.15,155.85,159.75,154.35,159.55,157.65,157.44,692,1.09,50,230,33.24
PIONEEREMB, EQ, 08-Aug-2022,45.7,46.55,46.55,45.5,45.8,45.8,45.72,8467,3.87,95,6958,82.18
PITTIENG, EQ, 08-Aug-2022,361.75,363.0,374.25,360.0,362.1,362.0,364.78,140763,513.47,8297,42594,30.26
PIXTRANS, EQ, 08-Aug-2022,923.45,952.0,971.1,928.05,954.0,956.85,952.86,24411,232.6,4175,15127,61.97
PKTEA, BE, 08-Aug-2022,276.15,276.15,279.95,265.0,265.0,265.4,266.89,310,0.83,20, -, -
PLASTIBLEN, EQ, 08-Aug-2022,210.55,210.75,211.05,207.4,208.45,207.9,208.99,7087,14.81,288,5499,77.59
PNB, EQ, 08-Aug-2022,33.55,33.45,33.75,33.25,33.3,33.35,33.46,19970390,6681.9,42597,4638524,23.23
PNBGILTS, EQ, 08-Aug-2022,67.75,68.0,69.4,67.8,68.7,68.65,68.61,371246,254.73,3271,227471,61.27
PNBHOUSING, EQ, 08-Aug-2022,345.3,346.9,351.95,342.55,348.9,348.2,348.87,153841,536.7,5420,80031,52.02
PNC, EQ, 08-Aug-2022,41.65,40.85,42.45,40.65,41.0,41.1,41.3,15105,6.24,182,9238,61.16
PNCINFRA, EQ, 08-Aug-2022,251.75,253.1,258.0,251.7,255.05,253.4,254.54,215123,547.56,6452,124502,57.87
PODDARHOUS, BE, 08-Aug-2022,194.85,197.9,197.9,187.0,193.8,190.25,194.29,2368,4.6,64, -, -
PODDARMENT, EQ, 08-Aug-2022,255.75,257.95,263.5,247.75,258.95,250.3,252.28,30377,76.63,726,25148,82.79
POKARNA, EQ, 08-Aug-2022,624.05,623.85,635.0,622.0,625.2,626.8,630.0,94717,596.71,3505,51063,53.91
POLICYBZR, EQ, 08-Aug-2022,571.25,571.0,571.0,553.0,560.05,557.45,559.58,643976,3603.56,47078,283411,44.01
POLYCAB, EQ, 08-Aug-2022,2360.65,2355.0,2382.0,2345.35,2360.0,2360.45,2369.87,132693,3144.65,11274,58100,43.79
POLYMED, EQ, 08-Aug-2022,727.2,720.0,737.6,710.0,724.0,730.45,725.95,28508,206.95,3753,14956,52.46
POLYPLEX, EQ, 08-Aug-2022,2398.4,2403.05,2421.9,2335.0,2339.9,2340.1,2365.74,153450,3630.22,12602,88671,57.78
PONNIERODE, EQ, 08-Aug-2022,256.15,253.9,259.75,248.0,252.5,252.7,253.63,31269,79.31,976,18217,58.26
POONAWALLA, EQ, 08-Aug-2022,271.9,272.5,275.9,267.15,272.35,272.2,271.49,1902796,5165.99,15801,653953,34.37
POWERGRID, EQ, 08-Aug-2022,223.65,225.0,226.3,221.1,221.55,221.9,223.49,6294031,14066.28,54989,3616961,57.47
POWERINDIA, EQ, 08-Aug-2022,3525.9,3550.0,3550.0,3412.5,3430.0,3426.65,3464.93,196377,6804.32,6363,177882,90.58
POWERMECH, EQ, 08-Aug-2022,991.65,992.5,1045.0,992.5,1035.0,1036.8,1028.74,105134,1081.55,8185,45119,42.92
PPAP, EQ, 08-Aug-2022,214.55,211.1,223.1,211.1,218.5,217.7,217.14,7340,15.94,409,3839,52.3
PPL, EQ, 08-Aug-2022,170.1,170.3,172.65,168.55,169.7,169.45,169.86,44820,76.13,1762,29177,65.1
PRAENG, EQ, 08-Aug-2022,14.45,14.75,15.5,14.3,14.4,14.4,14.57,62204,9.06,284,28950,46.54
PRAJIND, EQ, 08-Aug-2022,383.25,383.25,386.9,378.0,379.3,379.95,383.08,329131,1260.84,8517,162151,49.27
PRAKASH, EQ, 08-Aug-2022,52.0,52.0,53.8,51.95,52.7,52.5,52.94,419339,222.0,4065,208024,49.61
PRAKASHSTL, EQ, 08-Aug-2022,5.6,5.95,6.7,5.9,6.65,6.7,6.48,16742732,1084.28,12806,5815646,34.74
PRAXIS, EQ, 08-Aug-2022,32.25,32.75,34.05,31.0,34.0,33.85,33.03,85515,28.24,296,78017,91.23
PRECAM, EQ, 08-Aug-2022,130.55,130.55,137.5,129.45,135.6,134.85,135.18,330728,447.09,5531,112796,34.11
PRECISION, SM, 08-Aug-2022,27.0,27.0,27.2,27.0,27.2,27.2,27.07,6000,1.62,3,6000,100
PRECOT, EQ, 08-Aug-2022,234.05,241.05,243.0,232.05,236.0,238.65,239.32,3663,8.77,294,1898,51.82
PRECWIRE, EQ, 08-Aug-2022,84.2,88.0,88.0,84.2,86.05,86.5,86.29,309291,266.88,5052,196324,63.48
PREMEXPLN, EQ, 08-Aug-2022,332.15,332.15,338.95,319.55,337.95,331.5,333.08,12956,43.15,318,6877,53.08
PREMIER, BE, 08-Aug-2022,4.3,4.15,4.35,4.15,4.2,4.2,4.23,15634,0.66,48, -, -
PREMIERPOL, EQ, 08-Aug-2022,104.25,106.0,110.05,102.5,104.6,104.1,106.71,85334,91.06,1649,45045,52.79
PRESSMN, EQ, 08-Aug-2022,44.05,44.0,45.65,42.5,45.35,44.7,44.38,76571,33.99,470,55102,71.96
PRESTIGE, EQ, 08-Aug-2022,432.25,434.0,438.0,428.05,432.0,431.25,433.09,195695,847.54,6137,80614,41.19
PRICOLLTD, EQ, 08-Aug-2022,157.0,157.0,158.9,155.65,156.55,158.0,157.3,439823,691.82,3180,229891,52.27
PRIMESECU, EQ, 08-Aug-2022,115.4,117.0,117.0,114.0,114.0,114.55,114.97,6453,7.42,123,4014,62.2
PRINCEPIPE, EQ, 08-Aug-2022,633.45,638.7,649.6,627.05,636.0,635.2,639.97,416884,2667.93,19983,116285,27.89
PRITI, EQ, 08-Aug-2022,161.2,165.0,169.25,161.2,169.25,168.9,166.7,54065,90.12,915,32719,60.52
PRITIKAUTO, EQ, 08-Aug-2022,13.4,13.55,13.75,13.3,13.45,13.4,13.47,187445,25.25,445,156523,83.5
PRIVISCL, EQ, 08-Aug-2022,1253.15,1264.25,1308.1,1250.0,1294.0,1292.8,1289.01,27809,358.46,4254,13935,50.11
PROPEQUITY, SM, 08-Aug-2022,140.0,140.0,140.0,136.0,139.9,139.9,138.71,8400,11.65,7,8400,100
PROZONINTU, EQ, 08-Aug-2022,25.15,25.3,25.55,24.3,24.65,24.65,24.98,198204,49.51,1372,109060,55.02
PRSMJOHNSN, EQ, 08-Aug-2022,123.7,125.2,126.0,122.1,122.3,123.05,124.42,535961,666.83,5081,286120,53.38
PRUDENT, EQ, 08-Aug-2022,626.55,615.15,629.85,612.65,625.15,622.0,617.91,28791,177.9,2093,16778,58.28
PSB, EQ, 08-Aug-2022,15.2,15.3,15.4,15.1,15.25,15.2,15.25,278376,42.46,832,221166,79.45
PSPPROJECT, EQ, 08-Aug-2022,615.2,614.9,644.65,607.15,639.0,636.25,632.82,231090,1462.39,8367,68472,29.63
PSUBNKBEES, EQ, 08-Aug-2022,31.44,31.44,31.46,31.0,31.33,31.3,31.29,397504,124.37,1510,291517,73.34
PTC, EQ, 08-Aug-2022,83.9,83.25,83.55,82.05,82.7,82.75,82.76,434874,359.89,3866,289599,66.59
PTL, EQ, 08-Aug-2022,30.25,30.25,30.65,30.1,30.4,30.35,30.34,33445,10.15,747,24372,72.87
PUNJABCHEM, EQ, 08-Aug-2022,1353.1,1378.9,1378.9,1325.0,1330.25,1339.55,1340.7,3454,46.31,1150,2205,63.84
PUNJLLOYD, BZ, 08-Aug-2022,1.9,1.9,1.9,1.85,1.9,1.9,1.86,135926,2.53,153, -, -
PURVA, EQ, 08-Aug-2022,99.8,100.35,101.0,98.15,99.9,99.65,99.61,71807,71.53,2110,33862,47.16
PVP, EQ, 08-Aug-2022,7.1,7.0,7.3,6.75,6.75,6.85,6.88,467967,32.18,498,283105,60.5
PVR, EQ, 08-Aug-2022,2110.85,2110.0,2134.95,2092.2,2121.35,2128.3,2121.8,322722,6847.51,16101,94681,29.34
QGOLDHALF, EQ, 08-Aug-2022,44.48,44.49,44.49,44.3,44.41,44.41,44.39,9009,4.0,623,6234,69.2
QNIFTY, EQ, 08-Aug-2022,1834.33,1830.0,1850.05,1821.0,1848.0,1849.71,1847.1,216,3.99,48,189,87.5
QUESS, EQ, 08-Aug-2022,568.4,566.6,576.85,564.85,571.9,570.0,569.24,114041,649.17,5435,58897,51.65
QUICKHEAL, EQ, 08-Aug-2022,208.8,212.0,214.2,210.0,210.65,211.05,212.04,105645,224.01,3816,48695,46.09
QUINTEGRA, BE, 08-Aug-2022,1.2,1.2,1.25,1.15,1.15,1.15,1.21,52788,0.64,47, -, -
RADAAN, BE, 08-Aug-2022,1.35,1.35,1.35,1.3,1.35,1.35,1.34,17407,0.23,42, -, -
RADHIKAJWE, EQ, 08-Aug-2022,162.35,165.5,165.5,157.95,160.9,160.7,161.07,28649,46.15,783,12717,44.39
RADICO, EQ, 08-Aug-2022,921.5,926.0,928.75,911.45,918.9,916.3,916.58,136790,1253.78,5624,71633,52.37
RADIOCITY, EQ, 08-Aug-2022,24.7,24.85,24.9,24.35,24.5,24.4,24.68,138033,34.06,315,86905,62.96
RAILTEL, EQ, 08-Aug-2022,98.6,98.8,100.0,98.35,98.75,98.85,98.99,273460,270.69,5719,119189,43.59
RAIN, EQ, 08-Aug-2022,190.0,190.5,196.5,188.9,193.7,193.1,194.11,3920735,7610.47,33490,719312,18.35
RAINBOW, EQ, 08-Aug-2022,472.6,475.85,478.15,469.55,473.75,474.1,473.9,122219,579.19,6237,67884,55.54
RAJESHEXPO, EQ, 08-Aug-2022,619.0,622.1,622.75,605.05,608.0,609.15,610.04,143974,878.29,8385,58697,40.77
RAJMET, EQ, 08-Aug-2022,467.55,467.8,470.0,462.3,463.9,462.8,464.67,19711,91.59,721,8023,40.7
RAJRATAN, EQ, 08-Aug-2022,952.1,964.0,1004.0,961.0,996.25,996.05,982.6,152291,1496.41,10581,44185,29.01
RAJRILTD, BE, 08-Aug-2022,10.9,11.1,11.1,11.1,11.1,11.1,11.1,544,0.06,10, -, -
RAJSREESUG, EQ, 08-Aug-2022,36.8,37.45,37.7,35.8,37.0,36.85,37.0,31247,11.56,371,20669,66.15
RAJTV, BE, 08-Aug-2022,51.55,52.0,52.05,49.0,51.05,50.6,50.1,11396,5.71,109, -, -
RALLIS, EQ, 08-Aug-2022,226.8,227.85,229.2,225.0,225.8,225.3,227.36,233405,530.67,4844,97173,41.63
RAMANEWS, EQ, 08-Aug-2022,16.4,16.35,16.8,16.05,16.35,16.35,16.32,35865,5.85,421,19700,54.93
RAMAPHO, EQ, 08-Aug-2022,273.75,277.0,277.0,271.5,275.0,272.5,273.53,35052,95.88,479,30951,88.3
RAMASTEEL, EQ, 08-Aug-2022,481.25,485.9,494.95,475.65,477.6,483.9,486.95,175834,856.22,4591,87701,49.88
RAMCOCEM, EQ, 08-Aug-2022,756.8,756.8,759.0,745.9,755.45,755.1,753.9,567789,4280.56,12340,305359,53.78
RAMCOIND, EQ, 08-Aug-2022,192.4,193.4,193.9,191.0,193.0,192.05,192.25,30107,57.88,940,19305,64.12
RAMCOSYS, EQ, 08-Aug-2022,274.35,276.85,279.0,273.1,275.9,275.85,276.57,66185,183.04,2613,28680,43.33
RAMKY, EQ, 08-Aug-2022,170.1,172.45,178.15,171.2,174.5,173.35,174.41,51336,89.54,1618,27673,53.91
RAMRAT, EQ, 08-Aug-2022,279.45,283.75,303.0,280.15,301.0,300.8,297.22,129506,384.91,3794,82623,63.8
RANASUG, EQ, 08-Aug-2022,26.4,26.5,26.6,25.3,25.9,25.85,26.11,392197,102.4,2186,264620,67.47
RANEENGINE, EQ, 08-Aug-2022,249.75,249.0,249.5,241.0,241.0,241.75,244.45,1837,4.49,186,1213,66.03
RANEHOLDIN, EQ, 08-Aug-2022,705.5,713.3,727.0,702.1,704.0,703.45,712.89,38697,275.87,2047,27494,71.05
RATEGAIN, EQ, 08-Aug-2022,293.4,296.0,296.0,280.55,283.45,281.9,284.2,484895,1378.06,12540,214000,44.13
RATNAMANI, EQ, 08-Aug-2022,1735.35,1735.35,1760.0,1707.0,1710.0,1724.4,1735.14,10281,178.39,2314,6274,61.03
RAYMOND, EQ, 08-Aug-2022,970.2,974.0,983.0,925.15,935.9,933.4,939.55,316633,2974.92,13500,160330,50.64
RBA, EQ, 08-Aug-2022,125.1,125.1,125.6,122.9,124.0,123.65,123.88,416389,515.84,6149,217446,52.22
RBL, EQ, 08-Aug-2022,708.65,708.85,714.0,701.0,701.0,703.1,707.59,5595,39.59,811,2080,37.18
RBLBANK, EQ, 08-Aug-2022,96.4,97.0,98.75,96.0,98.1,98.25,97.87,11610260,11363.03,27494,2464446,21.23
RCF, EQ, 08-Aug-2022,96.15,96.5,96.6,93.6,95.5,95.0,94.99,3435491,3263.26,15826,880144,25.62
RCOM, BE, 08-Aug-2022,2.2,2.25,2.25,2.15,2.25,2.2,2.2,2623089,57.76,4075, -, -
RECLTD, EQ, 08-Aug-2022,133.5,134.4,134.4,132.55,133.5,133.45,133.27,2909057,3876.88,17139,1804044,62.01
RECLTD, N1, 08-Aug-2022,1058.0,1055.95,1055.95,1055.77,1055.77,1055.77,1055.79,1100,11.61,3,1100,100
RECLTD, N2, 08-Aug-2022,1135.0,1135.1,1139.1,1135.1,1139.1,1139.1,1135.18,510,5.79,2,510,100
RECLTD, N4, 08-Aug-2022,1108.0,1112.0,1116.0,1112.0,1113.1,1113.1,1113.46,150,1.67,5,60,40
RECLTD, N8, 08-Aug-2022,1100.0,1100.0,1100.0,1098.0,1098.0,1098.0,1099.0,2,0.02,2,1,50
RECLTD, N9, 08-Aug-2022,1226.82,1225.0,1230.0,1225.0,1227.0,1229.0,1227.88,598,7.34,21,598,100
RECLTD, NC, 08-Aug-2022,3270.4,2616.35,2616.35,2616.35,2616.35,2616.35,2616.35,7,0.18,4,7,100
RECLTD, NF, 08-Aug-2022,1251.61,1256.79,1256.79,1248.0,1248.0,1248.0,1250.42,109,1.36,3,109,100
RECLTD, NI, 08-Aug-2022,1129.0,1129.0,1129.0,1128.0,1128.0,1128.0,1128.0,301,3.4,3,301,100
REDINGTON, EQ, 08-Aug-2022,144.8,144.85,146.7,143.3,144.55,144.85,144.68,2495736,3610.79,19786,999585,40.05
REFEX, EQ, 08-Aug-2022,131.75,134.95,135.05,128.2,129.5,128.6,131.29,134247,176.25,3311,66685,49.67
REGENCERAM, BE, 08-Aug-2022,7.6,7.95,7.95,7.95,7.95,7.95,7.95,1425,0.11,7, -, -
RELAXO, EQ, 08-Aug-2022,998.4,1005.3,1011.0,995.25,1005.5,1002.0,1003.84,124470,1249.48,10625,44346,35.63
RELCAPITAL, BE, 08-Aug-2022,14.25,14.8,14.95,13.95,14.55,14.45,14.66,1104459,161.9,4835, -, -
RELCHEMQ, EQ, 08-Aug-2022,219.55,219.0,223.25,213.0,217.6,214.35,217.31,5135,11.16,341,2416,47.05
RELIANCE, EQ, 08-Aug-2022,2534.0,2531.0,2583.55,2531.0,2568.0,2567.15,2567.43,4691228,120444.18,172002,2615697,55.76
RELIGARE, EQ, 08-Aug-2022,130.0,131.0,132.0,127.0,128.4,129.85,129.18,331692,428.49,3172,193023,58.19
RELINFRA, EQ, 08-Aug-2022,120.0,120.85,120.85,114.4,115.3,115.85,116.56,2696800,3143.38,14666,1357192,50.33
REMSONSIND, EQ, 08-Aug-2022,217.5,212.15,220.35,212.15,215.5,215.55,215.56,1048,2.26,74,482,45.99
RENUKA, EQ, 08-Aug-2022,48.25,48.45,48.75,47.0,47.15,47.4,48.06,6218083,2988.62,14646,2253646,36.24
REPCOHOME, EQ, 08-Aug-2022,154.55,155.25,158.0,152.1,157.05,156.4,154.94,156222,242.05,6126,65830,42.14
REPL, EQ, 08-Aug-2022,180.8,180.8,182.45,177.3,180.8,179.2,179.44,8043,14.43,308,5652,70.27
REPRO, EQ, 08-Aug-2022,411.95,410.7,468.0,408.05,455.0,460.6,453.92,122667,556.81,6772,59392,48.42
RESPONIND, EQ, 08-Aug-2022,138.6,138.7,143.9,138.35,141.8,141.05,141.03,25850,36.46,534,13554,52.43
REVATHI, EQ, 08-Aug-2022,691.25,707.0,719.0,692.0,707.0,698.4,703.77,3836,27.0,161,3294,85.87
RGL, EQ, 08-Aug-2022,120.35,122.0,127.0,118.45,125.3,124.95,123.54,117818,145.55,2387,11798,10.01
RHFL, EQ, 08-Aug-2022,3.25,3.3,3.4,3.2,3.3,3.25,3.28,813307,26.7,1154,454512,55.88
RHFL, N6, 08-Aug-2022,349.28,340.0,345.95,330.2,330.2,331.32,342.57,1899,6.51,20,1899,100
RHIM, EQ, 08-Aug-2022,501.65,501.5,518.9,501.5,509.2,510.75,509.07,183976,936.57,10443,107470,58.42
RICHA, SM, 08-Aug-2022,102.65,97.55,97.55,97.55,97.55,97.55,97.55,1000,0.98,1,1000,100
RICOAUTO, EQ, 08-Aug-2022,48.55,48.55,51.3,47.9,48.1,48.55,49.87,3312509,1651.91,16056,966420,29.17
RIIL, EQ, 08-Aug-2022,958.9,960.0,975.9,953.4,960.0,961.7,964.48,514627,4963.49,15447,70976,13.79
RILINFRA, SM, 08-Aug-2022,267.45,270.2,272.4,270.2,271.5,271.5,270.86,17000,46.05,13,9000,52.94
RITCO, EQ, 08-Aug-2022,157.05,162.55,162.55,154.95,158.0,157.8,157.8,28367,44.76,572,19782,69.74
RITES, EQ, 08-Aug-2022,265.75,265.75,266.45,263.1,264.25,265.7,265.21,77254,204.88,6673,48377,62.62
RKDL, EQ, 08-Aug-2022,11.4,11.5,11.55,10.5,10.5,10.6,10.78,5261,0.57,98,3801,72.25
RKEC, EQ, 08-Aug-2022,46.6,46.5,47.9,43.8,45.1,45.15,45.56,16310,7.43,254,9327,57.19
RKFORGE, EQ, 08-Aug-2022,191.05,191.9,191.9,188.3,189.6,189.4,190.34,261797,498.29,5419,126802,48.44
RMCL, BZ, 08-Aug-2022,1.7,1.75,1.75,1.65,1.7,1.7,1.7,22686,0.39,50, -, -
RMDRIP, SM, 08-Aug-2022,12.75,13.35,13.35,13.35,13.35,13.35,13.35,2000,0.27,1,2000,100
RML, EQ, 08-Aug-2022,385.1,385.1,386.9,374.7,376.6,378.35,379.65,8097,30.74,485,5619,69.4
RNAVAL, BZ, 08-Aug-2022,2.95,2.95,3.05,2.9,2.9,2.9,2.95,599723,17.7,460, -, -
ROHLTD, EQ, 08-Aug-2022,176.0,178.4,197.7,176.75,193.4,192.35,188.93,518582,979.75,13212,211803,40.84
ROLEXRINGS, EQ, 08-Aug-2022,1761.1,1772.0,1821.0,1737.65,1815.0,1803.85,1794.96,69789,1252.68,7617,35795,51.29
ROLLT, EQ, 08-Aug-2022,1.35,1.4,1.45,1.4,1.45,1.45,1.43,459840,6.58,132,384541,83.62
ROLTA, EQ, 08-Aug-2022,5.3,5.25,5.3,5.05,5.05,5.05,5.1,418665,21.33,540,265566,63.43
ROML, BE, 08-Aug-2022,61.0,60.2,62.0,60.2,61.5,61.45,61.17,1537,0.94,63, -, -
ROSSARI, EQ, 08-Aug-2022,949.9,950.0,961.9,929.8,931.5,934.8,945.21,67009,633.37,6945,31093,46.4
ROSSELLIND, EQ, 08-Aug-2022,209.2,209.0,219.3,207.3,210.2,213.5,212.82,59262,126.12,2125,28504,48.1
ROTO, EQ, 08-Aug-2022,453.55,455.05,462.65,445.0,455.0,450.0,452.59,15084,68.27,817,9061,60.07
ROUTE, EQ, 08-Aug-2022,1474.25,1474.7,1500.0,1448.0,1494.95,1494.9,1485.28,395779,5878.42,18564,129093,32.62
RPGLIFE, EQ, 08-Aug-2022,644.4,650.0,690.0,646.0,686.0,684.3,676.94,99546,673.86,6458,44636,44.84
RPOWER, EQ, 08-Aug-2022,13.15,13.0,13.5,12.9,13.5,13.3,13.13,18844949,2473.8,12592,6332209,33.6
RPPINFRA, EQ, 08-Aug-2022,36.55,36.9,37.25,35.45,35.6,35.65,36.11,47502,17.15,578,28210,59.39
RPPL, EQ, 08-Aug-2022,185.7,189.85,189.85,184.0,186.0,184.5,186.17,8173,15.22,266,4826,59.05
RPSGVENT, EQ, 08-Aug-2022,543.65,543.65,553.2,540.0,542.4,544.4,546.17,13536,73.93,1415,6794,50.19
RSSOFTWARE, EQ, 08-Aug-2022,29.0,28.9,29.75,28.15,28.7,28.75,29.02,45389,13.17,651,20142,44.38
RSWM, EQ, 08-Aug-2022,401.85,405.7,408.0,394.1,398.5,396.35,399.21,111090,443.48,5275,71001,63.91
RSYSTEMS, EQ, 08-Aug-2022,246.75,250.0,250.0,241.25,244.0,243.3,244.35,50929,124.44,1815,21841,42.89
RTNINDIA, EQ, 08-Aug-2022,45.05,45.25,45.6,44.15,44.6,44.4,44.83,950780,426.26,4721,591785,62.24
RTNPOWER, EQ, 08-Aug-2022,3.9,4.0,4.0,3.8,3.85,3.8,3.87,13212478,511.26,6617,8748689,66.22
RUBYMILLS, EQ, 08-Aug-2022,469.75,478.8,478.8,462.0,464.1,464.95,466.94,47006,219.49,2499,20311,43.21
RUCHINFRA, BE, 08-Aug-2022,8.0,8.1,8.1,7.9,8.0,7.95,8.02,74003,5.93,241, -, -
RUCHIRA, EQ, 08-Aug-2022,132.75,133.45,135.0,130.45,134.6,134.2,133.3,260498,347.25,3539,113973,43.75
RUPA, EQ, 08-Aug-2022,371.25,371.45,373.3,365.3,367.0,366.5,369.03,112875,416.54,4236,54506,48.29
RUSHIL, EQ, 08-Aug-2022,474.7,520.0,558.7,513.05,529.25,529.5,533.13,622557,3319.06,17471,284361,45.68
RVHL, EQ, 08-Aug-2022,22.75,22.75,23.2,21.15,21.95,21.6,21.91,16815,3.68,149,13247,78.78
RVNL, EQ, 08-Aug-2022,30.95,31.15,31.3,30.9,31.15,31.1,31.11,2191796,681.77,7209,1350829,61.63
SABEVENTS, BE, 08-Aug-2022,6.45,6.6,6.75,6.2,6.65,6.7,6.48,6264,0.41,47, -, -
SABTN, BE, 08-Aug-2022,1.75,1.75,1.8,1.7,1.7,1.7,1.7,17840,0.3,21, -, -
SADBHAV, EQ, 08-Aug-2022,15.0,15.5,15.5,14.35,14.6,14.55,14.74,1259075,185.63,3102,1034171,82.14
SADBHIN, EQ, 08-Aug-2022,7.25,7.4,7.4,6.9,7.0,7.0,6.99,892345,62.37,1188,616797,69.12
SAFARI, EQ, 08-Aug-2022,1173.2,1160.0,1217.95,1160.0,1200.0,1201.15,1196.31,9051,108.28,2593,3923,43.34
SAGARDEEP, EQ, 08-Aug-2022,28.25,28.85,33.9,28.3,33.9,33.9,32.2,141262,45.49,1081,93800,66.4
SAGCEM, EQ, 08-Aug-2022,186.2,185.0,196.0,185.0,192.0,190.85,191.52,135839,260.16,5906,56299,41.45
SAIL, EQ, 08-Aug-2022,77.6,77.75,78.6,76.85,78.15,78.15,77.9,19680701,15331.17,44514,5492477,27.91
SAKAR, BE, 08-Aug-2022,199.55,191.0,191.0,189.6,189.6,189.6,189.62,8573,16.26,99, -, -
SAKHTISUG, EQ, 08-Aug-2022,16.1,16.55,16.55,16.05,16.15,16.1,16.18,89660,14.5,376,51799,57.77
SAKSOFT, EQ, 08-Aug-2022,1041.95,1047.05,1084.85,1005.55,1043.0,1055.95,1047.2,94965,994.47,10479,38053,40.07
SAKUMA, EQ, 08-Aug-2022,13.65,13.65,14.0,13.45,13.6,13.6,13.67,309546,42.3,844,193229,62.42
SALASAR, EQ, 08-Aug-2022,27.3,27.15,28.5,26.65,28.5,28.25,27.68,365881,101.27,1950,219558,60.01
SALONA, EQ, 08-Aug-2022,213.9,208.55,214.85,208.0,208.2,208.45,209.66,1689,3.54,96,892,52.81
SALSTEEL, EQ, 08-Aug-2022,8.7,8.7,8.8,8.55,8.7,8.65,8.7,92878,8.08,404,55581,59.84
SALZERELEC, EQ, 08-Aug-2022,180.45,183.4,183.4,178.0,181.5,181.2,180.06,25568,46.04,1337,13522,52.89
SAMBHAAV, EQ, 08-Aug-2022,3.75,3.8,4.0,3.6,3.95,3.85,3.82,121102,4.62,176,77306,63.84
SANCO, EQ, 08-Aug-2022,10.6,9.65,10.6,9.65,9.9,9.95,9.96,81723,8.14,281,51473,62.98
SANDESH, EQ, 08-Aug-2022,723.95,734.75,868.7,723.95,868.7,868.7,832.39,24208,201.51,1738,17183,70.98
SANDHAR, EQ, 08-Aug-2022,241.5,241.5,244.0,236.35,239.2,239.55,240.02,53394,128.16,3796,27783,52.03
SANGAMIND, EQ, 08-Aug-2022,262.65,267.9,267.9,261.6,264.0,264.05,264.15,12563,33.19,493,8127,64.69
SANGHIIND, EQ, 08-Aug-2022,40.85,41.0,41.5,40.3,40.5,40.7,40.88,426716,174.45,1957,277427,65.01
SANGHVIMOV, EQ, 08-Aug-2022,221.95,221.0,233.05,221.0,225.0,225.3,225.28,33847,76.25,1918,18700,55.25
SANGINITA, EQ, 08-Aug-2022,21.1,21.45,21.5,20.6,20.85,20.8,20.84,15760,3.28,94,8418,53.41
SANOFI, EQ, 08-Aug-2022,6542.6,6508.0,6579.0,6456.1,6522.8,6518.25,6526.55,17002,1109.64,4886,11266,66.26
SANSERA, EQ, 08-Aug-2022,741.15,760.0,760.45,733.45,751.0,749.85,744.88,61086,455.02,7341,23780,38.93
SANWARIA, BZ, 08-Aug-2022,0.8,0.85,0.85,0.75,0.8,0.8,0.78,658847,5.13,568, -, -
SAPPHIRE, EQ, 08-Aug-2022,1285.25,1276.0,1303.25,1250.0,1275.0,1277.2,1277.78,63597,812.63,5062,18748,29.48
SARDAEN, EQ, 08-Aug-2022,875.05,876.0,876.15,855.0,857.0,858.05,863.24,29463,254.34,2494,17702,60.08
SAREGAMA, EQ, 08-Aug-2022,403.7,396.35,408.95,390.1,396.8,394.05,399.44,211625,845.32,12945,134588,63.6
SARLAPOLY, EQ, 08-Aug-2022,48.25,48.85,49.25,48.3,48.4,48.7,48.76,57070,27.83,850,30041,52.64
SARVESHWAR, SM, 08-Aug-2022,54.5,57.15,57.15,57.15,57.15,57.15,57.15,12800,7.32,8,12800,100
SASKEN, EQ, 08-Aug-2022,787.85,774.05,785.05,769.8,776.0,771.75,776.27,13293,103.19,1118,9592,72.16
SASTASUNDR, EQ, 08-Aug-2022,291.75,291.75,305.0,291.75,294.9,293.75,298.02,27567,82.16,985,12489,45.3
SATHAISPAT, BE, 08-Aug-2022,2.5,2.6,2.6,2.5,2.5,2.5,2.51,700,0.02,3, -, -
SATIA, EQ, 08-Aug-2022,113.6,114.0,114.6,111.0,111.5,111.45,112.42,383268,430.85,4499,219516,57.27
SATIN, EQ, 08-Aug-2022,112.05,115.0,115.0,111.5,113.4,112.9,112.79,62818,70.86,3164,35533,56.56
SBC, EQ, 08-Aug-2022,6.8,6.9,7.0,6.7,7.0,6.9,6.84,951115,65.03,1177,550554,57.89
SBCL, EQ, 08-Aug-2022,447.65,452.0,457.0,436.0,439.9,438.0,441.31,50894,224.6,2626,37764,74.2
SBICARD, EQ, 08-Aug-2022,935.6,935.6,940.0,913.6,915.6,916.15,922.68,887360,8187.51,28356,421281,47.48
SBIETFCON, EQ, 08-Aug-2022,77.42,77.42,78.95,76.18,77.69,77.85,77.56,5450,4.23,173,3826,70.2
SBIETFIT, EQ, 08-Aug-2022,309.32,314.96,314.96,305.0,309.9,309.18,308.55,16519,50.97,260,8822,53.41
SBIETFPB, EQ, 08-Aug-2022,192.23,192.23,195.45,189.05,194.76,194.8,194.44,5732,11.15,84,5328,92.95
SBIETFQLTY, EQ, 08-Aug-2022,153.95,153.95,154.79,151.63,153.83,153.71,153.36,949,1.46,69,543,57.22
SBILIFE, EQ, 08-Aug-2022,1266.65,1261.2,1272.35,1251.25,1270.85,1269.9,1266.52,1002771,12700.26,63829,645160,64.34
SBIN, EQ, 08-Aug-2022,531.05,524.0,524.0,513.85,520.1,520.4,518.01,32566317,168697.12,416603,13376188,41.07
SCAPDVR, EQ, 08-Aug-2022,11.8,12.05,12.95,12.05,12.95,12.95,12.84,682344,87.61,1097,517741,75.88
SCHAEFFLER, EQ, 08-Aug-2022,2826.2,2845.65,2864.0,2808.05,2844.0,2821.55,2832.81,96776,2741.48,22479,63890,66.02
SCHAND, EQ, 08-Aug-2022,140.15,141.8,147.65,141.1,142.85,142.9,143.98,311126,447.97,5540,132467,42.58
SCHNEIDER, EQ, 08-Aug-2022,118.9,119.4,120.25,116.65,117.25,117.5,118.05,465387,549.37,6009,185174,39.79
SCI, EQ, 08-Aug-2022,112.8,106.4,108.1,105.3,106.85,106.85,106.69,1901884,2029.03,12192,730639,38.42
SDBL, EQ, 08-Aug-2022,89.95,91.2,94.4,90.0,94.4,94.4,93.49,554922,518.8,2590,333183,60.04
SDL24BEES, EQ, 08-Aug-2022,107.9,107.85,108.03,107.85,107.85,107.86,108.0,1081,1.17,14,1067,98.7
SDL26BEES, EQ, 08-Aug-2022,107.15,106.95,107.1,106.75,106.91,106.91,106.96,247,0.26,23,208,84.21
SEAMECLTD, EQ, 08-Aug-2022,843.2,831.6,855.5,831.2,841.0,846.5,847.51,3054,25.88,214,2353,77.05
SECURKLOUD, BE, 08-Aug-2022,71.5,68.0,71.5,67.95,67.95,67.95,68.19,90640,61.8,659, -, -
SEJALLTD, BE, 08-Aug-2022,211.9,211.9,211.9,201.35,201.95,201.7,203.31,3777,7.68,126, -, -
SELAN, EQ, 08-Aug-2022,173.8,174.75,182.95,172.7,179.0,180.1,178.29,31804,56.7,873,19001,59.74
SELMC, BE, 08-Aug-2022,796.1,756.3,756.3,756.3,756.3,756.3,756.3,190,1.44,30, -, -
SEPC, EQ, 08-Aug-2022,7.35,7.45,7.55,7.2,7.4,7.4,7.4,388988,28.8,520,237934,61.17
SEPOWER, EQ, 08-Aug-2022,16.95,17.1,18.4,16.65,17.15,17.35,17.39,38384,6.67,329,22718,59.19
SEQUENT, EQ, 08-Aug-2022,125.6,126.0,128.2,123.5,123.9,124.8,126.17,949524,1197.97,11142,364091,38.34
SERVOTECH, EQ, 08-Aug-2022,62.0,60.0,63.9,60.0,62.8,62.6,61.72,10866,6.71,264,6320,58.16
SESHAPAPER, EQ, 08-Aug-2022,240.75,240.75,257.0,240.75,256.95,253.7,249.97,284807,711.92,6774,135043,47.42
SETCO, EQ, 08-Aug-2022,12.05,12.05,12.05,11.7,11.7,11.75,11.85,54779,6.49,355,45039,82.22
SETF10GILT, EQ, 08-Aug-2022,201.35,201.0,201.0,200.25,200.85,200.85,200.92,78,0.16,10,75,96.15
SETFGOLD, EQ, 08-Aug-2022,45.83,45.99,45.99,45.47,45.84,45.67,45.7,409349,187.06,1389,309037,75.49
SETFNIF50, EQ, 08-Aug-2022,179.09,179.4,180.77,178.35,180.43,180.55,180.02,280307,504.62,3135,188724,67.33
SETFNIFBK, EQ, 08-Aug-2022,379.57,381.0,386.68,377.75,383.65,383.13,382.64,325013,1243.63,914,309960,95.37
SETFNN50, EQ, 08-Aug-2022,436.36,449.7,449.7,433.16,438.49,438.3,437.19,15590,68.16,1220,10762,69.03
SETUINFRA, EQ, 08-Aug-2022,2.25,2.25,2.3,2.15,2.15,2.15,2.2,169314,3.72,131,141838,83.77
SEYAIND, BE, 08-Aug-2022,29.35,27.9,27.9,27.9,27.9,27.9,27.9,3766,1.05,34, -, -
SFL, EQ, 08-Aug-2022,2856.95,2899.0,2900.0,2848.8,2868.0,2885.8,2875.3,2896,83.27,1005,1206,41.64
SGBAPR28I, GB, 08-Aug-2022,4803.7,4805.0,4849.0,4785.0,4810.0,4825.84,4810.37,215,10.34,41,128,59.53
SGBAUG24, GB, 08-Aug-2022,5099.0,5060.0,5098.0,5027.01,5062.0,5071.53,5055.09,775,39.18,53,639,82.45
SGBAUG27, GB, 08-Aug-2022,4864.0,4864.0,4880.95,4864.0,4878.5,4878.25,4867.85,73,3.55,13,63,86.3
SGBAUG28V, GB, 08-Aug-2022,4939.94,4950.0,4950.0,4910.0,4910.0,4913.6,4921.2,481,23.67,89,461,95.84
SGBAUG29V, GB, 08-Aug-2022,4829.08,4840.0,4860.0,4821.0,4841.01,4841.01,4846.78,266,12.89,43,210,78.95
SGBD29VIII, GB, 08-Aug-2022,4787.99,4788.0,4797.0,4750.05,4797.0,4794.66,4787.16,310,14.84,57,271,87.42
SGBDC27VII, GB, 08-Aug-2022,4807.0,4850.0,4850.0,4830.0,4830.0,4830.0,4843.33,3,0.15,3,2,66.67
SGBDEC25XI, GB, 08-Aug-2022,5040.0,5040.0,5040.0,5040.0,5040.0,5040.0,5040.0,2,0.1,1,2,100
SGBFEB24, GB, 08-Aug-2022,5022.0,5088.0,5140.0,5088.0,5140.0,5140.0,5105.33,3,0.15,2,3,100
SGBFEB27, GB, 08-Aug-2022,4801.0,4811.0,4811.0,4801.0,4801.0,4801.0,4808.0,20,0.96,3,20,100
SGBFEB28IX, GB, 08-Aug-2022,4939.99,4980.0,4980.0,4781.0,4781.0,4781.0,4880.5,2,0.1,2,2,100
SGBFEB29XI, GB, 08-Aug-2022,4791.31,4792.0,4795.0,4751.5,4785.0,4792.41,4789.16,266,12.74,30,266,100
SGBJ28VIII, GB, 08-Aug-2022,4895.0,4890.0,4890.0,4890.0,4890.0,4890.0,4890.0,1,0.05,1,1,100
SGBJAN26, GB, 08-Aug-2022,5001.01,5005.02,5005.02,5005.01,5005.01,5005.01,5005.01,15,0.75,3,15,100
SGBJAN27, GB, 08-Aug-2022,4821.0,4703.0,4970.0,4703.0,4970.0,4917.5,4894.92,25,1.22,8,20,80
SGBJAN29IX, GB, 08-Aug-2022,4795.0,4761.05,4815.0,4761.05,4795.0,4802.77,4798.07,529,25.38,72,385,72.78
SGBJAN29X, GB, 08-Aug-2022,4795.76,4795.0,4815.0,4780.0,4815.0,4813.66,4796.49,68,3.26,26,68,100
SGBJAN30IX, GB, 08-Aug-2022,4787.98,4788.0,4800.0,4788.0,4795.0,4797.0,4791.75,299,14.33,59,299,100
SGBJU29III, GB, 08-Aug-2022,4783.41,4761.0,4790.0,4761.0,4790.0,4789.87,4785.06,217,10.38,35,196,90.32
SGBJUL27, GB, 08-Aug-2022,4880.0,4879.4,4879.4,4879.4,4879.4,4879.4,4879.4,18,0.88,1,18,100
SGBJUL28IV, GB, 08-Aug-2022,4790.51,4763.0,4794.0,4763.0,4794.0,4791.11,4787.02,837,40.07,92,832,99.4
SGBJUL29IV, GB, 08-Aug-2022,4780.4,4775.0,4793.0,4775.0,4793.0,4793.0,4776.17,1512,72.22,49,1507,99.67
SGBJUN27, GB, 08-Aug-2022,4850.0,4850.0,4850.0,4825.0,4825.0,4825.0,4839.29,7,0.34,3,7,100
SGBJUN28, GB, 08-Aug-2022,4775.01,4781.06,4823.0,4781.06,4785.01,4785.01,4791.14,401,19.21,32,400,99.75
SGBJUN29II, GB, 08-Aug-2022,4772.39,4780.0,4799.9,4770.0,4799.9,4795.75,4788.3,220,10.53,32,181,82.27
SGBJUN30, GB, 08-Aug-2022,4946.87,5169.99,5169.99,4711.0,4965.0,4953.25,4924.56,238,11.72,98,147,61.76
SGBMAR24, GB, 08-Aug-2022,5180.0,5100.0,5179.0,5100.0,5179.0,5179.0,5108.19,224,11.44,4,224,100
SGBMAR25, GB, 08-Aug-2022,5171.5,5100.0,5200.0,5100.0,5160.11,5160.11,5104.6,1688,86.17,10,1688,100
SGBMAR28X, GB, 08-Aug-2022,4794.0,4755.0,4810.0,4755.0,4810.0,4810.0,4783.23,13,0.62,3,12,92.31
SGBMAR30X, GB, 08-Aug-2022,4869.0,4830.4,4930.0,4830.4,4910.0,4872.42,4881.08,72,3.51,24,67,93.06
SGBMAY25, GB, 08-Aug-2022,5090.22,5088.0,5110.0,5051.0,5110.0,5104.61,5065.57,203,10.28,9,203,100
SGBMAY26, GB, 08-Aug-2022,4981.0,4981.01,4981.01,4981.0,4981.0,4981.0,4981.01,6,0.3,2,6,100
SGBMAY28, GB, 08-Aug-2022,4782.85,4782.85,4796.0,4771.1,4790.0,4789.46,4785.65,384,18.38,52,373,97.14
SGBMAY29I, GB, 08-Aug-2022,4788.23,4788.23,4797.0,4765.11,4789.0,4792.64,4787.35,2598,124.38,80,2322,89.38
SGBMR29XII, GB, 08-Aug-2022,4789.72,4780.0,4800.0,4780.0,4799.5,4799.5,4797.14,843,40.44,45,688,81.61
SGBN28VIII, GB, 08-Aug-2022,4833.35,4830.0,4842.0,4790.0,4835.0,4835.0,4815.73,220,10.59,55,162,73.64
SGBNOV23, GB, 08-Aug-2022,5121.11,5126.0,5150.0,5050.0,5150.0,5144.39,5092.43,157,8.0,17,149,94.9
SGBNOV24, GB, 08-Aug-2022,5126.11,5193.0,5193.0,5078.21,5090.0,5082.53,5118.39,214,10.95,17,211,98.6
SGBNOV25VI, GB, 08-Aug-2022,5025.0,5055.0,5055.11,5055.0,5055.11,5055.11,5055.0,282,14.26,2,282,100
SGBNOV26, GB, 08-Aug-2022,4911.0,4901.0,4901.0,4901.0,4901.0,4901.0,4901.0,1,0.05,1,1,100
SGBNV29VII, GB, 08-Aug-2022,4787.15,4790.0,4799.0,4780.0,4788.0,4795.87,4788.96,852,40.8,48,852,100
SGBOC28VII, GB, 08-Aug-2022,4798.99,4800.0,4802.0,4790.0,4802.0,4802.0,4801.01,171,8.21,26,171,100
SGBOCT25, GB, 08-Aug-2022,5122.0,5100.21,5126.9,5100.21,5126.9,5126.9,5115.5,16,0.82,3,16,100
SGBOCT25IV, GB, 08-Aug-2022,5121.01,5121.01,5121.01,5105.5,5105.5,5105.5,5106.91,11,0.56,2,11,100
SGBOCT26, GB, 08-Aug-2022,4930.0,4850.0,4850.0,4850.0,4850.0,4850.0,4850.0,20,0.97,2,20,100
SGBOCT27, GB, 08-Aug-2022,4899.0,4721.0,4896.0,4721.0,4798.0,4798.0,4813.02,91,4.38,19,73,80.22
SGBSEP24, GB, 08-Aug-2022,5191.18,5090.0,5220.0,5090.0,5167.0,5167.0,5091.04,1905,96.98,11,1905,100
SGBSEP27, GB, 08-Aug-2022,4858.8,4801.0,4897.9,4801.0,4876.9,4876.9,4865.38,28,1.36,8,28,100
SGBSEP28VI, GB, 08-Aug-2022,4829.67,4830.0,4850.0,4825.0,4849.9,4841.16,4832.39,300,14.5,49,278,92.67
SGBSEP29VI, GB, 08-Aug-2022,4796.38,4797.0,4809.97,4766.01,4808.0,4808.0,4796.52,204,9.78,34,201,98.53
SGIL, EQ, 08-Aug-2022,161.6,164.75,164.75,161.05,163.35,163.3,162.31,1883,3.06,49,1551,82.37
SGL, EQ, 08-Aug-2022,28.25,28.85,28.85,27.45,28.35,28.35,28.1,14264,4.01,164,9059,63.51
SHAHALLOYS, EQ, 08-Aug-2022,74.25,73.2,75.35,72.2,73.35,72.95,73.75,18239,13.45,272,9182,50.34
SHAILY, EQ, 08-Aug-2022,2006.5,1905.05,2050.15,1905.05,2025.0,2013.95,2005.16,721,14.46,227,543,75.31
SHAKTIPUMP, EQ, 08-Aug-2022,470.55,471.0,473.35,465.0,467.0,465.85,467.4,25066,117.16,2327,15550,62.04
SHALBY, EQ, 08-Aug-2022,120.65,121.3,123.05,120.85,122.45,122.5,122.34,71834,87.88,1278,47748,66.47
SHALPAINTS, EQ, 08-Aug-2022,166.85,168.9,168.9,161.25,163.95,164.95,164.96,65223,107.59,1957,27796,42.62
SHANKARA, EQ, 08-Aug-2022,700.65,706.9,714.65,691.95,692.0,693.8,696.86,44372,309.21,2540,26368,59.42
SHANTI, BE, 08-Aug-2022,25.0,25.95,26.25,24.6,25.5,25.5,25.71,44520,11.44,117, -, -
SHANTIGEAR, EQ, 08-Aug-2022,242.35,243.4,243.4,234.35,236.0,236.2,238.11,50722,120.77,2367,27759,54.73
SHARDACROP, EQ, 08-Aug-2022,526.85,531.5,533.75,519.4,521.05,522.05,526.46,124874,657.41,6997,57525,46.07
SHARDAMOTR, EQ, 08-Aug-2022,736.4,749.95,751.0,730.85,735.2,736.15,739.5,9335,69.03,1225,4804,51.46
SHAREINDIA, EQ, 08-Aug-2022,1173.35,1173.35,1196.3,1167.0,1174.45,1172.65,1176.57,27523,323.83,2078,20135,73.16
SHARIABEES, EQ, 08-Aug-2022,424.0,437.0,437.0,408.53,416.5,416.04,414.76,21668,89.87,395,5180,23.91
SHEMAROO, EQ, 08-Aug-2022,118.05,120.9,124.9,115.55,119.1,119.75,120.65,43380,52.34,1013,26182,60.36
SHIGAN, SM, 08-Aug-2022,96.5,99.9,99.9,99.9,99.9,99.9,99.9,3000,3.0,1,3000,100
SHILPAMED, EQ, 08-Aug-2022,413.4,414.0,415.5,408.05,409.7,409.75,411.88,63567,261.82,2618,38894,61.19
SHIVALIK, EQ, 08-Aug-2022,859.2,872.05,872.05,838.0,846.0,847.05,850.5,1841,15.66,335,1184,64.31
SHIVAMAUTO, EQ, 08-Aug-2022,45.2,45.95,47.45,44.05,47.4,47.25,46.79,235772,110.32,1316,169526,71.9
SHIVAMILLS, EQ, 08-Aug-2022,100.1,100.75,101.45,98.05,99.95,99.5,99.35,5101,5.07,179,2797,54.83
SHIVATEX, EQ, 08-Aug-2022,167.4,170.65,170.65,168.0,168.0,168.0,168.21,4003,6.73,218,3140,78.44
SHK, EQ, 08-Aug-2022,138.6,140.65,140.95,139.0,140.85,140.25,139.91,40589,56.79,946,24487,60.33
SHOPERSTOP, EQ, 08-Aug-2022,594.2,598.0,609.9,593.05,603.8,603.65,603.7,291980,1762.68,12587,93535,32.03
SHRADHA, EQ, 08-Aug-2022,47.7,46.75,47.9,46.75,47.2,47.5,47.52,1927,0.92,57,1672,86.77
SHREDIGCEM, EQ, 08-Aug-2022,62.6,62.9,63.45,62.35,63.4,63.3,63.16,78388,49.51,1222,44915,57.3
SHREECEM, EQ, 08-Aug-2022,21237.4,21199.95,21272.3,21003.5,21103.0,21195.6,21141.26,20766,4390.19,7493,6132,29.53
SHREEPUSHK, EQ, 08-Aug-2022,223.45,224.0,229.0,223.5,227.8,227.5,226.97,65340,148.3,2064,43741,66.94
SHREERAMA, EQ, 08-Aug-2022,13.7,14.0,14.35,13.6,14.35,14.35,14.15,49468,7.0,438,41842,84.58
SHRENIK, EQ, 08-Aug-2022,1.95,1.95,2.0,1.95,2.0,1.95,1.96,1067158,20.93,991,561815,52.65
SHREYANIND, EQ, 08-Aug-2022,109.75,111.85,113.8,104.95,113.5,111.7,109.64,65847,72.2,1193,29081,44.16
SHREYAS, EQ, 08-Aug-2022,325.7,326.0,343.95,325.25,339.75,340.25,336.28,100549,338.13,4204,60592,60.26
SHRIPISTON, BE, 08-Aug-2022,785.4,824.65,824.65,799.2,824.65,824.65,822.87,986,8.11,71, -, -
SHRIRAMCIT, EQ, 08-Aug-2022,1956.3,1956.3,1995.0,1948.85,1990.0,1985.05,1976.45,31771,627.94,3220,16629,52.34
SHRIRAMPPS, EQ, 08-Aug-2022,74.9,76.0,76.25,74.0,74.1,74.3,74.49,160185,119.33,1870,104173,65.03
SHUBHLAXMI, SM, 08-Aug-2022,32.75,33.25,33.25,31.0,33.05,33.05,31.74,21000,6.67,11,20000,95.24
SHYAMCENT, EQ, 08-Aug-2022,20.55,21.0,22.6,20.65,22.55,22.35,21.6,1083106,233.95,2912,800131,73.87
SHYAMMETL, EQ, 08-Aug-2022,301.05,300.0,302.95,299.35,302.5,301.65,301.58,58572,176.64,2366,33955,57.97
SHYAMTEL, BE, 08-Aug-2022,8.45,8.05,8.85,8.05,8.85,8.85,8.27,207,0.02,7, -, -
SICAL, BE, 08-Aug-2022,7.85,8.0,8.0,7.7,7.85,7.75,7.79,52284,4.07,119, -, -
SIEMENS, EQ, 08-Aug-2022,2690.55,2700.0,2818.5,2685.2,2818.5,2808.65,2786.16,826380,23024.28,48264,236309,28.6
SIGACHI, EQ, 08-Aug-2022,249.15,250.0,256.55,248.0,252.0,251.25,252.74,84831,214.4,3598,38477,45.36
SIGIND, EQ, 08-Aug-2022,38.45,38.35,39.9,38.3,38.35,38.9,38.98,21839,8.51,239,10968,50.22
SIKKO, EQ, 08-Aug-2022,52.7,52.7,54.75,51.3,52.7,51.95,52.4,10698,5.61,213,6040,56.46
SIL, BE, 08-Aug-2022,23.45,24.6,24.6,24.6,24.6,24.6,24.6,45288,11.14,141, -, -
SILGO, EQ, 08-Aug-2022,30.0,29.15,30.45,27.3,27.95,27.7,28.38,133660,37.94,733,108382,81.09
SILINV, EQ, 08-Aug-2022,307.65,301.0,314.95,301.0,310.0,310.2,310.14,553,1.72,31,488,88.25
SILLYMONKS, EQ, 08-Aug-2022,22.55,22.95,23.05,21.75,22.15,22.15,22.52,17665,3.98,107,15429,87.34
SILVER, EQ, 08-Aug-2022,59.45,59.3,59.59,58.83,59.59,59.49,59.23,136315,80.74,482,94558,69.37
SILVERBEES, EQ, 08-Aug-2022,57.37,57.1,57.79,57.02,57.65,57.69,57.43,765007,439.31,1542,629238,82.25
SILVERTUC, EQ, 08-Aug-2022,326.6,331.05,335.0,327.9,333.0,332.05,330.54,1480,4.89,74,1122,75.81
SIMBHALS, EQ, 08-Aug-2022,19.75,19.75,20.5,19.45,20.1,20.0,20.0,36624,7.32,214,27305,74.55
SIMPLEXINF, EQ, 08-Aug-2022,65.95,65.95,68.05,61.5,62.7,62.15,64.14,97654,62.63,693,68150,69.79
SINTERCOM, EQ, 08-Aug-2022,85.1,88.9,88.9,86.5,86.5,86.6,87.68,1057,0.93,20,889,84.11
SIRCA, EQ, 08-Aug-2022,544.05,545.0,560.0,544.1,555.0,553.2,553.46,61757,341.8,3520,28941,46.86
SIS, EQ, 08-Aug-2022,448.0,450.2,450.2,443.95,445.0,444.75,447.15,77285,345.58,3294,63745,82.48
SITINET, EQ, 08-Aug-2022,1.85,1.9,1.9,1.8,1.9,1.9,1.88,1970910,37.08,803,1181270,59.94
SIYSIL, EQ, 08-Aug-2022,534.15,538.8,538.9,515.0,516.95,517.6,522.59,109272,571.05,6683,59793,54.72
SJS, EQ, 08-Aug-2022,441.65,441.7,447.9,436.0,439.8,439.8,441.77,155241,685.81,6402,87103,56.11
SJVN, EQ, 08-Aug-2022,28.8,28.25,28.5,28.05,28.15,28.15,28.26,3582640,1012.29,7444,1537018,42.9
SKFINDIA, EQ, 08-Aug-2022,4347.5,4393.5,4393.5,4279.6,4338.05,4326.9,4347.03,44116,1917.73,5851,30429,68.97
SKIL, BE, 08-Aug-2022,3.15,3.15,3.25,3.0,3.2,3.0,3.05,66762,2.04,58, -, -
SKIPPER, EQ, 08-Aug-2022,58.05,55.45,57.05,55.15,56.9,56.65,56.21,156258,87.84,1798,84544,54.11
SKMEGGPROD, EQ, 08-Aug-2022,68.0,68.0,68.85,66.7,67.25,66.9,67.48,36195,24.42,671,17143,47.36
SKP, SM, 08-Aug-2022,79.8,80.0,87.75,79.05,86.85,86.65,85.17,96000,81.76,48,64000,66.67
SMARTLINK, EQ, 08-Aug-2022,127.3,125.0,131.9,125.0,130.45,130.0,129.68,22666,29.39,691,10505,46.35
SMCGLOBAL, EQ, 08-Aug-2022,85.75,86.0,86.0,84.4,84.8,84.95,85.36,395087,337.25,1754,357506,90.49
SMLISUZU, EQ, 08-Aug-2022,684.85,684.85,686.25,656.05,666.35,668.3,666.64,65261,435.06,5661,32785,50.24
SMLT, EQ, 08-Aug-2022,115.6,115.6,117.5,115.6,117.5,117.0,116.67,8918,10.4,265,5521,61.91
SMSLIFE, EQ, 08-Aug-2022,686.8,683.0,699.0,675.0,684.0,685.7,684.92,3508,24.03,178,2689,76.65
SMSPHARMA, EQ, 08-Aug-2022,87.1,87.95,89.0,86.0,87.25,86.9,87.78,24169,21.21,587,13538,56.01
SNOWMAN, EQ, 08-Aug-2022,31.7,31.85,32.5,31.35,32.0,31.9,31.88,343382,109.47,1833,181861,52.96
SOBHA, EQ, 08-Aug-2022,676.95,680.0,695.15,674.9,678.1,678.9,683.94,201741,1379.78,8064,37922,18.8
SOFTTECH, BE, 08-Aug-2022,116.5,122.3,122.3,110.7,110.75,111.05,113.1,4724,5.34,50, -, -
SOLARA, EQ, 08-Aug-2022,377.25,377.25,378.25,360.25,362.45,362.4,367.96,92920,341.91,5738,55544,59.78
SOLARINDS, EQ, 08-Aug-2022,3142.8,3155.0,3228.95,3091.0,3135.1,3135.15,3152.92,125099,3944.28,18843,41164,32.91
SOMANYCERA, EQ, 08-Aug-2022,633.65,625.25,639.7,625.0,627.1,627.6,633.41,12344,78.19,1209,7808,63.25
SOMATEX, EQ, 08-Aug-2022,7.55,7.25,7.85,7.25,7.3,7.4,7.37,9292,0.68,77,8137,87.57
SOMICONVEY, EQ, 08-Aug-2022,44.1,45.7,47.4,45.05,46.2,45.9,46.39,77963,36.17,1111,49648,63.68
SONACOMS, EQ, 08-Aug-2022,557.65,563.5,571.55,558.0,562.0,561.5,564.99,499586,2822.62,16363,194235,38.88
SONAHISONA, SM, 08-Aug-2022,13.3,13.95,13.95,13.95,13.95,13.95,13.95,10000,1.4,1,10000,100
SONAMCLOCK, EQ, 08-Aug-2022,41.95,43.95,43.95,39.3,40.65,40.75,41.39,4414,1.83,154,2244,50.84
SONATSOFTW, EQ, 08-Aug-2022,709.3,709.3,711.45,699.0,700.0,701.0,705.27,56951,401.66,4007,32196,56.53
SORILINFRA, EQ, 08-Aug-2022,64.6,64.4,65.0,62.9,63.05,63.1,63.79,33723,21.51,588,23163,68.69
SOTL, EQ, 08-Aug-2022,1331.6,1339.0,1349.85,1312.25,1323.0,1318.2,1325.59,14305,189.63,1803,8869,62
SOUTHBANK, EQ, 08-Aug-2022,8.1,8.15,8.15,7.95,8.0,8.0,8.04,5477775,440.68,5582,3825042,69.83
SOUTHWEST, EQ, 08-Aug-2022,197.4,204.0,204.0,195.05,196.0,195.35,199.74,38973,77.84,191,35048,89.93
SPAL, EQ, 08-Aug-2022,410.35,414.95,430.0,406.0,422.9,424.75,421.97,126235,532.68,7184,75904,60.13
SPANDANA, EQ, 08-Aug-2022,435.05,438.9,444.0,430.35,440.0,440.1,436.72,95923,418.91,3440,39648,41.33
SPARC, EQ, 08-Aug-2022,223.55,223.55,224.35,214.0,217.5,221.35,219.17,475803,1042.84,10203,85689,18.01
SPCENET, BE, 08-Aug-2022,10.7,11.2,11.2,11.2,11.2,11.2,11.2,162636,18.22,65, -, -
SPECIALITY, EQ, 08-Aug-2022,185.4,182.3,209.9,180.35,204.9,205.55,201.76,1346942,2717.61,26193,466404,34.63
SPECTRUM, SM, 08-Aug-2022,58.0,60.0,60.0,60.0,60.0,60.0,60.0,2000,1.2,1,2000,100
SPENCERS, EQ, 08-Aug-2022,76.0,76.45,76.6,75.0,75.55,75.8,75.66,107082,81.02,1624,69533,64.93
SPENTEX, BZ, 08-Aug-2022,1.65,1.65,1.65,1.6,1.65,1.65,1.6,7173,0.11,13, -, -
SPIC, EQ, 08-Aug-2022,53.3,53.95,54.4,52.65,52.95,53.0,53.25,478736,254.94,4367,148845,31.09
SPICEJET, EQ, 08-Aug-2022,49.5,49.5,49.65,47.15,47.6,47.5,48.02,5815743,2792.56,18227,1189399,20.45
SPLIL, EQ, 08-Aug-2022,54.95,54.95,56.35,54.1,55.0,55.4,54.99,24052,13.23,401,17386,72.29
SPLPETRO, EQ, 08-Aug-2022,811.7,828.7,828.7,812.8,823.4,822.5,822.08,57938,476.3,4377,43405,74.92
SPMLINFRA, BE, 08-Aug-2022,39.3,39.8,39.8,37.9,38.6,38.55,38.5,40099,15.44,260, -, -
SPTL, EQ, 08-Aug-2022,4.1,4.15,4.2,3.95,4.05,4.05,4.07,2480775,100.89,1567,1145778,46.19
SPYL, BE, 08-Aug-2022,0.5,0.5,0.55,0.45,0.5,0.5,0.53,42362,0.23,30, -, -
SREEL, EQ, 08-Aug-2022,169.25,172.55,173.15,167.1,169.0,168.85,169.98,17189,29.22,403,10472,60.92
SREIBNPNCD, NO, 08-Aug-2022,138.0,140.0,140.0,134.01,135.02,135.02,138.09,135,0.19,4,135,100
SREIBNPNCD, NQ, 08-Aug-2022,150.0,150.0,150.0,150.0,150.0,150.0,150.0,2,0.0,1,2,100
SREIBNPNCD, NV, 08-Aug-2022,133.02,135.01,135.01,135.01,135.01,135.01,135.01,40,0.05,1,40,100
SREINFRA, BE, 08-Aug-2022,4.45,4.55,4.6,4.25,4.3,4.35,4.42,341767,15.11,533, -, -
SRF, EQ, 08-Aug-2022,2498.55,2511.85,2516.15,2463.8,2477.0,2480.9,2485.96,344476,8563.53,23916,136914,39.75
SRHHYPOLTD, EQ, 08-Aug-2022,653.9,659.25,718.8,653.9,705.7,702.25,697.7,168870,1178.21,9915,67286,39.84
SRPL, BE, 08-Aug-2022,91.25,91.25,91.25,87.5,89.9,89.5,88.82,14443,12.83,97, -, -
SRTRANSFIN, EQ, 08-Aug-2022,1362.45,1370.0,1404.0,1356.0,1395.0,1392.25,1386.44,955157,13242.65,45083,419852,43.96
SRTRANSFIN, YH, 08-Aug-2022,1013.6,1022.0,1022.0,1009.4,1015.0,1016.99,1014.97,91,0.92,6,50,54.95
SRTRANSFIN, YI, 08-Aug-2022,1059.0,1050.0,1055.0,1050.0,1055.0,1055.0,1050.09,55,0.58,4,55,100
SRTRANSFIN, YK, 08-Aug-2022,1015.25,1018.0,1018.0,1018.0,1018.0,1018.0,1018.0,100,1.02,2,100,100
SRTRANSFIN, YO, 08-Aug-2022,1024.99,1024.9,1024.9,1024.9,1024.9,1024.9,1024.9,12,0.12,2,12,100
SRTRANSFIN, YP, 08-Aug-2022,1050.0,1097.0,1097.0,1070.0,1070.0,1070.0,1093.63,8,0.09,2,8,100
SRTRANSFIN, YV, 08-Aug-2022,1015.25,1032.0,1035.0,1032.0,1035.0,1035.0,1034.85,500,5.17,13,500,100
SRTRANSFIN, YW, 08-Aug-2022,1080.0,1080.0,1080.0,1080.0,1080.0,1080.0,1080.0,7,0.08,1,7,100
SRTRANSFIN, YY, 08-Aug-2022,1071.0,1052.0,1073.9,1047.0,1071.9,1071.9,1049.83,622,6.53,7,620,99.68
SRTRANSFIN, YZ, 08-Aug-2022,1141.0,1145.52,1145.52,1145.52,1145.52,1145.52,1145.52,22,0.25,1,22,100
SRTRANSFIN, Z2, 08-Aug-2022,1405.0,1405.0,1405.0,1405.0,1405.0,1405.0,1405.0,402,5.65,2,402,100
SRTRANSFIN, Z3, 08-Aug-2022,1029.0,1025.0,1025.0,1025.0,1025.0,1025.0,1025.0,1,0.01,1,1,100
SRTRANSFIN, Z7, 08-Aug-2022,1011.2,1011.0,1012.0,1008.0,1008.0,1008.0,1009.94,310,3.13,6,215,69.35
SRTRANSFIN, Z8, 08-Aug-2022,1036.0,1020.2,1031.9,1020.2,1031.0,1030.96,1026.99,41,0.42,6,25,60.98
SRTRANSFIN, ZG, 08-Aug-2022,1010.1,1043.25,1043.25,1043.25,1043.25,1043.25,1043.25,100,1.04,1,100,100
SSWL, EQ, 08-Aug-2022,824.0,825.0,835.25,810.05,816.0,814.6,817.5,16000,130.8,1833,9040,56.5
STAMPEDE, BE, 08-Aug-2022,0.7,0.7,0.75,0.7,0.75,0.75,0.74,91300,0.68,47, -, -
STAR, EQ, 08-Aug-2022,345.55,346.0,346.0,339.5,341.35,341.0,341.6,179252,612.33,4785,71568,39.93
STARCEMENT, EQ, 08-Aug-2022,96.1,97.4,99.0,95.45,96.0,95.7,96.8,105069,101.71,2031,61922,58.93
STARHEALTH, EQ, 08-Aug-2022,707.95,700.15,708.95,692.6,697.6,696.3,698.72,165732,1158.01,11850,121480,73.3
STARPAPER, EQ, 08-Aug-2022,177.35,178.0,183.0,177.45,183.0,181.85,180.86,166750,301.59,4187,81704,49
STARTECK, EQ, 08-Aug-2022,136.6,138.05,139.75,133.2,136.0,136.0,136.23,13493,18.38,378,1201,8.9
STCINDIA, EQ, 08-Aug-2022,88.8,88.3,91.8,85.5,88.0,87.9,88.62,79975,70.88,1635,27743,34.69
STEELCAS, EQ, 08-Aug-2022,490.05,494.0,500.0,480.0,480.0,482.0,491.6,27085,133.15,1838,16251,60
STEELCITY, EQ, 08-Aug-2022,56.35,55.55,58.5,55.55,57.5,56.9,56.88,7846,4.46,160,5178,66
STEELXIND, EQ, 08-Aug-2022,16.1,15.3,15.3,15.3,15.3,15.3,15.3,1025549,156.91,1177,874504,85.27
STEL, EQ, 08-Aug-2022,114.4,116.5,116.5,107.0,111.45,110.75,111.08,32747,36.37,520,19751,60.31
STERTOOLS, EQ, 08-Aug-2022,259.55,257.0,266.05,255.25,263.0,260.1,261.69,43718,114.4,1750,22220,50.83
STLTECH, EQ, 08-Aug-2022,151.7,152.3,152.65,150.15,150.3,150.65,151.06,356659,538.78,4946,163673,45.89
STOVEKRAFT, EQ, 08-Aug-2022,555.55,559.0,562.9,551.15,557.9,555.85,557.3,93252,519.69,6475,42904,46.01
STYLAMIND, EQ, 08-Aug-2022,1110.85,1123.0,1139.55,1085.75,1122.2,1126.0,1119.98,14760,165.31,2423,6918,46.87
SUBCAPCITY, BE, 08-Aug-2022,273.15,286.8,286.8,285.0,286.8,286.8,286.78,5621,16.12,104, -, -
SUBEXLTD, EQ, 08-Aug-2022,43.9,46.9,48.25,40.2,40.65,40.8,43.87,74226149,32560.03,149300,21910171,29.52
SUBROS, EQ, 08-Aug-2022,329.95,330.0,330.0,314.0,316.5,316.25,321.8,34420,110.76,2359,20320,59.04
SUDARSCHEM, EQ, 08-Aug-2022,486.7,458.0,468.7,442.0,455.6,455.45,455.17,723812,3294.56,30377,233867,32.31
SUMEETINDS, EQ, 08-Aug-2022,6.4,6.55,6.65,6.4,6.45,6.45,6.5,91671,5.96,480,64629,70.5
SUMICHEM, EQ, 08-Aug-2022,471.85,474.35,484.8,472.7,482.45,480.7,478.19,459083,2195.31,13897,180552,39.33
SUMIT, EQ, 08-Aug-2022,10.4,10.4,10.7,10.4,10.65,10.6,10.63,3591,0.38,35,2014,56.08
SUMMITSEC, EQ, 08-Aug-2022,603.0,602.0,666.0,602.0,611.15,612.8,629.83,14887,93.76,868,6493,43.62
SUNCLAYLTD, EQ, 08-Aug-2022,4694.15,4690.3,4712.4,4551.0,4552.0,4557.75,4628.28,2581,119.46,934,1828,70.83
SUNDARAM, EQ, 08-Aug-2022,3.35,3.35,3.85,3.35,3.7,3.7,3.65,5346308,195.31,2872,3605432,67.44
SUNDARMFIN, EQ, 08-Aug-2022,2159.25,2155.0,2165.7,2093.05,2118.0,2112.85,2132.06,77403,1650.28,11356,27312,35.29
SUNDARMHLD, EQ, 08-Aug-2022,77.45,77.05,79.9,77.05,79.2,79.55,78.77,92460,72.83,1058,62698,67.81
SUNDRMBRAK, EQ, 08-Aug-2022,359.75,352.4,362.25,352.35,356.3,357.15,356.06,1466,5.22,129,779,53.14
SUNDRMFAST, EQ, 08-Aug-2022,843.6,856.25,859.8,815.55,825.9,827.55,826.34,120239,993.58,10525,64676,53.79
SUNFLAG, EQ, 08-Aug-2022,83.8,83.25,83.8,81.7,82.6,82.6,82.5,270426,223.11,4410,116413,43.05
SUNPHARMA, EQ, 08-Aug-2022,915.95,919.8,919.8,908.4,911.5,910.4,911.88,2677742,24417.86,93365,2032420,75.9
SUNTECK, EQ, 08-Aug-2022,505.1,503.5,503.8,491.0,493.0,495.55,498.92,372735,1859.65,14512,112736,30.25
SUNTV, EQ, 08-Aug-2022,471.6,470.0,473.75,465.25,468.0,469.55,469.02,416284,1952.47,10525,102418,24.6
SUPERHOUSE, EQ, 08-Aug-2022,225.6,229.0,234.0,223.9,228.1,229.0,230.11,22224,51.14,862,9080,40.86
SUPERSPIN, EQ, 08-Aug-2022,9.3,9.45,9.7,9.2,9.25,9.2,9.38,48135,4.52,203,26208,54.45
SUPRAJIT, EQ, 08-Aug-2022,342.05,343.6,345.8,338.25,340.15,340.35,342.07,110776,378.93,4735,64330,58.07
SUPREMEENG, EQ, 08-Aug-2022,2.1,2.1,2.2,2.05,2.2,2.2,2.16,1836199,39.69,575,1431873,77.98
SUPREMEIND, EQ, 08-Aug-2022,1869.5,1872.1,1880.55,1850.1,1866.0,1869.65,1865.3,23851,444.89,5449,12420,52.07
SUPREMEINF, BE, 08-Aug-2022,19.7,20.65,20.65,20.65,20.65,20.65,20.65,18109,3.74,50, -, -
SUPRIYA, EQ, 08-Aug-2022,349.9,351.9,354.9,347.0,347.9,348.15,350.43,175924,616.49,5871,69934,39.75
SURANASOL, EQ, 08-Aug-2022,23.3,24.3,24.3,23.0,23.0,23.1,23.63,236225,55.83,2212,155122,65.67
SURANAT&P, EQ, 08-Aug-2022,11.45,11.1,12.0,11.1,11.9,11.8,11.84,122540,14.51,566,91057,74.31
SURYALAXMI, EQ, 08-Aug-2022,61.5,61.5,63.5,61.5,62.6,62.5,62.54,7690,4.81,228,4022,52.3
SURYAROSNI, EQ, 08-Aug-2022,370.6,372.5,374.0,368.0,369.15,369.3,370.75,74217,275.16,3635,44748,60.29
SURYODAY, EQ, 08-Aug-2022,91.3,91.2,92.0,88.15,91.25,91.3,90.11,287992,259.51,4576,166754,57.9
SUTLEJTEX, EQ, 08-Aug-2022,65.35,65.65,66.5,64.55,64.75,64.75,65.6,99254,65.11,932,67094,67.6
SUULD, EQ, 08-Aug-2022,49.55,47.1,47.1,47.1,47.1,47.1,47.1,155488,73.23,960,143560,92.33
SUVEN, EQ, 08-Aug-2022,71.65,71.65,72.9,70.8,71.5,71.5,71.68,346624,248.45,3383,59287,17.1
SUVENPHAR, EQ, 08-Aug-2022,466.55,469.0,483.9,465.0,480.45,480.5,475.78,659292,3136.75,22747,312423,47.39
SUVIDHAA, EQ, 08-Aug-2022,8.45,8.95,8.95,7.6,7.65,7.7,8.02,765130,61.38,1964,554368,72.45
SUZLON, EQ, 08-Aug-2022,7.45,7.55,7.75,7.5,7.75,7.7,7.65,63946210,4894.51,27534,24805566,38.79
SVLL, SM, 08-Aug-2022,135.0,136.0,138.0,136.0,138.0,138.0,137.2,5000,6.86,3,5000,100
SVPGLOB, EQ, 08-Aug-2022,36.2,36.0,37.0,36.0,36.45,36.55,36.49,56934,20.78,427,41063,72.12
SWANENERGY, EQ, 08-Aug-2022,206.55,209.4,211.75,204.15,204.15,205.75,207.79,102147,212.25,2163,59128,57.89
SWARAJ, SM, 08-Aug-2022,46.8,45.0,48.0,44.5,46.5,46.25,45.37,36000,16.33,18,26000,72.22
SWARAJENG, EQ, 08-Aug-2022,1587.8,1595.75,1595.75,1560.0,1560.05,1570.9,1579.27,4019,63.47,629,2763,68.75
SWELECTES, EQ, 08-Aug-2022,360.5,362.0,377.0,359.5,369.0,367.45,369.51,31495,116.38,1534,15488,49.18
SWSOLAR, EQ, 08-Aug-2022,293.2,292.65,295.9,292.0,294.35,294.0,294.14,111483,327.91,2799,57024,51.15
SYMPHONY, EQ, 08-Aug-2022,919.65,919.65,921.65,908.0,909.0,909.35,912.65,10908,99.55,2412,7659,70.21
SYNGENE, EQ, 08-Aug-2022,563.15,565.8,577.75,563.0,576.1,576.15,571.85,334559,1913.17,8252,174031,52.02
TAINWALCHM, EQ, 08-Aug-2022,85.45,84.1,89.95,84.1,87.0,87.05,87.19,8644,7.54,401,4295,49.69
TAJGVK, EQ, 08-Aug-2022,160.9,161.7,164.35,160.8,163.0,163.1,163.17,195475,318.96,3672,120778,61.79
TAKE, EQ, 08-Aug-2022,27.05,26.9,29.0,26.35,27.0,27.05,27.23,723105,196.91,3494,271733,37.58
TALBROAUTO, EQ, 08-Aug-2022,538.85,545.7,559.75,540.55,546.1,547.45,548.69,82339,451.78,5763,41276,50.13
TANLA, EQ, 08-Aug-2022,749.9,750.45,760.0,716.0,720.1,720.2,728.66,916001,6674.55,40131,337068,36.8
TANTIACONS, BZ, 08-Aug-2022,10.7,11.0,11.0,10.3,10.8,10.75,10.66,6099,0.65,43, -, -
TARC, EQ, 08-Aug-2022,36.85,36.55,37.7,36.55,36.9,36.95,37.29,371348,138.48,2200,231064,62.22
TARMAT, EQ, 08-Aug-2022,51.15,51.15,51.85,51.15,51.6,51.35,51.41,2691,1.38,70,1742,64.73
TARSONS, EQ, 08-Aug-2022,855.3,775.0,795.0,684.25,777.0,772.05,765.77,1097926,8407.62,59916,324973,29.6
TASTYBITE, EQ, 08-Aug-2022,11461.75,11578.0,11749.0,11424.05,11591.45,11615.5,11632.73,1689,196.48,798,811,48.02
TATACAPHSG, N2, 08-Aug-2022,1050.0,1044.0,1049.5,1044.0,1049.1,1049.1,1047.58,326,3.42,9,325,99.69
TATACAPHSG, N8, 08-Aug-2022,1066.99,1067.0,1067.0,1066.8,1066.8,1066.8,1066.94,33,0.35,2,23,69.7
TATACAPHSG, NB, 08-Aug-2022,1140.0,1139.89,1139.89,1139.0,1139.0,1139.44,1139.45,4,0.05,2,0,0
TATACHEM, EQ, 08-Aug-2022,948.5,949.0,962.4,942.75,957.5,957.0,954.69,1140055,10884.02,26851,518795,45.51
TATACOFFEE, EQ, 08-Aug-2022,217.55,217.55,219.7,217.1,218.0,217.95,218.25,456210,995.68,5367,145148,31.82
TATACOMM, EQ, 08-Aug-2022,1101.35,1094.5,1103.8,1082.1,1093.9,1091.7,1092.63,461999,5047.93,17721,198926,43.06
TATACONSUM, EQ, 08-Aug-2022,784.8,781.5,793.9,781.0,789.25,788.7,788.67,947150,7469.93,33547,452292,47.75
TATAELXSI, EQ, 08-Aug-2022,9308.6,9321.2,9631.0,9312.55,9542.1,9555.2,9552.96,643666,61489.16,82421,126904,19.72
TATAINVEST, EQ, 08-Aug-2022,1473.1,1485.0,1485.0,1460.2,1469.0,1466.7,1471.8,19691,289.81,3610,8781,44.59
TATAMETALI, EQ, 08-Aug-2022,715.85,715.85,720.15,707.0,710.95,711.7,712.03,61750,439.68,3682,39547,64.04
TATAMOTORS, EQ, 08-Aug-2022,465.25,466.0,471.9,464.45,468.0,468.25,468.27,10561754,49457.16,120623,2031421,19.23
TATAMTRDVR, EQ, 08-Aug-2022,225.2,225.6,228.45,225.0,226.4,226.4,226.52,1069042,2421.61,12085,329437,30.82
TATAPOWER, EQ, 08-Aug-2022,232.1,232.05,232.85,227.7,228.5,228.25,230.01,11852419,27261.89,94438,4718095,39.81
TATASTEEL, EQ, 08-Aug-2022,107.35,107.85,108.15,106.7,107.25,107.2,107.35,41384943,44425.44,162485,19609516,47.38
TATASTLLP, EQ, 08-Aug-2022,605.1,608.15,618.0,605.0,616.25,615.85,612.69,34759,212.96,2678,19230,55.32
TATVA, EQ, 08-Aug-2022,2330.4,2345.0,2363.7,2316.0,2350.0,2346.0,2343.68,8623,202.1,2140,4336,50.28
TBZ, EQ, 08-Aug-2022,74.8,75.0,75.0,73.25,74.1,74.45,74.04,77296,57.23,1815,46300,59.9
TCFSL, ND, 08-Aug-2022,1096.0,1099.65,1101.01,1099.65,1100.0,1100.0,1100.17,1962,21.59,34,1873,95.46
TCFSL, NF, 08-Aug-2022,1230.0,1204.0,1204.0,1204.0,1204.0,1204.0,1204.0,50,0.6,1,50,100
TCFSL, NH, 08-Aug-2022,1078.0,1078.0,1078.0,1077.0,1077.0,1077.08,1077.18,235,2.53,8,235,100
TCFSL, NJ, 08-Aug-2022,1101.0,1103.0,1103.0,1102.05,1103.0,1103.0,1102.32,310,3.42,8,310,100
TCFSL, NL, 08-Aug-2022,1133.64,1139.0,1139.0,1134.0,1134.0,1134.0,1134.57,97,1.1,5,97,100
TCFSL, NN, 08-Aug-2022,1174.0,1174.0,1239.0,1174.0,1235.0,1237.0,1178.67,54,0.64,3,50,92.59
TCI, EQ, 08-Aug-2022,722.6,726.0,738.35,715.2,722.0,719.75,728.35,38225,278.41,4170,16594,43.41
TCIDEVELOP, EQ, 08-Aug-2022,375.45,370.2,380.0,370.0,374.4,376.45,373.91,231,0.86,22,203,87.88
TCIEXP, EQ, 08-Aug-2022,1663.75,1668.75,1682.75,1621.2,1650.0,1651.45,1646.44,41679,686.22,8214,15493,37.17
TCIFINANCE, BE, 08-Aug-2022,4.9,4.9,4.9,4.7,4.7,4.7,4.7,6433,0.3,30, -, -
TCNSBRANDS, EQ, 08-Aug-2022,617.0,607.75,622.35,607.6,615.8,612.55,612.42,15889,97.31,1634,8421,53
TCPLPACK, EQ, 08-Aug-2022,1027.2,1045.0,1056.2,1032.8,1048.0,1047.55,1044.0,7122,74.35,1321,4755,66.76
TCS, EQ, 08-Aug-2022,3365.05,3365.0,3378.9,3336.0,3375.85,3374.45,3363.48,1068836,35950.05,82770,674222,63.08
TDPOWERSYS, EQ, 08-Aug-2022,589.35,589.0,592.0,572.05,575.0,574.6,578.18,45841,265.04,5848,23075,50.34
TEAMLEASE, EQ, 08-Aug-2022,3232.6,3221.1,3248.75,3201.0,3201.05,3212.15,3220.92,8207,264.34,2982,3017,36.76
TECH, EQ, 08-Aug-2022,30.4,30.97,30.97,30.1,30.28,30.3,30.27,10095,3.06,135,7126,70.59
TECHIN, EQ, 08-Aug-2022,10.9,10.5,10.95,10.35,10.6,10.55,10.64,14529,1.55,108,8211,56.51
TECHM, EQ, 08-Aug-2022,1058.2,1056.0,1064.85,1049.05,1056.95,1056.6,1057.58,2579239,27277.54,70062,1551113,60.14
TECHNOE, EQ, 08-Aug-2022,291.25,289.05,294.85,285.25,291.0,288.5,290.3,48977,142.18,2244,24883,50.81
TEGA, EQ, 08-Aug-2022,476.45,473.5,481.15,463.6,471.0,470.1,474.61,73513,348.9,2323,49477,67.3
TEJASNET, EQ, 08-Aug-2022,497.9,495.0,500.0,480.0,486.9,485.15,491.46,294774,1448.69,8332,151663,51.45
TEMBO, EQ, 08-Aug-2022,135.6,119.9,132.3,119.9,132.3,130.1,125.87,49299,62.05,575,32247,65.41
TERASOFT, EQ, 08-Aug-2022,40.45,40.85,41.55,40.1,40.55,40.8,40.9,21216,8.68,360,10319,48.64
TEXINFRA, EQ, 08-Aug-2022,58.4,58.45,61.95,58.05,59.0,59.1,59.41,45165,26.83,455,17611,38.99
TEXMOPIPES, EQ, 08-Aug-2022,65.15,65.7,65.95,64.55,65.0,65.2,65.37,48889,31.96,1147,29413,60.16
TEXRAIL, EQ, 08-Aug-2022,41.2,41.5,43.5,41.5,43.2,43.35,42.84,1413025,605.34,5433,787369,55.72
TFCILTD, EQ, 08-Aug-2022,57.55,57.15,59.45,57.15,59.45,58.3,57.97,41294,23.94,534,29580,71.63
TFL, EQ, 08-Aug-2022,7.85,7.85,8.6,7.55,7.75,8.1,8.05,7128,0.57,78,1441,20.22
TGBHOTELS, EQ, 08-Aug-2022,9.1,10.0,10.0,8.9,9.0,8.95,9.17,18248,1.67,148,9122,49.99
THANGAMAYL, EQ, 08-Aug-2022,1128.3,1120.0,1144.1,1120.0,1140.0,1140.15,1136.42,6585,74.83,523,5352,81.28
THEINVEST, EQ, 08-Aug-2022,97.7,97.15,97.4,91.65,96.85,95.25,95.36,2935,2.8,174,1947,66.34
THEJO, SM, 08-Aug-2022,907.1,920.0,1050.0,920.0,1000.0,1017.8,990.26,5550,54.96,31,4950,89.19
THEMISMED, EQ, 08-Aug-2022,809.8,822.0,822.0,785.05,820.0,811.95,810.8,5544,44.95,232,882,15.91
THERMAX, EQ, 08-Aug-2022,2064.75,2074.0,2097.0,2048.0,2070.5,2067.85,2068.39,40255,832.63,5312,20944,52.03
THOMASCOOK, EQ, 08-Aug-2022,71.1,71.3,74.1,69.2,73.1,73.6,72.51,1107351,802.95,8244,397721,35.92
THOMASCOTT, BE, 08-Aug-2022,36.4,34.8,37.0,34.8,36.0,36.6,36.37,962,0.35,12, -, -
THYROCARE, EQ, 08-Aug-2022,630.5,633.7,639.8,628.6,634.2,633.6,634.62,33215,210.79,2638,17902,53.9
TI, EQ, 08-Aug-2022,79.45,81.4,81.4,78.8,80.2,80.0,80.01,108500,86.81,1156,73655,67.88
TIDEWATER, EQ, 08-Aug-2022,1180.7,1195.0,1235.0,1175.0,1191.5,1200.35,1205.29,53145,640.55,6790,20270,38.14
TIIL, EQ, 08-Aug-2022,990.0,999.95,1010.0,985.7,997.9,990.65,997.3,4990,49.77,801,3123,62.59
TIINDIA, EQ, 08-Aug-2022,2306.75,2272.15,2355.9,2206.05,2324.95,2325.55,2293.35,331631,7605.45,27815,92422,27.87
TIJARIA, EQ, 08-Aug-2022,5.0,5.1,5.1,4.6,4.95,4.9,4.86,28263,1.37,86,16848,59.61
TIL, EQ, 08-Aug-2022,94.45,96.7,96.7,94.55,95.1,94.9,95.33,2756,2.63,84,1163,42.2
TIMESGTY, EQ, 08-Aug-2022,57.3,62.4,68.75,54.85,68.75,68.75,65.36,608038,397.43,4917,151922,24.99
TIMETECHNO, EQ, 08-Aug-2022,106.2,111.95,114.4,108.1,108.8,109.25,110.83,5529065,6127.68,41604,1351939,24.45
TIMKEN, EQ, 08-Aug-2022,2932.35,2947.0,2999.0,2908.85,2994.0,2985.1,2958.53,32844,971.7,5508,14820,45.12
TINPLATE, EQ, 08-Aug-2022,301.55,302.75,303.45,298.0,298.8,298.8,299.91,131915,395.63,3955,61026,46.26
TIPSINDLTD, EQ, 08-Aug-2022,1749.55,1722.0,1749.45,1685.0,1700.05,1696.8,1705.99,11868,202.47,1905,8712,73.41
TIRUMALCHM, EQ, 08-Aug-2022,225.4,227.15,228.45,224.1,224.9,225.0,225.96,221822,501.22,5700,81398,36.7
TIRUPATIFL, EQ, 08-Aug-2022,13.75,13.9,13.9,13.15,13.35,13.3,13.46,81675,10.99,309,62650,76.71
TITAN, EQ, 08-Aug-2022,2432.8,2460.0,2474.7,2433.15,2447.5,2446.95,2449.11,1576547,38611.43,110355,542978,34.44
TNIDETF, EQ, 08-Aug-2022,57.61,57.4,58.69,57.01,57.82,57.65,57.54,4251,2.45,106,3333,78.41
TNPETRO, EQ, 08-Aug-2022,101.3,102.0,104.0,96.25,98.1,97.35,99.81,787856,786.34,13762,320825,40.72
TNPL, EQ, 08-Aug-2022,244.9,249.7,257.2,247.0,252.45,252.4,251.12,984366,2471.97,20218,503593,51.16
TNTELE, BE, 08-Aug-2022,7.95,8.3,8.3,7.85,8.25,8.1,8.17,38819,3.17,123, -, -
TOKYOPLAST, EQ, 08-Aug-2022,96.35,97.5,104.95,93.7,98.85,100.55,100.87,256365,258.59,4615,54085,21.1
TORNTPHARM, EQ, 08-Aug-2022,1556.55,1554.8,1566.6,1551.3,1558.85,1555.1,1557.49,179582,2796.98,12605,80774,44.98
TORNTPOWER, EQ, 08-Aug-2022,540.85,540.0,549.65,537.35,548.1,548.5,545.94,445171,2430.35,12147,156494,35.15
TOTAL, EQ, 08-Aug-2022,83.05,85.5,85.5,80.05,82.45,81.9,81.73,25730,21.03,272,19622,76.26
TOUCHWOOD, EQ, 08-Aug-2022,76.2,75.0,84.25,75.0,78.9,78.55,79.94,18481,14.77,417,8475,45.86
TPLPLASTEH, EQ, 08-Aug-2022,172.9,178.0,178.0,169.7,174.95,174.6,174.19,18390,32.03,448,12087,65.73
TREEHOUSE, BE, 08-Aug-2022,14.5,14.5,15.1,13.8,13.8,13.95,14.19,19762,2.81,103, -, -
TREJHARA, EQ, 08-Aug-2022,64.75,65.0,68.2,61.75,64.75,63.6,65.29,95961,62.65,1792,51920,54.11
TRENT, EQ, 08-Aug-2022,1315.9,1315.9,1333.0,1307.45,1316.0,1318.65,1320.06,438066,5782.74,22039,149268,34.07
TRF, BE, 08-Aug-2022,131.75,138.0,138.3,138.0,138.3,138.3,138.29,16622,22.99,45, -, -
TRIDENT, EQ, 08-Aug-2022,40.25,40.6,40.85,39.6,39.9,39.75,39.96,6774038,2706.99,31830,4008254,59.17
TRIGYN, EQ, 08-Aug-2022,104.5,104.5,105.7,102.9,103.45,103.15,104.15,81459,84.84,2381,49934,61.3
TRIL, EQ, 08-Aug-2022,34.35,35.2,37.55,34.45,34.85,34.75,35.78,1008637,360.89,5220,395314,39.19
TRITURBINE, EQ, 08-Aug-2022,189.3,191.9,197.75,189.75,192.8,192.6,194.64,606831,1181.15,10638,162659,26.8
TRIVENI, EQ, 08-Aug-2022,226.65,226.5,229.65,222.5,226.0,226.65,225.83,902985,2039.2,23694,401914,44.51
TTKHLTCARE, EQ, 08-Aug-2022,851.4,856.0,885.0,855.05,861.5,860.25,866.79,13968,121.07,942,9116,65.26
TTKPRESTIG, EQ, 08-Aug-2022,877.8,894.0,894.0,871.65,882.0,881.2,879.1,28390,249.58,3668,13896,48.95
TTL, EQ, 08-Aug-2022,77.7,78.9,84.85,77.95,82.5,82.7,82.65,51438,42.51,1070,25795,50.15
TTML, EQ, 08-Aug-2022,111.85,112.0,113.5,110.35,110.8,110.9,111.57,2634275,2939.0,18279,1192700,45.28
TV18BRDCST, EQ, 08-Aug-2022,38.05,38.3,38.55,37.1,37.4,37.45,37.83,6140938,2323.29,13156,2592400,42.22
TVSELECT, EQ, 08-Aug-2022,217.5,218.45,223.4,214.65,216.45,216.05,218.03,40966,89.32,1825,22258,54.33
TVSMOTOR, EQ, 08-Aug-2022,948.35,949.9,960.9,942.1,955.05,956.7,950.6,1356911,12898.81,29976,488794,36.02
TVSSRICHAK, EQ, 08-Aug-2022,2242.2,2242.1,2265.0,2190.05,2212.4,2238.6,2237.5,8035,179.78,2303,4081,50.79
TVTODAY, EQ, 08-Aug-2022,280.3,280.0,290.75,280.0,287.25,287.05,286.54,87537,250.83,3847,44427,50.75
TVVISION, EQ, 08-Aug-2022,2.35,2.45,2.45,2.45,2.45,2.45,2.45,8829,0.22,12,8762,99.24
TWL, EQ, 08-Aug-2022,122.35,123.05,131.4,120.5,130.9,130.3,127.13,1314743,1671.44,11431,609811,46.38
UBL, EQ, 08-Aug-2022,1617.25,1617.0,1619.95,1597.0,1604.3,1606.65,1609.6,86752,1396.36,7533,51172,58.99
UCALFUEL, EQ, 08-Aug-2022,123.85,124.9,124.9,123.1,124.45,124.25,123.73,10398,12.87,190,6281,60.41
UCOBANK, EQ, 08-Aug-2022,11.85,11.85,11.95,11.65,11.75,11.7,11.81,2991730,353.45,22332,1132653,37.86
UDAICEMENT, EQ, 08-Aug-2022,30.1,30.1,30.65,29.6,29.9,29.85,29.9,127825,38.22,1093,91478,71.57
UFLEX, EQ, 08-Aug-2022,627.6,631.8,647.0,625.15,631.25,631.25,636.92,263996,1681.44,11537,86510,32.77
UFO, EQ, 08-Aug-2022,101.9,102.75,102.75,100.1,101.4,101.55,101.69,117139,119.12,3102,79935,68.24
UGARSUGAR, EQ, 08-Aug-2022,58.75,58.65,62.0,57.65,57.95,57.85,60.08,948291,569.7,6148,236216,24.91
UGROCAP, EQ, 08-Aug-2022,173.8,174.0,175.15,171.0,174.0,173.1,172.84,29274,50.6,1343,17469,59.67
UGROCAP, N1, 08-Aug-2022,679.16,687.0,687.0,676.0,676.0,677.29,681.63,112,0.76,10,103,91.96
UGROCAP, N3, 08-Aug-2022,960.0,1005.0,1005.0,1005.0,1005.0,1005.0,1005.0,49,0.49,1,49,100
UJAAS, BE, 08-Aug-2022,3.3,3.35,3.35,3.2,3.3,3.25,3.26,438151,14.29,625, -, -
UJJIVAN, EQ, 08-Aug-2022,182.15,182.15,184.25,175.55,176.0,176.8,180.06,600016,1080.41,6795,288851,48.14
UJJIVANSFB, EQ, 08-Aug-2022,20.9,20.9,21.5,20.15,20.55,20.45,20.93,2693911,563.94,5768,1336881,49.63
ULTRACEMCO, EQ, 08-Aug-2022,6775.2,6755.0,6775.2,6647.0,6677.45,6677.85,6693.66,313912,21012.2,41479,155252,49.46
UMAEXPORTS, EQ, 08-Aug-2022,55.05,55.15,56.9,54.6,56.15,56.05,56.03,144018,80.69,4410,67942,47.18
UMANGDAIRY, EQ, 08-Aug-2022,55.2,55.95,56.05,55.25,55.9,55.75,55.7,12194,6.79,169,7673,62.92
UMESLTD, BE, 08-Aug-2022,4.85,4.75,4.95,4.65,4.8,4.75,4.79,31255,1.5,80, -, -
UNICHEMLAB, EQ, 08-Aug-2022,298.45,298.45,308.4,295.05,303.9,303.25,303.94,69608,211.57,5048,30500,43.82
UNIDT, EQ, 08-Aug-2022,392.0,392.0,402.95,385.2,388.0,386.2,390.69,56817,221.98,1521,43694,76.9
UNIENTER, EQ, 08-Aug-2022,131.05,132.9,132.9,125.5,126.5,126.75,127.47,13136,16.74,334,6357,48.39
UNIINFO, EQ, 08-Aug-2022,21.4,22.25,23.5,19.3,20.3,21.25,21.32,32973,7.03,226,10356,31.41
UNIONBANK, EQ, 08-Aug-2022,38.9,38.9,39.35,38.65,38.85,38.8,38.96,3901650,1519.92,10574,1853898,47.52
UNITECH, BZ, 08-Aug-2022,1.65,1.7,1.7,1.65,1.7,1.7,1.68,1466567,24.57,623, -, -
UNITEDPOLY, EQ, 08-Aug-2022,37.7,39.8,39.95,37.55,38.1,38.0,38.34,8208,3.15,138,4321,52.64
UNITEDTEA, EQ, 08-Aug-2022,319.7,316.0,326.05,316.0,319.0,317.95,320.49,4098,13.13,176,2499,60.98
UNIVASTU, EQ, 08-Aug-2022,80.9,79.15,85.5,77.5,82.05,82.85,82.36,107362,88.42,1021,45145,42.05
UNIVCABLES, EQ, 08-Aug-2022,182.55,183.7,185.0,179.0,182.0,182.85,182.26,33057,60.25,920,21711,65.68
UNIVPHOTO, EQ, 08-Aug-2022,517.4,508.0,525.0,507.65,525.0,520.5,517.78,444,2.3,84,316,71.17
UNOMINDA, EQ, 08-Aug-2022,521.4,524.15,554.7,519.1,547.0,549.5,540.86,904606,4892.64,25286,325921,36.03
UPL, EQ, 08-Aug-2022,743.45,743.4,751.55,736.55,749.45,749.15,744.54,1589806,11836.77,41606,511026,32.14
URJA, EQ, 08-Aug-2022,13.0,13.15,13.3,12.95,13.1,13.0,13.11,2056233,269.54,4931,973131,47.33
USHAMART, EQ, 08-Aug-2022,151.0,149.5,149.5,142.2,146.4,146.65,146.01,1537472,2244.84,13735,690413,44.91
UTIAMC, EQ, 08-Aug-2022,736.45,736.4,743.0,728.25,732.7,737.75,736.74,256719,1891.36,6000,215258,83.85
UTIBANKETF, EQ, 08-Aug-2022,38.09,38.0,38.66,37.35,38.66,38.54,38.5,57815,22.26,183,9467,16.37
UTINEXT50, EQ, 08-Aug-2022,43.87,44.31,44.31,43.31,44.08,44.04,43.8,14267,6.25,246,10066,70.55
UTINIFTETF, EQ, 08-Aug-2022,1843.88,1850.0,1864.0,1840.0,1862.0,1858.74,1849.72,814,15.06,124,734,90.17
UTISENSETF, EQ, 08-Aug-2022,617.16,610.02,622.3,610.02,622.0,620.59,621.34,25088,155.88,185,24902,99.26
UTISXN50, EQ, 08-Aug-2022,50.74,52.98,52.98,50.74,51.1,50.89,51.12,2552,1.3,90,1082,42.4
UTTAMSTL, BE, 08-Aug-2022,3.3,3.3,3.3,3.2,3.3,3.25,3.27,266476,8.71,332, -, -
UTTAMSUGAR, EQ, 08-Aug-2022,276.1,278.4,282.4,275.5,276.1,277.55,279.05,143225,399.67,4554,51078,35.66
V2RETAIL, EQ, 08-Aug-2022,113.6,115.85,115.85,103.4,109.7,109.9,108.87,85232,92.79,1480,47492,55.72
VADILALIND, EQ, 08-Aug-2022,2348.35,2370.0,2418.8,2315.0,2388.0,2374.4,2367.08,22242,526.49,3881,10967,49.31
VAIBHAVGBL, EQ, 08-Aug-2022,302.95,305.8,305.95,302.0,304.5,303.4,303.66,287122,871.88,7995,152387,53.07
VAISHALI, EQ, 08-Aug-2022,88.7,91.0,91.0,87.95,89.3,88.75,89.68,30741,27.57,245,17344,56.42
VAKRANGEE, EQ, 08-Aug-2022,28.85,28.9,29.1,27.95,28.1,28.0,28.42,1563611,444.42,4333,995307,63.65
VALIANTORG, EQ, 08-Aug-2022,618.55,612.65,625.7,608.0,608.55,610.1,613.05,59521,364.89,3825,26800,45.03
VARDHACRLC, EQ, 08-Aug-2022,51.5,52.15,52.95,51.3,52.2,52.1,52.29,34278,17.92,403,25549,74.53
VARDMNPOLY, EQ, 08-Aug-2022,24.25,25.2,25.45,24.55,24.7,24.7,25.31,19871,5.03,123,15851,79.77
VARROC, EQ, 08-Aug-2022,342.5,346.9,346.9,338.0,339.55,339.75,340.21,158464,539.11,6773,66232,41.8
VASCONEQ, EQ, 08-Aug-2022,23.35,23.5,23.7,22.9,23.0,22.95,23.14,181971,42.12,766,89355,49.1
VASWANI, EQ, 08-Aug-2022,19.75,20.15,20.15,19.35,19.6,19.5,19.65,39973,7.86,294,29107,72.82
VBL, EQ, 08-Aug-2022,1025.25,1024.0,1024.0,992.2,1020.0,1011.65,1004.02,2028176,20363.25,61923,1293790,63.79
VCL, EQ, 08-Aug-2022,11.05,10.9,11.3,10.1,10.4,10.3,10.4,328418,34.15,1537,244925,74.58
VEDL, EQ, 08-Aug-2022,253.25,253.25,258.0,253.15,256.9,256.75,255.87,7700478,19703.07,57575,2961467,38.46
VENKEYS, EQ, 08-Aug-2022,2124.4,2116.5,2158.0,2107.1,2140.0,2142.5,2136.88,99718,2130.86,11524,18482,18.53
VENUSPIPES, EQ, 08-Aug-2022,393.8,398.0,404.0,390.0,398.0,400.15,397.57,64334,255.77,4143,32413,50.38
VENUSREM, EQ, 08-Aug-2022,212.1,216.4,217.45,207.0,209.5,209.75,212.04,37303,79.1,2266,20695,55.48
VERANDA, EQ, 08-Aug-2022,256.4,259.0,263.45,252.1,255.0,253.25,256.95,51672,132.77,1265,35072,67.87
VERTOZ, EQ, 08-Aug-2022,83.55,83.0,84.5,82.3,83.8,83.4,83.25,14302,11.91,258,10847,75.84
VESUVIUS, EQ, 08-Aug-2022,1149.6,1149.0,1190.0,1149.0,1174.8,1177.9,1175.44,7312,85.95,917,4478,61.24
VETO, EQ, 08-Aug-2022,96.35,95.15,99.55,95.15,98.15,98.15,97.59,49139,47.96,914,27716,56.4
VGUARD, EQ, 08-Aug-2022,235.5,236.0,241.9,234.8,238.6,239.05,239.26,237846,569.06,5423,128055,53.84
VHL, EQ, 08-Aug-2022,2951.65,2969.55,3000.0,2915.0,2954.95,2954.3,2960.35,920,27.24,177,731,79.46
VICEROY, BZ, 08-Aug-2022,1.8,1.75,1.75,1.75,1.75,1.75,1.75,17168,0.3,42, -, -
VIDHIING, EQ, 08-Aug-2022,400.25,400.25,402.3,399.1,400.95,400.15,400.29,20777,83.17,1121,15284,73.56
VIJAYA, EQ, 08-Aug-2022,379.95,379.95,380.0,367.05,372.0,369.55,372.14,98461,366.41,7685,57474,58.37
VIJIFIN, EQ, 08-Aug-2022,3.0,3.05,3.05,2.85,2.9,2.9,2.95,110809,3.27,363,65846,59.42
VIKASECO, EQ, 08-Aug-2022,3.6,3.6,3.65,3.55,3.55,3.6,3.6,3299579,118.65,2180,2682997,81.31
VIKASLIFE, BE, 08-Aug-2022,5.15,5.05,5.1,4.95,5.05,5.0,5.0,4911092,245.63,5316, -, -
VIKASPROP, EQ, 08-Aug-2022,0.9,0.95,0.95,0.9,0.95,0.9,0.92,2139873,19.74,16460,1885848,88.13
VIKASWSP, BZ, 08-Aug-2022,2.5,2.4,2.55,2.4,2.55,2.5,2.47,161759,3.99,181, -, -
VIMTALABS, EQ, 08-Aug-2022,386.15,387.9,391.95,377.5,380.65,382.4,383.98,37409,143.64,2587,19507,52.15
VINATIORGA, EQ, 08-Aug-2022,2228.35,2245.1,2288.0,2217.0,2230.0,2237.75,2247.46,75494,1696.7,9522,35106,46.5
VINDHYATEL, EQ, 08-Aug-2022,1112.2,1107.0,1136.9,1081.2,1097.0,1097.75,1115.29,9562,106.64,1814,4100,42.88
VINEETLAB, EQ, 08-Aug-2022,59.2,59.2,59.95,57.15,59.8,58.9,59.08,6603,3.9,150,3927,59.47
VINYLINDIA, EQ, 08-Aug-2022,358.35,359.6,376.95,329.0,343.0,338.0,351.7,533308,1875.64,23271,152594,28.61
VIPCLOTHNG, EQ, 08-Aug-2022,23.0,23.2,24.4,22.8,23.4,23.55,23.66,240632,56.92,604,161982,67.32
VIPIND, EQ, 08-Aug-2022,600.1,603.0,608.85,597.0,599.85,599.05,600.87,146735,881.69,8689,70403,47.98
VIPULLTD, EQ, 08-Aug-2022,16.85,16.85,17.65,16.05,16.05,16.05,16.66,699336,116.54,589,514976,73.64
VISAKAIND, EQ, 08-Aug-2022,495.4,502.0,513.95,495.0,495.2,497.35,503.13,87237,438.92,3840,49921,57.22
VISASTEEL, EQ, 08-Aug-2022,14.3,14.3,14.95,13.8,14.25,14.05,14.21,34762,4.94,239,23207,66.76
VISESHINFO, EQ, 08-Aug-2022,0.75,0.75,0.8,0.7,0.75,0.7,0.74,12369545,91.0,6447,9435654,76.28
VISHAL, EQ, 08-Aug-2022,24.4,24.85,24.85,24.0,24.1,24.1,24.34,119101,28.99,909,79950,67.13
VISHNU, EQ, 08-Aug-2022,1575.55,1654.3,1654.3,1622.6,1654.3,1654.3,1650.18,122259,2017.49,4087,89542,73.24
VISHWARAJ, EQ, 08-Aug-2022,17.45,17.7,17.7,17.1,17.45,17.45,17.44,284992,49.7,1193,162726,57.1
VIVIDHA, EQ, 08-Aug-2022,1.3,1.3,1.35,1.25,1.25,1.25,1.27,602915,7.67,1323,563478,93.46
VIVIMEDLAB, EQ, 08-Aug-2022,10.5,10.8,10.8,10.35,10.4,10.4,10.52,70641,7.43,285,50698,71.77
VLSFINANCE, EQ, 08-Aug-2022,145.7,146.5,159.5,146.5,159.25,158.15,156.16,195166,304.78,2815,94651,48.5
VMARCIND, SM, 08-Aug-2022,35.9,33.0,33.0,33.0,33.0,33.0,33.0,3000,0.99,1,3000,100
VMART, EQ, 08-Aug-2022,2969.9,3084.0,3090.0,2901.0,2950.0,2948.7,2956.45,80759,2387.6,25200,35204,43.59
VOLTAMP, EQ, 08-Aug-2022,3368.7,3368.7,3369.05,3267.65,3313.0,3310.75,3309.11,25518,844.42,5738,14541,56.98
VOLTAS, EQ, 08-Aug-2022,972.95,970.7,990.65,968.0,982.0,982.3,982.22,923346,9069.31,25507,407861,44.17
VRLLOG, EQ, 08-Aug-2022,609.4,612.0,618.7,605.5,610.1,614.0,611.06,161684,987.99,8758,54471,33.69
VSSL, EQ, 08-Aug-2022,249.4,251.0,253.5,245.65,247.05,247.5,249.04,38225,95.19,1115,22489,58.83
VSTIND, EQ, 08-Aug-2022,3410.05,3410.05,3465.0,3410.0,3441.0,3446.9,3438.59,3243,111.51,1017,1788,55.13
VSTTILLERS, EQ, 08-Aug-2022,2444.0,2444.0,2525.0,2432.2,2490.0,2515.6,2481.03,6361,157.82,1682,3422,53.8
VTL, EQ, 08-Aug-2022,315.85,316.0,319.9,314.0,318.0,317.6,317.13,285801,906.36,8271,116684,40.83
WABAG, EQ, 08-Aug-2022,249.8,250.0,250.8,244.6,246.0,245.95,246.45,137473,338.81,5857,86579,62.98
WALCHANNAG, EQ, 08-Aug-2022,53.25,52.55,53.85,51.7,52.6,52.1,52.51,88252,46.34,871,53873,61.04
WALPAR, SM, 08-Aug-2022,52.0,50.0,54.6,50.0,54.5,54.5,54.23,30000,16.27,15,28000,93.33
WANBURY, BE, 08-Aug-2022,72.5,72.4,72.4,68.9,69.1,69.7,70.03,25791,18.06,171, -, -
WATERBASE, EQ, 08-Aug-2022,81.6,82.0,85.65,82.0,83.3,83.4,84.02,104388,87.71,1851,31057,29.75
WEALTH, EQ, 08-Aug-2022,240.05,230.0,241.0,228.9,230.7,231.25,235.11,570,1.34,36,164,28.77
WEBELSOLAR, EQ, 08-Aug-2022,91.25,94.0,96.1,91.3,94.0,94.35,94.02,294127,276.54,3648,164578,55.95
WEIZMANIND, EQ, 08-Aug-2022,65.1,68.0,77.1,67.05,72.75,72.95,73.58,585871,431.1,9014,126821,21.65
WELCORP, EQ, 08-Aug-2022,206.45,206.0,214.0,202.45,210.5,210.9,209.34,1428078,2989.51,15742,399402,27.97
WELENT, EQ, 08-Aug-2022,111.15,111.05,114.3,109.65,113.0,111.6,112.8,1916358,2161.75,6923,1553214,81.05
WELINV, EQ, 08-Aug-2022,278.9,276.05,296.9,276.05,291.8,286.75,286.76,1389,3.98,90,923,66.45
WELSPUNIND, EQ, 08-Aug-2022,74.0,74.0,74.65,73.4,73.65,73.5,73.97,528276,390.78,4701,276543,52.35
WENDT, EQ, 08-Aug-2022,8089.4,8093.4,8234.0,7990.5,8075.0,8107.05,8141.15,1302,106.0,499,891,68.43
WESTLIFE, EQ, 08-Aug-2022,596.3,604.0,608.8,593.4,601.85,603.1,601.31,76285,458.71,4768,35967,47.15
WEWIN, EQ, 08-Aug-2022,37.65,38.05,41.4,38.05,41.4,41.4,40.74,20241,8.25,131,15277,75.48
WFL, EQ, 08-Aug-2022,141.55,145.0,156.15,141.75,142.0,142.05,149.09,2520,3.76,185,1221,48.45
WHEELS, EQ, 08-Aug-2022,665.65,669.0,669.0,661.45,664.1,664.5,666.02,9161,61.01,693,6598,72.02
WHIRLPOOL, EQ, 08-Aug-2022,1787.4,1789.9,1809.6,1775.6,1800.9,1802.45,1798.78,156324,2811.93,8252,81034,51.84
WILLAMAGOR, EQ, 08-Aug-2022,22.35,23.0,23.35,21.15,21.6,21.7,21.9,26654,5.84,159,19119,71.73
WINDLAS, EQ, 08-Aug-2022,217.35,218.9,219.8,213.05,213.75,214.35,215.59,40830,88.03,1927,27749,67.96
WINDMACHIN, EQ, 08-Aug-2022,35.85,35.75,36.45,35.0,35.3,35.3,35.7,35521,12.68,248,28200,79.39
WINPRO, EQ, 08-Aug-2022,5.75,5.85,5.85,5.55,5.55,5.65,5.73,338202,19.38,507,266985,78.94
WIPL, BE, 08-Aug-2022,54.45,54.45,55.0,52.05,54.45,54.45,53.31,134,0.07,10, -, -
WIPRO, EQ, 08-Aug-2022,440.0,442.8,442.8,435.2,436.4,435.85,436.88,4778748,20877.33,113717,2166364,45.33
WOCKPHARMA, EQ, 08-Aug-2022,234.0,234.1,238.4,232.75,233.3,233.5,234.89,357302,839.27,6814,126585,35.43
WONDERLA, EQ, 08-Aug-2022,280.4,285.0,289.95,277.35,277.75,278.15,283.49,496564,1407.69,15347,217138,43.73
WORTH, EQ, 08-Aug-2022,99.25,99.1,101.55,98.2,100.45,100.2,99.75,7931,7.91,149,2906,36.64
WSI, BE, 08-Aug-2022,13.75,14.4,14.4,14.4,14.4,14.4,14.4,1054,0.15,5, -, -
WSTCSTPAPR, EQ, 08-Aug-2022,492.0,498.0,533.55,480.65,533.0,526.85,506.37,1272916,6445.68,25123,617379,48.5
XCHANGING, EQ, 08-Aug-2022,72.85,74.9,74.9,72.85,73.25,73.6,73.62,118592,87.3,1824,64510,54.4
XELPMOC, EQ, 08-Aug-2022,177.55,179.9,183.25,174.4,180.4,181.9,179.3,53565,96.04,3830,31690,59.16
XPROINDIA, BE, 08-Aug-2022,792.0,785.0,810.0,765.0,776.0,770.6,787.61,11065,87.15,605, -, -
YAARI, EQ, 08-Aug-2022,43.7,45.85,45.85,42.0,45.85,45.85,45.59,389615,177.62,700,237546,60.97
YESBANK, EQ, 08-Aug-2022,16.65,16.7,16.75,15.95,16.05,16.0,16.16,130861541,21152.96,102876,54828563,41.9
YUKEN, EQ, 08-Aug-2022,451.4,451.9,451.9,442.25,442.25,445.7,446.74,412,1.84,48,246,59.71
ZEEL, EQ, 08-Aug-2022,243.85,243.8,252.7,242.8,252.0,251.25,248.72,5304079,13192.19,43209,1619310,30.53
ZEELEARN, EQ, 08-Aug-2022,6.85,6.95,7.1,6.85,6.95,6.9,6.95,773946,53.81,955,525152,67.85
ZEEMEDIA, EQ, 08-Aug-2022,14.95,14.65,14.9,14.55,14.7,14.7,14.76,1084604,160.08,1692,766089,70.63
ZENITHEXPO, EQ, 08-Aug-2022,70.4,66.0,74.35,64.85,74.3,72.95,71.57,1060,0.76,81,484,45.66
ZENITHSTL, BE, 08-Aug-2022,6.65,6.8,6.9,6.35,6.35,6.35,6.44,427804,27.57,1154, -, -
ZENSARTECH, EQ, 08-Aug-2022,247.45,239.75,239.75,226.2,229.9,229.35,231.86,3522811,8167.87,63238,1781669,50.58
ZENTEC, EQ, 08-Aug-2022,186.7,187.05,193.15,186.75,188.0,187.4,189.29,235536,445.86,5902,92472,39.26
ZFCVINDIA, EQ, 08-Aug-2022,8921.85,9187.8,9411.1,9105.35,9359.0,9344.0,9340.4,36285,3389.16,11500,15187,41.85
ZODIAC, BE, 08-Aug-2022,148.9,141.5,141.5,141.5,141.5,141.5,141.5,11858,16.78,667, -, -
ZODIACLOTH, EQ, 08-Aug-2022,92.2,93.0,94.2,91.65,92.1,92.35,92.7,10291,9.54,296,5382,52.3
ZOMATO, EQ, 08-Aug-2022,54.6,54.7,56.2,54.2,55.55,55.45,55.3,178185076,98545.13,268717,50287328,28.22
ZOTA, EQ, 08-Aug-2022,274.1,269.0,282.0,269.0,281.6,278.3,277.41,12415,34.44,248,8868,71.43
ZUARI, EQ, 08-Aug-2022,166.45,168.0,170.25,164.25,164.8,165.2,167.28,212341,355.21,5863,131659,62
ZUARIIND, EQ, 08-Aug-2022,174.3,174.8,176.9,167.2,167.9,168.35,170.97,58130,99.38,1873,32017,55.08
ZYDUSLIFE, EQ, 08-Aug-2022,357.6,358.25,364.0,357.15,360.0,360.7,361.14,765456,2764.38,16853,266324,34.79
ZYDUSWELL, EQ, 08-Aug-2022,1593.2,1606.25,1610.0,1590.0,1590.0,1595.45,1600.48,14590,233.51,2453,10036,68.79
