transition,pub_period,pub_year,review_date,E_source,cell,isin,symbol,company_name,prev_rank,cur_rank,prev_category,category,drop_reason,qty,entry_open,exit_open,gross_ret,net_ret,cost_frac,fees,bench_ret,ar_net,ar_gross,pre_ar_20d,pre_ar_60d
2017H2->2018H1,2018H1,2018,(none),fallback: panel has no 5th trading day in 07/2018,PROMOTION-TO-LARGE,INE376G01013,BIOCON,BIOCON LTD.,116,77,MID,LARGE,E undatable: fallback: panel has no 5th trading day in 07/2018,,,,,,,,,,,,
2017H2->2018H1,2018H1,2018,(none),fallback: panel has no 5th trading day in 07/2018,PROMOTION-TO-LARGE,INE114A01011,SAIL,"STEEL AUTHORITY OF INDIA LTD.,",103,88,MID,LARGE,E undatable: fallback: panel has no 5th trading day in 07/2018,,,,,,,,,,,,
2017H2->2018H1,2018H1,2018,(none),fallback: panel has no 5th trading day in 07/2018,PROMOTION-TO-LARGE,INE721A01013,SRTRANSFIN,"SHRIRAM TRANSPORT FINANCE CO. LTD.,",107,91,MID,LARGE,E undatable: fallback: panel has no 5th trading day in 07/2018,,,,,,,,,,,,
2017H2->2018H1,2018H1,2018,(none),fallback: panel has no 5th trading day in 07/2018,PROMOTION-TO-LARGE,INE883A01011,MRF,"M.R.F. LTD.,",102,95,MID,LARGE,E undatable: fallback: panel has no 5th trading day in 07/2018,,,,,,,,,,,,
2017H2->2018H1,2018H1,2018,(none),fallback: panel has no 5th trading day in 07/2018,PROMOTION-TO-LARGE,INE179A01014,PGHH,PROCTER & GAMBLE HYGIENE & HEALTH CARE LTD.,104,97,MID,LARGE,E undatable: fallback: panel has no 5th trading day in 07/2018,,,,,,,,,,,,
2017H2->2018H1,2018H1,2018,(none),fallback: panel has no 5th trading day in 07/2018,PROMOTION-TO-LARGE,INE259A01022,COLPAL,"COLGATE-PALMOLIVE (INDIA) LTD.,",101,100,MID,LARGE,E undatable: fallback: panel has no 5th trading day in 07/2018,,,,,,,,,,,,
2017H2->2018H1,2018H1,2018,(none),fallback: panel has no 5th trading day in 07/2018,DEMOTION-FROM-LARGE,INE012A01025,ACC,ACC LTD,86,103,LARGE,MID,E undatable: fallback: panel has no 5th trading day in 07/2018,,,,,,,,,,,,
2017H2->2018H1,2018H1,2018,(none),fallback: panel has no 5th trading day in 07/2018,DEMOTION-FROM-LARGE,INE117A01022,ABB,ABB INDIA LIMITED,99,105,LARGE,MID,E undatable: fallback: panel has no 5th trading day in 07/2018,,,,,,,,,,,,
2017H2->2018H1,2018H1,2018,(none),fallback: panel has no 5th trading day in 07/2018,DEMOTION-FROM-LARGE,INE160A01022,PNB,PUNJAB NATIONAL BANK,81,106,LARGE,MID,E undatable: fallback: panel has no 5th trading day in 07/2018,,,,,,,,,,,,
2017H2->2018H1,2018H1,2018,(none),fallback: panel has no 5th trading day in 07/2018,DEMOTION-FROM-LARGE,INE848E01016,NHPC,NHPC LIMITED,97,107,LARGE,MID,E undatable: fallback: panel has no 5th trading day in 07/2018,,,,,,,,,,,,
2017H2->2018H1,2018H1,2018,(none),fallback: panel has no 5th trading day in 07/2018,DEMOTION-FROM-LARGE,INE115A01026,LICHSGFIN,LIC HOUSING FINANCE LTD.,89,111,LARGE,MID,E undatable: fallback: panel has no 5th trading day in 07/2018,,,,,,,,,,,,
2017H2->2018H1,2018H1,2018,(none),fallback: panel has no 5th trading day in 07/2018,DEMOTION-FROM-LARGE,INE020B01018,RECLTD,RURAL ELECTRIFICATION CORPORATION LIMITED,88,114,LARGE,MID,E undatable: fallback: panel has no 5th trading day in 07/2018,,,,,,,,,,,,
2017H2->2018H1,2018H1,2018,(none),fallback: panel has no 5th trading day in 07/2018,DEMOTION-FROM-LARGE,INE134E01011,PFC,POWER FINANCE CORPORATION LTD,83,118,LARGE,MID,E undatable: fallback: panel has no 5th trading day in 07/2018,,,,,,,,,,,,
2017H2->2018H1,2018H1,2018,(none),fallback: panel has no 5th trading day in 07/2018,DEMOTION-FROM-LARGE,INE051B01021,VAKRANGEE,VAKRANGEE LIMITED,100,137,LARGE,MID,E undatable: fallback: panel has no 5th trading day in 07/2018,,,,,,,,,,,,
2017H2->2018H1,2018H1,2018,(none),fallback: panel has no 5th trading day in 07/2018,PROMOTION-TO-MID,INE371A01025,GRAPHITE,GRAPHITE INDIA LTD.,270,184,SMALL,MID,E undatable: fallback: panel has no 5th trading day in 07/2018,,,,,,,,,,,,
2017H2->2018H1,2018H1,2018,(none),fallback: panel has no 5th trading day in 07/2018,PROMOTION-TO-MID,INE018I01017,MINDTREE,MINDTREE  LIMITED,260,189,SMALL,MID,E undatable: fallback: panel has no 5th trading day in 07/2018,,,,,,,,,,,,
2017H2->2018H1,2018H1,2018,(none),fallback: panel has no 5th trading day in 07/2018,PROMOTION-TO-MID,INE010V01017,LTTS,L&T TECHNOLOGY SERVICES LIMITED,252,203,SMALL,MID,E undatable: fallback: panel has no 5th trading day in 07/2018,,,,,,,,,,,,
2017H2->2018H1,2018H1,2018,(none),fallback: panel has no 5th trading day in 07/2018,PROMOTION-TO-MID,INE545A01016,HEG,HEG LTD.,382,218,SMALL,MID,E undatable: fallback: panel has no 5th trading day in 07/2018,,,,,,,,,,,,
2017H2->2018H1,2018H1,2018,(none),fallback: panel has no 5th trading day in 07/2018,PROMOTION-TO-MID,INE093A01033,HEXAWARE,HEXAWARE TECHNOLOGIES LTD.,253,219,SMALL,MID,E undatable: fallback: panel has no 5th trading day in 07/2018,,,,,,,,,,,,
2017H2->2018H1,2018H1,2018,(none),fallback: panel has no 5th trading day in 07/2018,PROMOTION-TO-MID,INE855B01025,RAIN,RAIN INDUSTRIES LIMITED,281,230,SMALL,MID,E undatable: fallback: panel has no 5th trading day in 07/2018,,,,,,,,,,,,
2017H2->2018H1,2018H1,2018,(none),fallback: panel has no 5th trading day in 07/2018,PROMOTION-TO-MID,INE042A01014,ESCORTS,"ESCORTS LIMITED,",257,235,SMALL,MID,E undatable: fallback: panel has no 5th trading day in 07/2018,,,,,,,,,,,,
2017H2->2018H1,2018H1,2018,(none),fallback: panel has no 5th trading day in 07/2018,PROMOTION-TO-MID,INE182A01018,PFIZER,"PFIZER LTD.,",256,242,SMALL,MID,E undatable: fallback: panel has no 5th trading day in 07/2018,,,,,,,,,,,,
2017H2->2018H1,2018H1,2018,(none),fallback: panel has no 5th trading day in 07/2018,PROMOTION-TO-MID,INE886H01027,TV18BRDCST,TV18 BROADCAST LTD.,280,243,SMALL,MID,E undatable: fallback: panel has no 5th trading day in 07/2018,,,,,,,,,,,,
2017H2->2018H1,2018H1,2018,(none),fallback: panel has no 5th trading day in 07/2018,PROMOTION-TO-MID,INE836F01026,DISHTV,DISH TV INDIA LIMITED,259,244,SMALL,MID,E undatable: fallback: panel has no 5th trading day in 07/2018,,,,,,,,,,,,
2017H2->2018H1,2018H1,2018,(none),fallback: panel has no 5th trading day in 07/2018,PROMOTION-TO-MID,INE405E01023,MINDAIND,MINDA INDUSTRIES LTD.,272,247,SMALL,MID,E undatable: fallback: panel has no 5th trading day in 07/2018,,,,,,,,,,,,
2017H2->2018H1,2018H1,2018,(none),fallback: panel has no 5th trading day in 07/2018,PROMOTION-TO-MID,INE230A01023,EIHOTEL,EIH LTD,264,250,SMALL,MID,E undatable: fallback: panel has no 5th trading day in 07/2018,,,,,,,,,,,,
2017H2->2018H1,2018H1,2018,(none),fallback: panel has no 5th trading day in 07/2018,DEMOTION-FROM-MID,INE343H01029,SOLARINDS,SOLAR INDUSTRIES INDIA LIMITED,242,251,MID,SMALL,E undatable: fallback: panel has no 5th trading day in 07/2018,,,,,,,,,,,,
2017H2->2018H1,2018H1,2018,(none),fallback: panel has no 5th trading day in 07/2018,DEMOTION-FROM-MID,INE901L01018,APLLTD,ALEMBIC PHARMACEUTICALS LIMITED,230,253,MID,SMALL,E undatable: fallback: panel has no 5th trading day in 07/2018,,,,,,,,,,,,
2017H2->2018H1,2018H1,2018,(none),fallback: panel has no 5th trading day in 07/2018,DEMOTION-FROM-MID,INE105A01035,SUNCLAYLTD,"SUNDARAM CLAYTON LTD.,",223,254,MID,SMALL,E undatable: fallback: panel has no 5th trading day in 07/2018,,,,,,,,,,,,
2017H2->2018H1,2018H1,2018,(none),fallback: panel has no 5th trading day in 07/2018,DEMOTION-FROM-MID,INE332A01027,THOMASCOOK,"THOMAS COOK (INDIA) LTD.,",247,256,MID,SMALL,E undatable: fallback: panel has no 5th trading day in 07/2018,,,,,,,,,,,,
2017H2->2018H1,2018H1,2018,(none),fallback: panel has no 5th trading day in 07/2018,DEMOTION-FROM-MID,INE200A01026,GET&D,GE T&D INDIA LIMITED,225,257,MID,SMALL,E undatable: fallback: panel has no 5th trading day in 07/2018,,,,,,,,,,,,
2017H2->2018H1,2018H1,2018,(none),fallback: panel has no 5th trading day in 07/2018,DEMOTION-FROM-MID,INE176A01028,BATAINDIA,BATA INDIA LIMITED,241,259,MID,SMALL,E undatable: fallback: panel has no 5th trading day in 07/2018,,,,,,,,,,,,
2017H2->2018H1,2018H1,2018,(none),fallback: panel has no 5th trading day in 07/2018,DEMOTION-FROM-MID,INE069I01010,IBREALEST,INDIABULLS REAL ESTATE LIMITED,218,261,MID,SMALL,E undatable: fallback: panel has no 5th trading day in 07/2018,,,,,,,,,,,,
2017H2->2018H1,2018H1,2018,(none),fallback: panel has no 5th trading day in 07/2018,DEMOTION-FROM-MID,INE233B01017,BLUEDART,BLUE DART EXPRESS LTD.,221,262,MID,SMALL,E undatable: fallback: panel has no 5th trading day in 07/2018,,,,,,,,,,,,
2017H2->2018H1,2018H1,2018,(none),fallback: panel has no 5th trading day in 07/2018,DEMOTION-FROM-MID,INE522D01027,MANAPPURAM,MANAPPURAM FINANCE LIMITED,250,263,MID,SMALL,E undatable: fallback: panel has no 5th trading day in 07/2018,,,,,,,,,,,,
2017H2->2018H1,2018H1,2018,(none),fallback: panel has no 5th trading day in 07/2018,DEMOTION-FROM-MID,INE002S01010,MGL,MAHANAGAR GAS LIMITED,213,264,MID,SMALL,E undatable: fallback: panel has no 5th trading day in 07/2018,,,,,,,,,,,,
2017H2->2018H1,2018H1,2018,(none),fallback: panel has no 5th trading day in 07/2018,DEMOTION-FROM-MID,INE217B01036,KAJARIACER,KAJARIA CERAMICS LTD,208,265,MID,SMALL,E undatable: fallback: panel has no 5th trading day in 07/2018,,,,,,,,,,,,
2017H2->2018H1,2018H1,2018,(none),fallback: panel has no 5th trading day in 07/2018,DEMOTION-FROM-MID,INE538A01037,GUJFLUORO,GUJARAT FLUOROCHEMICALS LTD.,245,268,MID,SMALL,E undatable: fallback: panel has no 5th trading day in 07/2018,,,,,,,,,,,,
2017H2->2018H1,2018H1,2018,(none),fallback: panel has no 5th trading day in 07/2018,DEMOTION-FROM-MID,INE536H01010,MAHINDCIE,MAHINDRA CIE AUTOMOTIVE LIMITED,240,269,MID,SMALL,E undatable: fallback: panel has no 5th trading day in 07/2018,,,,,,,,,,,,
2017H2->2018H1,2018H1,2018,(none),fallback: panel has no 5th trading day in 07/2018,DEMOTION-FROM-MID,INE133A01011,AKZOINDIA,AKZO NOBEL INDIA LIMITED,248,272,MID,SMALL,E undatable: fallback: panel has no 5th trading day in 07/2018,,,,,,,,,,,,
2017H2->2018H1,2018H1,2018,(none),fallback: panel has no 5th trading day in 07/2018,DEMOTION-FROM-MID,INE043D01016,IDFC,IDFC LIMITED,236,278,MID,SMALL,E undatable: fallback: panel has no 5th trading day in 07/2018,,,,,,,,,,,,
2018H1->2018H2,2018H2,2019,(none),fallback: panel has no 5th trading day in 01/2019,PROMOTION-TO-LARGE,INE361B01024,DIVISLAB,DIVI'S LABORATORIES LTD.,104,77,MID,LARGE,E undatable: fallback: panel has no 5th trading day in 01/2019,,,,,,,,,,,,
2018H1->2018H2,2018H2,2019,(none),fallback: panel has no 5th trading day in 01/2019,PROMOTION-TO-LARGE,INE686F01025,UBL,UNITED BREWERIES LTD.,101,83,MID,LARGE,E undatable: fallback: panel has no 5th trading day in 01/2019,,,,,,,,,,,,
2018H1->2018H2,2018H2,2019,(none),fallback: panel has no 5th trading day in 01/2019,PROMOTION-TO-LARGE,INE761H01022,PAGEIND,PAGE INDUSTRIES LTD.,113,85,MID,LARGE,E undatable: fallback: panel has no 5th trading day in 01/2019,,,,,,,,,,,,
2018H1->2018H2,2018H2,2019,(none),fallback: panel has no 5th trading day in 01/2019,PROMOTION-TO-LARGE,INE214T01019,LTI,LARSEN & TOUBRO INFOTECH LIMITED,120,93,MID,LARGE,E undatable: fallback: panel has no 5th trading day in 01/2019,,,,,,,,,,,,
2018H1->2018H2,2018H2,2019,(none),fallback: panel has no 5th trading day in 01/2019,PROMOTION-TO-LARGE,INE463A01038,BERGEPAINT,BERGER PAINTS INDIA LTD,115,94,MID,LARGE,E undatable: fallback: panel has no 5th trading day in 01/2019,,,,,,,,,,,,
2018H1->2018H2,2018H2,2019,(none),fallback: panel has no 5th trading day in 01/2019,PROMOTION-TO-LARGE,INE264A01014,GSKCONS,GLAXOSMITHKLINE CONSUMER HEALTHCARE LTD.,110,96,MID,LARGE,E undatable: fallback: panel has no 5th trading day in 01/2019,,,,,,,,,,,,
2018H1->2018H2,2018H2,2019,(none),fallback: panel has no 5th trading day in 01/2019,PROMOTION-TO-LARGE,INE274G01010,IBVENTURES,INDIABULLS VENTURES LIMITED,175,98,MID,LARGE,E undatable: fallback: panel has no 5th trading day in 01/2019,,,,,,,,,,,,
2018H1->2018H2,2018H2,2019,(none),fallback: panel has no 5th trading day in 01/2019,DEMOTION-FROM-LARGE,INE066F01012,HAL,HINDUSTAN AERONAUTICS LIMITED,84,102,LARGE,MID,E undatable: fallback: panel has no 5th trading day in 01/2019,,,,,,,,,,,,
2018H1->2018H2,2018H2,2019,(none),fallback: panel has no 5th trading day in 01/2019,DEMOTION-FROM-LARGE,INE465A01025,BHARATFORG,BHARAT FORGE LTD,90,104,LARGE,MID,E undatable: fallback: panel has no 5th trading day in 01/2019,,,,,,,,,,,,
2018H1->2018H2,2018H2,2019,(none),fallback: panel has no 5th trading day in 01/2019,DEMOTION-FROM-LARGE,INE721A01013,SRTRANSFIN,"SHRIRAM TRANSPORT FINANCE CO. LTD.,",91,107,LARGE,MID,E undatable: fallback: panel has no 5th trading day in 01/2019,,,,,,,,,,,,
2018H1->2018H2,2018H2,2019,(none),fallback: panel has no 5th trading day in 01/2019,DEMOTION-FROM-LARGE,INE424H01027,SUNTV,SUN TV NETWORK LIMITED,78,108,LARGE,MID,E undatable: fallback: panel has no 5th trading day in 01/2019,,,,,,,,,,,,
2018H1->2018H2,2018H2,2019,(none),fallback: panel has no 5th trading day in 01/2019,DEMOTION-FROM-LARGE,INE674K01013,ABCAPITAL,ADITYA BIRLA CAPITAL LTD,86,109,LARGE,MID,E undatable: fallback: panel has no 5th trading day in 01/2019,,,,,,,,,,,,
2018H1->2018H2,2018H2,2019,(none),fallback: panel has no 5th trading day in 01/2019,DEMOTION-FROM-LARGE,INE257A01026,BHEL,"BHARAT HEAVY ELECTRICALS LTD.,",94,110,LARGE,MID,E undatable: fallback: panel has no 5th trading day in 01/2019,,,,,,,,,,,,
2018H1->2018H2,2018H2,2019,(none),fallback: panel has no 5th trading day in 01/2019,DEMOTION-FROM-LARGE,INE494B01023,TVSMOTOR,TVS MOTOR COMPANY LTD.,99,111,LARGE,MID,E undatable: fallback: panel has no 5th trading day in 01/2019,,,,,,,,,,,,
2018H1->2018H2,2018H2,2019,(none),fallback: panel has no 5th trading day in 01/2019,DEMOTION-FROM-LARGE,INE263A01024,BEL,"BHARAT ELECTRONICS LTD.,",83,121,LARGE,MID,E undatable: fallback: panel has no 5th trading day in 01/2019,,,,,,,,,,,,
2018H1->2018H2,2018H2,2019,(none),fallback: panel has no 5th trading day in 01/2019,PROMOTION-TO-MID,INE176A01028,BATAINDIA,BATA INDIA LIMITED,259,194,SMALL,MID,E undatable: fallback: panel has no 5th trading day in 01/2019,,,,,,,,,,,,
2018H1->2018H2,2018H2,2019,(none),fallback: panel has no 5th trading day in 01/2019,PROMOTION-TO-MID,INE901L01018,APLLTD,ALEMBIC PHARMACEUTICALS LIMITED,253,211,SMALL,MID,E undatable: fallback: panel has no 5th trading day in 01/2019,,,,,,,,,,,,
2018H1->2018H2,2018H2,2019,(none),fallback: panel has no 5th trading day in 01/2019,PROMOTION-TO-MID,INE769A01020,AARTIIND,AARTI INDUSTRIES LTD,255,216,SMALL,MID,E undatable: fallback: panel has no 5th trading day in 01/2019,,,,,,,,,,,,
2018H1->2018H2,2018H2,2019,(none),fallback: panel has no 5th trading day in 01/2019,PROMOTION-TO-MID,INE343H01029,SOLARINDS,SOLAR INDUSTRIES INDIA LIMITED,251,229,SMALL,MID,E undatable: fallback: panel has no 5th trading day in 01/2019,,,,,,,,,,,,
2018H1->2018H2,2018H2,2019,(none),fallback: panel has no 5th trading day in 01/2019,PROMOTION-TO-MID,INE536H01010,MAHINDCIE,MAHINDRA CIE AUTOMOTIVE LIMITED,269,230,SMALL,MID,E undatable: fallback: panel has no 5th trading day in 01/2019,,,,,,,,,,,,
2018H1->2018H2,2018H2,2019,(none),fallback: panel has no 5th trading day in 01/2019,PROMOTION-TO-MID,INE100A01010,ATUL,"ATUL LIMITED.,",281,238,SMALL,MID,E undatable: fallback: panel has no 5th trading day in 01/2019,,,,,,,,,,,,
2018H1->2018H2,2018H2,2019,(none),fallback: panel has no 5th trading day in 01/2019,PROMOTION-TO-MID,INE571A01020,IPCALAB,IPCA LABORATORIES LTD.,280,239,SMALL,MID,E undatable: fallback: panel has no 5th trading day in 01/2019,,,,,,,,,,,,
2018H1->2018H2,2018H2,2019,(none),fallback: panel has no 5th trading day in 01/2019,PROMOTION-TO-MID,INE131B01039,RELAXO,RELAXO FOOTWEARS LTD.,283,240,SMALL,MID,E undatable: fallback: panel has no 5th trading day in 01/2019,,,,,,,,,,,,
2018H1->2018H2,2018H2,2019,(none),fallback: panel has no 5th trading day in 01/2019,PROMOTION-TO-MID,INE211B01039,PHOENIXLTD,"THE PHOENIX MILLS LTD.,",260,243,SMALL,MID,E undatable: fallback: panel has no 5th trading day in 01/2019,,,,,,,,,,,,
2018H1->2018H2,2018H2,2019,(none),fallback: panel has no 5th trading day in 01/2019,PROMOTION-TO-MID,INE538A01037,GUJFLUORO,GUJARAT FLUOROCHEMICALS LTD.,268,244,SMALL,MID,E undatable: fallback: panel has no 5th trading day in 01/2019,,,,,,,,,,,,
2018H1->2018H2,2018H2,2019,(none),fallback: panel has no 5th trading day in 01/2019,PROMOTION-TO-MID,INE640A01023,SKFINDIA,SKF INDIA LTD.,266,246,SMALL,MID,E undatable: fallback: panel has no 5th trading day in 01/2019,,,,,,,,,,,,
2018H1->2018H2,2018H2,2019,(none),fallback: panel has no 5th trading day in 01/2019,PROMOTION-TO-MID,INE513A01014,SCHAEFFLER,SCHAEFFLER INDIA LIMITED,267,247,SMALL,MID,E undatable: fallback: panel has no 5th trading day in 01/2019,,,,,,,,,,,,
2018H1->2018H2,2018H2,2019,(none),fallback: panel has no 5th trading day in 01/2019,PROMOTION-TO-MID,INE332A01027,THOMASCOOK,"THOMAS COOK (INDIA) LTD.,",256,248,SMALL,MID,E undatable: fallback: panel has no 5th trading day in 01/2019,,,,,,,,,,,,
2018H1->2018H2,2018H2,2019,(none),fallback: panel has no 5th trading day in 01/2019,DEMOTION-FROM-MID,INE917M01012,DBL,DILIP BUILDCON LIMITED,194,253,MID,SMALL,E undatable: fallback: panel has no 5th trading day in 01/2019,,,,,,,,,,,,
2018H1->2018H2,2018H2,2019,(none),fallback: panel has no 5th trading day in 01/2019,DEMOTION-FROM-MID,INE780C01023,JMFINANCIL,JM FINANCIAL LIMITED,221,254,MID,SMALL,E undatable: fallback: panel has no 5th trading day in 01/2019,,,,,,,,,,,,
2018H1->2018H2,2018H2,2019,(none),fallback: panel has no 5th trading day in 01/2019,DEMOTION-FROM-MID,INE811K01011,PRESTIGE,PRESTIGE ESTATES PROJECTS LIMITED,232,255,MID,SMALL,E undatable: fallback: panel has no 5th trading day in 01/2019,,,,,,,,,,,,
2018H1->2018H2,2018H2,2019,(none),fallback: panel has no 5th trading day in 01/2019,DEMOTION-FROM-MID,INE034A01011,ARVIND,"ARVIND LTD.,",238,256,MID,SMALL,E undatable: fallback: panel has no 5th trading day in 01/2019,,,,,,,,,,,,
2018H1->2018H2,2018H2,2019,(none),fallback: panel has no 5th trading day in 01/2019,DEMOTION-FROM-MID,INE232I01014,SPARC,SUN PHARMA ADVANCED RESEARCH COMPANY LTD.,240,258,MID,SMALL,E undatable: fallback: panel has no 5th trading day in 01/2019,,,,,,,,,,,,
2018H1->2018H2,2018H2,2019,(none),fallback: panel has no 5th trading day in 01/2019,DEMOTION-FROM-MID,INE235A01022,FINCABLES,"FINOLEX CABLES LTD.,",241,259,MID,SMALL,E undatable: fallback: panel has no 5th trading day in 01/2019,,,,,,,,,,,,
2018H1->2018H2,2018H2,2019,(none),fallback: panel has no 5th trading day in 01/2019,DEMOTION-FROM-MID,INE013A01015,RELCAPITAL,RELIANCE CAPITAL LIMITED,224,260,MID,SMALL,E undatable: fallback: panel has no 5th trading day in 01/2019,,,,,,,,,,,,
2018H1->2018H2,2018H2,2019,(none),fallback: panel has no 5th trading day in 01/2019,DEMOTION-FROM-MID,INE001B01026,KRBL,KRBL LTD.,213,262,MID,SMALL,E undatable: fallback: panel has no 5th trading day in 01/2019,,,,,,,,,,,,
2018H1->2018H2,2018H2,2019,(none),fallback: panel has no 5th trading day in 01/2019,DEMOTION-FROM-MID,INE510A01028,ENGINERSIN,ENGINEERS INDIA LTD.,249,268,MID,SMALL,E undatable: fallback: panel has no 5th trading day in 01/2019,,,,,,,,,,,,
2018H1->2018H2,2018H2,2019,(none),fallback: panel has no 5th trading day in 01/2019,DEMOTION-FROM-MID,INE225D01027,SYMPHONY,SYMPHONY LIMITED,212,274,MID,SMALL,E undatable: fallback: panel has no 5th trading day in 01/2019,,,,,,,,,,,,
2018H1->2018H2,2018H2,2019,(none),fallback: panel has no 5th trading day in 01/2019,DEMOTION-FROM-MID,INE886H01027,TV18BRDCST,TV18 BROADCAST LTD.,243,285,MID,SMALL,E undatable: fallback: panel has no 5th trading day in 01/2019,,,,,,,,,,,,
2018H1->2018H2,2018H2,2019,(none),fallback: panel has no 5th trading day in 01/2019,DEMOTION-FROM-MID,INE855B01025,RAIN,RAIN INDUSTRIES LIMITED,230,304,MID,SMALL,E undatable: fallback: panel has no 5th trading day in 01/2019,,,,,,,,,,,,
2018H1->2018H2,2018H2,2019,(none),fallback: panel has no 5th trading day in 01/2019,DEMOTION-FROM-MID,INE871C01038,AVANTIFEED,AVANTI FEEDS LTD.,248,315,MID,SMALL,E undatable: fallback: panel has no 5th trading day in 01/2019,,,,,,,,,,,,
2018H1->2018H2,2018H2,2019,(none),fallback: panel has no 5th trading day in 01/2019,DEMOTION-FROM-MID,INE051B01021,VAKRANGEE,VAKRANGEE LIMITED,137,382,MID,SMALL,E undatable: fallback: panel has no 5th trading day in 01/2019,,,,,,,,,,,,
2018H1->2018H2,2018H2,2019,(none),fallback: panel has no 5th trading day in 01/2019,DEMOTION-FROM-MID,INE785M01013,PCJEWELLER,PC JEWELLER LIMITED,211,442,MID,SMALL,E undatable: fallback: panel has no 5th trading day in 01/2019,,,,,,,,,,,,
2018H2->2019H1,2019H1,2019,(none),fallback: panel has no 5th trading day in 07/2019,PROMOTION-TO-LARGE,INE160A01022,PNB,PUNJAB NATIONAL BANK,127,84,MID,LARGE,E undatable: fallback: panel has no 5th trading day in 07/2019,,,,,,,,,,,,
2018H2->2019H1,2019H1,2019,(none),fallback: panel has no 5th trading day in 07/2019,PROMOTION-TO-LARGE,INE008A01015,IDBI,IDBI BANK LTD.,116,87,MID,LARGE,E undatable: fallback: panel has no 5th trading day in 07/2019,,,,,,,,,,,,
2018H2->2019H1,2019H1,2019,(none),fallback: panel has no 5th trading day in 07/2019,PROMOTION-TO-LARGE,INE134E01011,PFC,POWER FINANCE CORPORATION LTD.,123,94,MID,LARGE,E undatable: fallback: panel has no 5th trading day in 07/2019,,,,,,,,,,,,
2018H2->2019H1,2019H1,2019,(none),fallback: panel has no 5th trading day in 07/2019,PROMOTION-TO-LARGE,INE685A01028,TORNTPHARM,TORRENT PHARMACEUTICALS LTD.,101,97,MID,LARGE,E undatable: fallback: panel has no 5th trading day in 07/2019,,,,,,,,,,,,
2018H2->2019H1,2019H1,2019,(none),fallback: panel has no 5th trading day in 07/2019,PROMOTION-TO-LARGE,INE117A01022,ABB,ABB INDIA LIMITED,105,98,MID,LARGE,E undatable: fallback: panel has no 5th trading day in 07/2019,,,,,,,,,,,,
2018H2->2019H1,2019H1,2019,(none),fallback: panel has no 5th trading day in 07/2019,PROMOTION-TO-LARGE,INE012A01025,ACC,ACC LTD.,103,100,MID,LARGE,E undatable: fallback: panel has no 5th trading day in 07/2019,,,,,,,,,,,,
2018H2->2019H1,2019H1,2019,(none),fallback: panel has no 5th trading day in 07/2019,DEMOTION-FROM-LARGE,INE498L01015,L&TFH,L&T FINANCE HOLDINGS LTD.,95,103,LARGE,MID,E undatable: fallback: panel has no 5th trading day in 07/2019,,,,,,,,,,,,
2018H2->2019H1,2019H1,2019,(none),fallback: panel has no 5th trading day in 07/2019,DEMOTION-FROM-LARGE,INE208A01029,ASHOKLEY,ASHOK LEYLAND LTD.,79,104,LARGE,MID,E undatable: fallback: panel has no 5th trading day in 07/2019,,,,,,,,,,,,
2018H2->2019H1,2019H1,2019,(none),fallback: panel has no 5th trading day in 07/2019,DEMOTION-FROM-LARGE,INE761H01022,PAGEIND,PAGE INDUSTRIES LTD.,85,109,LARGE,MID,E undatable: fallback: panel has no 5th trading day in 07/2019,,,,,,,,,,,,
2018H2->2019H1,2019H1,2019,(none),fallback: panel has no 5th trading day in 07/2019,DEMOTION-FROM-LARGE,INE883A01011,MRF,MRF LTD.,99,111,LARGE,MID,E undatable: fallback: panel has no 5th trading day in 07/2019,,,,,,,,,,,,
2018H2->2019H1,2019H1,2019,(none),fallback: panel has no 5th trading day in 07/2019,DEMOTION-FROM-LARGE,INE114A01011,SAIL,STEEL AUTHORITY OF INDIA LTD.,100,128,LARGE,MID,E undatable: fallback: panel has no 5th trading day in 07/2019,,,,,,,,,,,,
2018H2->2019H1,2019H1,2019,(none),fallback: panel has no 5th trading day in 07/2019,DEMOTION-FROM-LARGE,INE274G01010,IBVENTURES,INDIABULLS VENTURES LTD.,98,151,LARGE,MID,E undatable: fallback: panel has no 5th trading day in 07/2019,,,,,,,,,,,,
2018H2->2019H1,2019H1,2019,(none),fallback: panel has no 5th trading day in 07/2019,PROMOTION-TO-MID,INE112A01023,CORPBANK,CORPORATION BANK,344,216,SMALL,MID,E undatable: fallback: panel has no 5th trading day in 07/2019,,,,,,,,,,,,
2018H2->2019H1,2019H1,2019,(none),fallback: panel has no 5th trading day in 07/2019,PROMOTION-TO-MID,INE428A01015,ALBK,ALLAHABAD BANK,348,219,SMALL,MID,E undatable: fallback: panel has no 5th trading day in 07/2019,,,,,,,,,,,,
2018H2->2019H1,2019H1,2019,(none),fallback: panel has no 5th trading day in 07/2019,PROMOTION-TO-MID,INE061F01013,FORTIS,FORTIS HEALTHCARE LTD.,280,223,SMALL,MID,E undatable: fallback: panel has no 5th trading day in 07/2019,,,,,,,,,,,,
2018H2->2019H1,2019H1,2019,(none),fallback: panel has no 5th trading day in 07/2019,PROMOTION-TO-MID,INE141A01014,ORIENTBANK,ORIENTAL BANK OF COMMERCE,342,224,SMALL,MID,E undatable: fallback: panel has no 5th trading day in 07/2019,,,,,,,,,,,,
2018H2->2019H1,2019H1,2019,(none),fallback: panel has no 5th trading day in 07/2019,PROMOTION-TO-MID,INE522D01027,MANAPPURAM,MANAPPURAM FINANCE LTD.,273,227,SMALL,MID,E undatable: fallback: panel has no 5th trading day in 07/2019,,,,,,,,,,,,
2018H2->2019H1,2019H1,2019,(none),fallback: panel has no 5th trading day in 07/2019,PROMOTION-TO-MID,INE565A01014,IOB,INDIAN OVERSEAS BANK,283,230,SMALL,MID,E undatable: fallback: panel has no 5th trading day in 07/2019,,,,,,,,,,,,
2018H2->2019H1,2019H1,2019,(none),fallback: panel has no 5th trading day in 07/2019,PROMOTION-TO-MID,INE690A01010,TTKPRESTIG,TTK PRESTIGE LTD.,271,235,SMALL,MID,E undatable: fallback: panel has no 5th trading day in 07/2019,,,,,,,,,,,,
2018H2->2019H1,2019H1,2019,(none),fallback: panel has no 5th trading day in 07/2019,PROMOTION-TO-MID,INE691A01018,UCOBANK,UCO BANK,372,237,SMALL,MID,E undatable: fallback: panel has no 5th trading day in 07/2019,,,,,,,,,,,,
2018H2->2019H1,2019H1,2019,(none),fallback: panel has no 5th trading day in 07/2019,PROMOTION-TO-MID,INE951I01027,VGUARD,V-GUARD INDUSTRIES LTD.,251,239,SMALL,MID,E undatable: fallback: panel has no 5th trading day in 07/2019,,,,,,,,,,,,
2018H2->2019H1,2019H1,2019,(none),fallback: panel has no 5th trading day in 07/2019,PROMOTION-TO-MID,INE217B01036,KAJARIACER,KAJARIA CERAMICS LTD.,290,242,SMALL,MID,E undatable: fallback: panel has no 5th trading day in 07/2019,,,,,,,,,,,,
2018H2->2019H1,2019H1,2019,(none),fallback: panel has no 5th trading day in 07/2019,PROMOTION-TO-MID,INE002S01010,MGL,Mahanagar Gas Limited,252,244,SMALL,MID,E undatable: fallback: panel has no 5th trading day in 07/2019,,,,,,,,,,,,
2018H2->2019H1,2019H1,2019,(none),fallback: panel has no 5th trading day in 07/2019,PROMOTION-TO-MID,INE811K01011,PRESTIGE,PRESTIGE ESTATES PROJECTS LTD.,255,246,SMALL,MID,E undatable: fallback: panel has no 5th trading day in 07/2019,,,,,,,,,,,,
2018H2->2019H1,2019H1,2019,(none),fallback: panel has no 5th trading day in 07/2019,PROMOTION-TO-MID,INE410B01029,VINATIORGA,VINATI ORGANICS LTD.,294,247,SMALL,MID,E undatable: fallback: panel has no 5th trading day in 07/2019,,,,,,,,,,,,
2018H2->2019H1,2019H1,2019,(none),fallback: panel has no 5th trading day in 07/2019,PROMOTION-TO-MID,INE216P01012,AAVAS,AAVAS Financiers Limited,310,248,SMALL,MID,E undatable: fallback: panel has no 5th trading day in 07/2019,,,,,,,,,,,,
2018H2->2019H1,2019H1,2019,(none),fallback: panel has no 5th trading day in 07/2019,PROMOTION-TO-MID,INE225D01027,SYMPHONY,SYMPHONY LIMITED,274,249,SMALL,MID,E undatable: fallback: panel has no 5th trading day in 07/2019,,,,,,,,,,,,
2018H2->2019H1,2019H1,2019,(none),fallback: panel has no 5th trading day in 07/2019,DEMOTION-FROM-MID,INE513A01014,SCHAEFFLER,Schaeffler India Limited,247,251,MID,SMALL,E undatable: fallback: panel has no 5th trading day in 07/2019,,,,,,,,,,,,
2018H2->2019H1,2019H1,2019,(none),fallback: panel has no 5th trading day in 07/2019,DEMOTION-FROM-MID,INE536H01010,MAHINDCIE,MAHINDRA CIE AUTOMOTIVE LIMITE,230,252,MID,SMALL,E undatable: fallback: panel has no 5th trading day in 07/2019,,,,,,,,,,,,
2018H2->2019H1,2019H1,2019,(none),fallback: panel has no 5th trading day in 07/2019,DEMOTION-FROM-MID,INE545A01016,HEG,HEG LTD.,160,254,MID,SMALL,E undatable: fallback: panel has no 5th trading day in 07/2019,,,,,,,,,,,,
2018H2->2019H1,2019H1,2019,(none),fallback: panel has no 5th trading day in 07/2019,DEMOTION-FROM-MID,INE405E01023,MINDAIND,MINDA INDUSTRIES LTD.,235,256,MID,SMALL,E undatable: fallback: panel has no 5th trading day in 07/2019,,,,,,,,,,,,
2018H2->2019H1,2019H1,2019,(none),fallback: panel has no 5th trading day in 07/2019,DEMOTION-FROM-MID,INE332A01027,THOMASCOOK,THOMAS COOK (INDIA) LTD.,248,257,MID,SMALL,E undatable: fallback: panel has no 5th trading day in 07/2019,,,,,,,,,,,,
2018H2->2019H1,2019H1,2019,(none),fallback: panel has no 5th trading day in 07/2019,DEMOTION-FROM-MID,INE880L01014,KIOCL,KIOCL Limited,220,258,MID,SMALL,E undatable: fallback: panel has no 5th trading day in 07/2019,,,,,,,,,,,,
2018H2->2019H1,2019H1,2019,(none),fallback: panel has no 5th trading day in 07/2019,DEMOTION-FROM-MID,INE031A01017,HUDCO,Housing &Urban Development Cor,231,259,MID,SMALL,E undatable: fallback: panel has no 5th trading day in 07/2019,,,,,,,,,,,,
2018H2->2019H1,2019H1,2019,(none),fallback: panel has no 5th trading day in 07/2019,DEMOTION-FROM-MID,INE050A01025,BBTC,BOMBAY BURMAH TRADING CORP.LTD,226,260,MID,SMALL,E undatable: fallback: panel has no 5th trading day in 07/2019,,,,,,,,,,,,
2018H2->2019H1,2019H1,2019,(none),fallback: panel has no 5th trading day in 07/2019,DEMOTION-FROM-MID,INE406M01024,ERIS,Eris Lifesciences Limited,237,261,MID,SMALL,E undatable: fallback: panel has no 5th trading day in 07/2019,,,,,,,,,,,,
2018H2->2019H1,2019H1,2019,(none),fallback: panel has no 5th trading day in 07/2019,DEMOTION-FROM-MID,INE042A01014,ESCORTS,ESCORTS LTD.,245,263,MID,SMALL,E undatable: fallback: panel has no 5th trading day in 07/2019,,,,,,,,,,,,
2018H2->2019H1,2019H1,2019,(none),fallback: panel has no 5th trading day in 07/2019,DEMOTION-FROM-MID,INE220J01025,FCONSUMER,Future Consumer Limited,249,264,MID,SMALL,E undatable: fallback: panel has no 5th trading day in 07/2019,,,,,,,,,,,,
2018H2->2019H1,2019H1,2019,(none),fallback: panel has no 5th trading day in 07/2019,DEMOTION-FROM-MID,INE665L01035,VARROC,Varroc Engineering Limited,202,268,MID,SMALL,E undatable: fallback: panel has no 5th trading day in 07/2019,,,,,,,,,,,,
2018H2->2019H1,2019H1,2019,(none),fallback: panel has no 5th trading day in 07/2019,DEMOTION-FROM-MID,INE763G01038,ISEC,ICICI Securities Limited,241,275,MID,SMALL,E undatable: fallback: panel has no 5th trading day in 07/2019,,,,,,,,,,,,
2018H2->2019H1,2019H1,2019,(none),fallback: panel has no 5th trading day in 07/2019,DEMOTION-FROM-MID,INE836F01026,DISHTV,DISH TV INDIA LTD.,225,301,MID,SMALL,E undatable: fallback: panel has no 5th trading day in 07/2019,,,,,,,,,,,,
2018H2->2019H1,2019H1,2019,(none),fallback: panel has no 5th trading day in 07/2019,DEMOTION-FROM-MID,INE202B01012,DHFL,DEWAN HOUSING FINANCE CORPORAT,188,354,MID,SMALL,E undatable: fallback: panel has no 5th trading day in 07/2019,,,,,,,,,,,,
2018H2->2019H1,2019H1,2019,(none),fallback: panel has no 5th trading day in 07/2019,DEMOTION-FROM-MID,INE036A01016,RELINFRA,RELIANCE INFRASTRUCTURE LTD.,234,388,MID,SMALL,E undatable: fallback: panel has no 5th trading day in 07/2019,,,,,,,,,,,,
2018H2->2019H1,2019H1,2019,(none),fallback: panel has no 5th trading day in 07/2019,DEMOTION-FROM-MID,INE614G01033,RPOWER,RELIANCE POWER LTD.,250,405,MID,SMALL,E undatable: fallback: panel has no 5th trading day in 07/2019,,,,,,,,,,,,
2019H1->2019H2,2019H2,2020,2020-01-07,FALLBACK(5th trading day),PROMOTION-TO-LARGE,INE663F01024,NAUKRI,INFO EDGE (INDIA) LTD.,118,92,MID,LARGE,,49.0,505.0,595.6600000000001,0.17952475247524768,0.17176998841628044,0.007754764058967245,75.52605991242231,0.09716927535976927,0.07460071305651117,0.08235547711547841,-0.05875434413836378,-0.1653843337465164
2019H1->2019H2,2019H2,2020,2020-01-07,FALLBACK(5th trading day),PROMOTION-TO-LARGE,INE931S01010,ADANITRANS,ADANI TRANSMISSION LIMITED,114,94,MID,LARGE,,76.0,325.05,335.6,0.03245654514690055,0.025439595748698585,0.007016949398201966,71.6696051723864,0.09716927535976927,-0.07172967961107068,-0.06471273021286872,-0.06102175740622373,0.18857605283982637
2019H1->2019H2,2019H2,2020,2020-01-07,FALLBACK(5th trading day),PROMOTION-TO-LARGE,INE020B01018,RECLTD,REC LIMITED,101,95,MID,LARGE,,239.0,104.32499999999999,110.55000000000001,0.05966930265995707,0.05252156671175667,0.0071477359482003955,72.88996376847571,0.09716927535976927,-0.044647708648012596,-0.0374999726998122,-0.00308496065938324,-0.11675258120759158
2019H1->2019H2,2019H2,2020,2020-01-07,FALLBACK(5th trading day),PROMOTION-TO-LARGE,INE531A01024,KANSAINER,KANSAI NEROLAC PAINTS LTD.,112,98,MID,LARGE,,74.0,332.7,341.8333333333333,0.02745215910229426,0.02045815653611527,0.006994002566178992,71.35265960090825,0.09716927535976927,-0.076711118823654,-0.06971711625747501,-0.13804972288575645,-0.24738865232704232
2019H1->2019H2,2019H2,2020,2020-01-07,FALLBACK(5th trading day),PROMOTION-TO-LARGE,INE414G01012,MUTHOOTFIN,MUTHOOT FINANCE LTD.,117,100,MID,LARGE,,33.0,742.0,771.0,0.03908355795148255,0.03202758941736561,0.007055968534116941,71.345990417436,0.09716927535976927,-0.06514168594240366,-0.05808571740828672,0.01834962327520051,-0.11733355257226652
2019H1->2019H2,2019H2,2020,2020-01-07,FALLBACK(5th trading day),DEMOTION-FROM-LARGE,INE010B01027,CADILAHC,CADILA HEALTHCARE LTD.,88,104,LARGE,MID,,97.0,256.6,266.4,0.038191738113795504,0.03115079400009746,0.007040944113698044,72.23780819312879,0.09716927535976927,-0.06601848135967181,-0.058977537245973766,-0.081364825030797,-0.12406284287440461
2019H1->2019H2,2019H2,2020,2020-01-07,FALLBACK(5th trading day),DEMOTION-FROM-LARGE,INE470Y01017,NIACL,THE NEW INDIA ASSURANCE COMPAN,99,123,LARGE,MID,,170.0,146.0,141.0,-0.03424657534246578,-0.04092538830977055,0.00667881296730477,70.2196741242,0.09716927535976927,-0.13809466366953982,-0.13141585070223505,-0.017202070727197594,0.22041672045285177
2019H1->2019H2,2019H2,2020,2020-01-07,FALLBACK(5th trading day),DEMOTION-FROM-LARGE,INE669E01016,IDEA,VODAFONE IDEA  LIMITED,81,136,LARGE,MID,,4193.0,5.95,5.25,-0.11764705882352944,-0.12390356363594357,0.006256504812414132,68.34865078046519,0.09716927535976927,-0.22107283899571284,-0.2148163341832987,-0.1610265561009787,-0.10378590618879935
2019H1->2019H2,2019H2,2020,2020-01-07,FALLBACK(5th trading day),DEMOTION-FROM-LARGE,INE148I01020,IBULHSGFIN,INDIABULLS HOUSING FINANCE LTD,91,156,LARGE,MID,,83.0,300.0,279.0,-0.06999999999999995,-0.07649712603571324,0.006497126035713285,69.473995165836,0.09716927535976927,-0.1736664013954825,-0.16716927535976922,0.044078339003916334,0.04048509477676232
2019H1->2019H2,2019H2,2020,2020-01-07,FALLBACK(5th trading day),DEMOTION-FROM-LARGE,INE528G01027,YESBANK,YES BANK LTD.,62,160,LARGE,MID,,539.0,46.25,35.1,-0.24108108108108106,-0.2467179413912306,0.0056368603101495385,65.12532121955219,0.09716927535976927,-0.34388721675099987,-0.33825035644085033,-0.26803205060647317,-0.2521315099799475
2019H1->2019H2,2019H2,2020,2020-01-07,FALLBACK(5th trading day),PROMOTION-TO-MID,INE364U01010,ADANIGREEN,ADANI GREEN ENERGY LIMITED,307,190,SMALL,MID,,115.0,215.8,196.0,-0.09175162187210384,-0.09814160085981904,0.006389978987715206,68.737268755204,0.09716927535976927,-0.19531087621958831,-0.1889208972318731,0.5759124825140376,1.7877559341085316
2019H1->2019H2,2019H2,2020,2020-01-07,FALLBACK(5th trading day),PROMOTION-TO-MID,INE600L01024,LALPATHLAB,DR. LAL PATHLABS LIMITED,255,204,SMALL,MID,,32.0,767.5,857.5,0.11726384364820852,0.10981704541494208,0.007446798233266438,73.49915133824,0.09716927535976927,0.012647770055172813,0.020094568288439252,-0.15280070475088137,-0.10531862719913221
2019H1->2019H2,2019H2,2020,2020-01-07,FALLBACK(5th trading day),PROMOTION-TO-MID,INE513A01014,SCHAEFFLER,SCHAEFFLER INDIA LIMITED,251,206,SMALL,MID,,26.0,942.0,923.04,-0.02012738853503193,-0.026885715978258284,0.006758327443226353,69.85984565097792,0.09716927535976927,-0.12405499133802755,-0.1172966638948012,-0.02936246587475999,-0.13251128708809312
2019H1->2019H2,2019H2,2020,2020-01-07,FALLBACK(5th trading day),PROMOTION-TO-MID,INE741K01010,CREDITACC,CREDITACCESS GRAMEEN LTD.,284,234,SMALL,MID,,32.0,760.0,773.8,0.01815789473684215,0.01120262719434506,0.00695526754249709,70.4440108467968,0.09716927535976927,-0.08596664816542421,-0.07901138062292712,-0.14162615280195445,-0.13693476353620881
2019H1->2019H2,2019H2,2020,2020-01-07,FALLBACK(5th trading day),PROMOTION-TO-MID,INE768C01010,ZYDUSWELL,ZYDUS WELLNESS LTD.,288,237,SMALL,MID,,88.0,281.8,307.0,0.08942512420156135,0.08212441366280099,0.007300710538760358,73.3440321048448,0.09716927535976927,-0.015044861696968281,-0.007744151158207924,-0.06351760018525154,-0.30941199531003405
2019H1->2019H2,2019H2,2020,2020-01-07,FALLBACK(5th trading day),PROMOTION-TO-MID,INE591G01017,NIITTECH,NIIT TECHNOLOGIES LTD.,266,239,SMALL,MID,,15.0,1652.95,1929.95,0.16757917662361232,0.15988570458756035,0.007693472036051974,75.33837676794,0.09716927535976927,0.06271642922779108,0.07040990126384306,0.04855167204760513,-0.05632865670403353
2019H1->2019H2,2019H2,2020,2020-01-07,FALLBACK(5th trading day),PROMOTION-TO-MID,INE763G01038,ISEC,ICICI SECURITIES LIMITED,275,240,SMALL,MID,,64.0,385.1,457.0,0.18670475201246428,0.17891134457830327,0.007793407434161015,75.4715958592768,0.09716927535976927,0.081742069218534,0.08953547665269501,0.03126476262712141,0.2389406741615434
2019H1->2019H2,2019H2,2020,2020-01-07,FALLBACK(5th trading day),PROMOTION-TO-MID,INE405E01023,MINDAIND,MINDA INDUSTRIES LTD.,256,242,SMALL,MID,,70.0,354.0,409.0,0.15536723163841804,0.14773474496850536,0.007632486669912675,74.9912857198,0.09716927535976927,0.05056546960873609,0.058197956278648766,-0.0066554079612846095,-0.20210880422099953
2019H1->2019H2,2019H2,2020,2020-01-07,FALLBACK(5th trading day),PROMOTION-TO-MID,INE133A01011,AKZOINDIA,AKZO NOBEL INDIA LIMITED,265,243,SMALL,MID,,12.0,1979.75,2075.3,0.04826366965525963,0.041141655749739936,0.007122013905519697,69.9216797221368,0.09716927535976927,-0.05602761961002933,-0.048905605704509636,-0.0757222781335154,-0.22773872670161976
2019H1->2019H2,2019H2,2020,2020-01-07,FALLBACK(5th trading day),PROMOTION-TO-MID,INE452O01016,FLFL,FUTURE LIFESTYLE FASHIONS LTD,253,247,SMALL,MID,,62.0,400.0,408.0,0.020000000000000018,0.013048129959443822,0.006951870040556196,71.567189759808,0.09716927535976927,-0.08412114540032545,-0.07716927535976925,-0.0700883276627502,-0.3005351705104625
2019H1->2019H2,2019H2,2020,2020-01-07,FALLBACK(5th trading day),PROMOTION-TO-MID,INE191H01014,PVR,PVR LTD.,269,249,SMALL,MID,,13.0,1860.0,1994.0,0.07204301075268815,0.06481323379541082,0.007229776957277334,71.477638840616,0.09716927535976927,-0.03235604156435845,-0.025126264607081117,-0.024602738268292734,-0.21914259017293425
2019H1->2019H2,2019H2,2020,2020-01-07,FALLBACK(5th trading day),PROMOTION-TO-MID,INE823G01014,JKCEMENT,J.K.CEMENT LTD.,293,250,SMALL,MID,,19.0,1278.0,1380.0,0.07981220657277,0.07254615825428345,0.00726604831848654,71.90705364002402,0.09716927535976927,-0.024623117105485814,-0.017357068786999275,0.019967734331719944,-0.037199877901053835
2019H1->2019H2,2019H2,2020,2020-01-07,FALLBACK(5th trading day),DEMOTION-FROM-MID,INE690A01010,TTKPRESTIG,TTK PRESTIGE LTD.,235,251,MID,SMALL,,44.0,566.11,589.0600000000001,0.04053982441574977,0.03348756125171337,0.007052263164036399,72.3404621804504,0.09716927535976927,-0.0636817141080559,-0.0566294509440195,-0.06570419860236232,-0.3441810695206602
2019H1->2019H2,2019H2,2020,2020-01-07,FALLBACK(5th trading day),DEMOTION-FROM-MID,INE139A01034,NATIONALUM,NATIONAL ALUMINIUM CO.LTD.,218,252,MID,SMALL,,573.0,43.5,42.9,-0.01379310344827589,-0.020571965654704982,0.006778862206429093,70.97766298619761,0.09716927535976927,-0.11774124101447425,-0.11096237880804516,-0.06442755325197602,-0.24962290671687537
2019H1->2019H2,2019H2,2020,2020-01-07,FALLBACK(5th trading day),DEMOTION-FROM-MID,INE483A01010,CENTRALBK,CENTRAL BANK OF INDIA,214,254,MID,SMALL,,1409.0,17.7,17.6,-0.005649717514124131,-0.012469140010815782,0.006819422496691652,71.2181667186868,0.09716927535976927,-0.10963841537058505,-0.1028189928738934,-0.1846059917407159,-0.2318440944189073
2019H1->2019H2,2019H2,2020,2020-01-07,FALLBACK(5th trading day),DEMOTION-FROM-MID,INE589A01014,NLCINDIA,NLC INDIA LIMITED,236,256,MID,SMALL,,447.0,55.7,57.0,0.02333931777378817,0.016373191321038094,0.006966126452750077,71.87280364754281,0.09716927535976927,-0.08079608403873118,-0.0738299575859811,-0.04461771241940782,-0.21238736936089953
2019H1->2019H2,2019H2,2020,2020-01-07,FALLBACK(5th trading day),DEMOTION-FROM-MID,INE700A01033,JUBILANT,JUBILANT LIFE SCIENCES LIMITED,212,257,MID,SMALL,,47.0,525.65,565.65,0.07609626177114048,0.06886010742534188,0.007236154345798607,72.78851934384002,0.09716927535976927,-0.028309167934427393,-0.021073013588628786,-0.05876385108270976,-0.13387282033062364
2019H1->2019H2,2019H2,2020,2020-01-07,FALLBACK(5th trading day),DEMOTION-FROM-MID,INE562A01011,INDIANB,INDIAN BANK,191,258,MID,SMALL,,253.0,98.5,96.35,-0.021827411167512745,-0.02856603613837594,0.006738624970863194,70.75956339356541,0.09716927535976927,-0.1257353114981452,-0.11899668652728201,-0.23309337816780085,-0.40805222810218
2019H1->2019H2,2019H2,2020,2020-01-07,FALLBACK(5th trading day),DEMOTION-FROM-MID,INE095N01031,NBCC,NBCC (INDIA) LIMITED,211,270,MID,SMALL,,1081.0,23.066666666666666,22.0,-0.046242774566473965,-0.05285836149559742,0.0066155869291234515,70.16202131905278,0.09716927535976927,-0.1500276368553667,-0.14341204992624323,-0.08980148487590756,-0.18871934946833746
2019H1->2019H2,2019H2,2020,2020-01-07,FALLBACK(5th trading day),DEMOTION-FROM-MID,INE615P01015,QUESS,QUESS CORP LIMITED,222,272,MID,SMALL,,49.0,507.5,625.95,0.23339901477832514,0.22537674568385047,0.008022269094474677,77.2065642602694,0.09716927535976927,0.1282074703240812,0.13622973941855587,-0.005702811049704826,-0.15529506291618245
2019H1->2019H2,2019H2,2020,2020-01-07,FALLBACK(5th trading day),DEMOTION-FROM-MID,INE371A01025,GRAPHITE,GRAPHITE INDIA LTD.,240,297,MID,SMALL,,86.0,289.15,300.75,0.040117586028013186,0.033066367765605564,0.007051218262407621,72.23462328828481,0.09716927535976927,-0.0641029075941637,-0.057051689331756084,-0.10863733590017854,-0.16931089215174144
2019H1->2019H2,2019H2,2020,2020-01-07,FALLBACK(5th trading day),DEMOTION-FROM-MID,INE089C01029,STRTECH,STERLITE TECHNOLOGIES LTD.,250,304,MID,SMALL,,210.0,118.6,120.95,0.019814502529511113,0.012866292786308353,0.00694820974320276,71.80021608793801,0.09716927535976927,-0.08430298257346092,-0.07735477283025816,-0.07924124254905252,-0.3825438454971972
2019H1->2019H2,2019H2,2020,2020-01-07,FALLBACK(5th trading day),DEMOTION-FROM-MID,INE055A01016,CENTURYTEX,CENTURY TEXTILES & INDUSTRIES,221,328,MID,SMALL,,52.0,470.9,585.0,0.24230197494160133,0.2342250368863612,0.008076938055240124,76.49392350459361,0.09716927535976927,0.13705576152659193,0.14513269958183206,-0.11232433807360742,-0.7082043805344328
2019H1->2019H2,2019H2,2020,2020-01-07,FALLBACK(5th trading day),DEMOTION-FROM-MID,INE530B01024,IIFL,IIFL FINANCE LIMITED,192,356,MID,SMALL,,166.0,150.0,163.45,0.08966666666666656,0.08236735847876053,0.007299308187906028,73.58547942661961,0.09716927535976927,-0.014801916881008736,-0.007502608693102708,-0.13147190023053335,-0.03207133214667546
2019H1->2019H2,2019H2,2020,2020-01-07,FALLBACK(5th trading day),DEMOTION-FROM-MID,INE538A01037,GFLLIMITED,GFL LIMITED,205,711,MID,SMALL,,274.0,90.8,141.3,0.5561674008810575,0.5465238100681304,0.009643590812927094,85.53987420207599,0.09716927535976927,0.4493545347083612,0.45899812552128827,0.18607195941858934,-0.16595534109647314
2019H2->2020H1,2020H1,2020,2020-07-07,FALLBACK(5th trading day),PROMOTION-TO-LARGE,INE364U01010,ADANIGREEN,ADANI GREEN ENERGY LIMITED,190,77,MID,LARGE,,60.0,410.0,344.9,-0.15878048780487808,-0.16483935768469216,0.006058869879814077,66.570295441512,0.08867927363227968,-0.25351863131697183,-0.24745976143715775,0.1269348304062632,0.7742572541068065
2019H2->2020H1,2020H1,2020,2020-07-07,FALLBACK(5th trading day),PROMOTION-TO-LARGE,INE358A01014,,ABBOTT INDIA LTD.,118,82,MID,LARGE,no NSE symbol in AMFI list (BSE-only),,,,,,,,,,,,
2019H2->2020H1,2020H1,2020,2020-07-07,FALLBACK(5th trading day),PROMOTION-TO-LARGE,INE203G01027,IGL,INDRAPRASHTHA GAS LTD.,103,83,MID,LARGE,,119.0,208.0,196.1,-0.05721153846153848,-0.06377673276042772,0.006565194298889243,69.4830926646772,0.08867927363227968,-0.1524560063927074,-0.14589081209381816,-0.2340191485971851,-0.6282302823303851
2019H2->2020H1,2020H1,2020,2020-07-07,FALLBACK(5th trading day),PROMOTION-TO-LARGE,INE010B01027,CADILAHC,CADILA HEALTHCARE LTD.,104,87,MID,LARGE,,68.0,362.2,409.0,0.12921038100496962,0.12170539135332681,0.007504989651642813,73.96658291035519,0.08867927363227968,0.03302611772104713,0.040531107372689945,-0.13274885047687102,-0.5431676802617951
2019H2->2020H1,2020H1,2020,2020-07-07,FALLBACK(5th trading day),PROMOTION-TO-LARGE,INE540L01014,ALKEM,ALKEM LABORATORIES LIMITED,117,93,MID,LARGE,,10.0,2345.0,2920.0,0.24520255863539453,0.23708234204082235,0.008120216594572183,73.999917301,0.08867927363227968,0.14840306840854267,0.15652328500311485,-0.16572100544055146,-0.628914026552265
2019H2->2020H1,2020H1,2020,2020-07-07,FALLBACK(5th trading day),PROMOTION-TO-LARGE,INE883A01011,MRF,"M.R.F. LTD.,",101,97,MID,LARGE,"notional Rs25,000 buys <1 share at Rs67,134.00",,,,,,,,,,,,
2019H2->2020H1,2020H1,2020,2020-07-07,FALLBACK(5th trading day),PROMOTION-TO-LARGE,INE192A01025,TATACONSUM,TATA CONSUMER PRODUCTS LIMITED,144,99,MID,LARGE,,59.0,416.15,465.0,0.11738555809203421,0.10993795984716925,0.007447598244864961,73.48548209156819,0.08867927363227968,0.021258686214889577,0.02870628445975454,-0.08482534351085813,-0.18086204745242274
2019H2->2020H1,2020H1,2020,2020-07-07,FALLBACK(5th trading day),DEMOTION-FROM-LARGE,INE134E01011,PFC,POWER FINANCE CORPORATION LTD,89,102,LARGE,MID,,362.0,68.8,65.2,-0.05232558139534871,-0.05891136200983327,0.00658578061448456,69.94126330744642,0.08867927363227968,-0.14759063564211294,-0.14100485502762838,-0.14006245878489465,-0.640109751176146
2019H2->2020H1,2020H1,2020,2020-07-07,FALLBACK(5th trading day),DEMOTION-FROM-LARGE,INE012A01025,ACC,ACC LTD,91,104,LARGE,MID,,19.0,1313.1,1400.0,0.06617927042875649,0.05899921682250264,0.0071800536062538445,73.0927082959028,0.08867927363227968,-0.029680056809777033,-0.02250000320352319,-0.1205500771470549,-0.29760300960311237
2019H2->2020H1,2020H1,2020,2020-07-07,FALLBACK(5th trading day),DEMOTION-FROM-LARGE,INE531A01024,KANSAINER,KANSAI NEROLAC PAINTS,98,106,LARGE,MID,,84.0,295.8333333333333,289.3333333333333,-0.021971830985915486,-0.028711540274091174,0.006739709288175688,70.60073936279198,0.08867927363227968,-0.11739081390637085,-0.11065110461819516,-0.022475180768485092,-0.45087089604665986
2019H2->2020H1,2020H1,2020,2020-07-07,FALLBACK(5th trading day),DEMOTION-FROM-LARGE,INE020B01018,RECLTD,REC LIMITED,95,110,LARGE,MID,,304.0,81.9,76.0875,-0.07097069597069594,-0.07746300667397454,0.006492310703278603,69.44384087588399,0.08867927363227968,-0.16614228030625422,-0.15964996960297562,-0.05486712048293918,-0.33757197512035386
2019H2->2020H1,2020H1,2020,2020-07-07,FALLBACK(5th trading day),DEMOTION-FROM-LARGE,INE117A01022,ABB,ABB INDIA LIMITED,96,111,LARGE,MID,,25.0,968.0,910.0,-0.05991735537190079,-0.06648360616599036,0.006566250794089568,68.2210757554,0.08867927363227968,-0.15516287979827004,-0.14859662900418047,-0.039375471741744494,-0.5693532769827916
2019H2->2020H1,2020H1,2020,2020-07-07,FALLBACK(5th trading day),DEMOTION-FROM-LARGE,INE881D01027,OFSS,ORACLE FINANCIAL SERVICES SOFTWARE LIMITED,99,114,LARGE,MID,,8.0,2899.0,2967.0,0.023456364263539253,0.016442681904468293,0.007013682359070961,68.042643914112,0.08867927363227968,-0.07223659172781138,-0.06522290936874042,-0.05845983103213759,-0.23116430779735353
2019H2->2020H1,2020H1,2020,2020-07-07,FALLBACK(5th trading day),DEMOTION-FROM-LARGE,INE256A01028,ZEEL,ZEE ENTERTAINMENT ENTERPRISES LTD.,88,133,LARGE,MID,,137.0,181.0,144.6,-0.2011049723756907,-0.2069460653009758,0.0058410929252851185,65.8904644308336,0.08867927363227968,-0.2956253389332555,-0.28978424600797037,-0.27956343185835464,-0.3646334443857211
2019H2->2020H1,2020H1,2020,2020-07-07,FALLBACK(5th trading day),PROMOTION-TO-MID,INE042A01014,ESCORTS,"ESCORTS LIMITED,",271,217,SMALL,MID,,22.0,1106.0,1125.3,0.01745027124773957,0.010498881274911831,0.006951389972827737,70.45310326048079,0.08867927363227968,-0.07818039235736784,-0.07122900238454011,-0.0399987336925387,0.012939701120460834
2019H2->2020H1,2020H1,2020,2020-07-07,FALLBACK(5th trading day),PROMOTION-TO-MID,INE483A01010,CENTRALBK,CENTRAL BANK OF INDIA,254,226,SMALL,MID,,1425.0,17.5,17.75,0.014285714285714235,0.007366088066414589,0.006919626219299646,71.728295201475,0.08867927363227968,-0.08131318556586509,-0.07439355934656544,-0.11547375269329851,-0.19284994837862257
2019H2->2020H1,2020H1,2020,2020-07-07,FALLBACK(5th trading day),PROMOTION-TO-MID,INE974X01010,TIINDIA,TUBE INVESTMENTS OF INDIA LTD,259,235,SMALL,MID,,56.0,444.95,505.1,0.13518372850882132,0.12765617854295574,0.0075275499658655765,74.79819894548322,0.08867927363227968,0.03897690491067607,0.046504454876541645,-0.004637717719332635,-0.03557368098120439
2019H2->2020H1,2020H1,2020,2020-07-07,FALLBACK(5th trading day),PROMOTION-TO-MID,INE700A01033,JUBILANT,JUBILANT LIFE SCIENCES LIMITED,257,239,SMALL,MID,,36.0,677.8,840.0,0.23930362938920036,0.2312394670513127,0.008064162337887648,76.2055563990816,0.08867927363227968,0.14256019341903303,0.15062435575692068,0.010472077632093901,0.4947501549538498
2019H2->2020H1,2020H1,2020,2020-07-07,FALLBACK(5th trading day),PROMOTION-TO-MID,INE112L01020,METROPOLIS,METROPOLIS HEALTHCARE LIMITED,289,240,SMALL,MID,,71.0,349.975,410.175,0.17201228659189938,0.16429793496235545,0.007714351629543925,75.58162091006159,0.08867927363227968,0.07561866133007578,0.0833330129596197,-0.19897661346888673,-0.5649653217374198
2019H2->2020H1,2020H1,2020,2020-07-07,FALLBACK(5th trading day),PROMOTION-TO-MID,INE248A01017,ITI,ITI LIMITED (INDIAN TELEPH.IND.LTD),260,241,SMALL,MID,,189.0,131.95,135.25,0.025009473285335426,0.01803599661310873,0.006973476672226697,72.00721345748761,0.08867927363227968,-0.07064327701917095,-0.06366980034694425,0.4244187110999542,0.6490705078623631
2019H2->2020H1,2020H1,2020,2020-07-07,FALLBACK(5th trading day),PROMOTION-TO-MID,INE690A01010,TTKPRESTIG,TTK PRESTIGE LTD.,251,243,SMALL,MID,,45.0,552.1,559.9,0.014127875384893906,0.00720665573964463,0.006921219645249277,71.516149959348,0.08867927363227968,-0.08147261789263505,-0.07455139824738577,-0.09463878945653903,-0.47067037361984854
2019H2->2020H1,2020H1,2020,2020-07-07,FALLBACK(5th trading day),PROMOTION-TO-MID,INE780C01023,JMFINANCIL,JM FINANCIAL LIMITED,279,248,SMALL,MID,,332.0,75.0,74.1,-0.012000000000000122,-0.018788524145278207,0.006788524145278085,70.9675197198576,0.08867927363227968,-0.10746779777755788,-0.1006792736322798,-0.12350652213685631,-0.46687159436205494
2019H2->2020H1,2020H1,2020,2020-07-07,FALLBACK(5th trading day),DEMOTION-FROM-MID,INE722A01011,SHRIRAMCIT,SHRIRAM-CITY UNION FINANCE LTD.,235,257,MID,SMALL,,36.0,680.7,658.45,-0.032686939914793545,-0.039381817194107493,0.006694877279313949,69.57062531845202,0.08867927363227968,-0.12806109082638717,-0.12136621354707322,-0.195375224181208,-0.6592582838647159
2019H2->2020H1,2020H1,2020,2020-07-07,FALLBACK(5th trading day),DEMOTION-FROM-MID,INE551W01018,UJJIVANSFB,UJJIVAN SMALL FINANCE BANK LIMITED,227,260,MID,SMALL,,649.0,38.4,33.25,-0.13411458333333326,-0.14028903756479882,0.006174454231465565,67.8680331320422,0.08867927363227968,-0.2289683111970785,-0.22279385696561294,-0.16034554756509345,-0.524259670349116
2019H2->2020H1,2020H1,2020,2020-07-07,FALLBACK(5th trading day),DEMOTION-FROM-MID,INE103A01014,MRPL,MANGALORE REFINERY & PETROCHEMICALS,241,271,MID,SMALL,,658.0,37.9,35.05,-0.07519788918205805,-0.08166792245672161,0.006470033274663556,69.42208577783559,0.08867927363227968,-0.17034719608900128,-0.16387716281433773,-0.0680093652289111,-0.10475612163630754
2019H2->2020H1,2020H1,2020,2020-07-07,FALLBACK(5th trading day),DEMOTION-FROM-MID,INE532F01054,EDELWEISS,EDELWEISS FINANCIAL SERVICES LTD.,203,277,MID,SMALL,,429.0,58.1,80.5,0.3855421686746987,0.376756988642198,0.008785180032500728,81.2696732596608,0.08867927363227968,0.2880777150099183,0.29686289504241903,0.07699469839584205,-0.08159737395435762
2019H2->2020H1,2020H1,2020,2020-07-07,FALLBACK(5th trading day),DEMOTION-FROM-MID,INE230A01023,EIHOTEL,EIH LTD,233,284,MID,SMALL,,365.0,68.3,65.55,-0.04026354319180092,-0.04690931277941113,0.006645769587610206,70.304064360195,0.08867927363227968,-0.1355885864116908,-0.1289428168240806,-0.3092147942604271,-0.7003329415759015
2019H2->2020H1,2020H1,2020,2020-07-07,FALLBACK(5th trading day),DEMOTION-FROM-MID,INE452O01016,FLFL,FUTURE LIFESTYLE FASHIONS LIMITED,247,296,MID,SMALL,,184.0,135.3,116.4,-0.13968957871396903,-0.14583670006992167,0.006147121355952634,67.6694832118752,0.08867927363227968,-0.23451597370220134,-0.2283688523462487,-0.23459102885975514,-0.1673646840700913
2019H2->2020H1,2020H1,2020,2020-07-07,FALLBACK(5th trading day),DEMOTION-FROM-MID,INE572E01012,PNBHOUSING,PNB HOUSING FINANCE LIMITED,219,303,MID,SMALL,,116.0,215.0,211.1,-0.018139534883720998,-0.024896189330036234,0.006756654446315236,70.8975838148848,0.08867927363227968,-0.11357546296231591,-0.10681880851600067,-0.12066671417572095,-0.38135096281948666
2020H1->2020H2,2020H2,2021,2021-01-07,FALLBACK(5th trading day),PROMOTION-TO-LARGE,INE528G01035,YESBANK,Yes Bank Ltd.,107,87,MID,LARGE,,1370.0,18.2,17.15,-0.05769230769230771,-0.06425039823654233,0.006558090544234618,69.864468489202,0.058079706341307435,-0.12233010457784976,-0.11577201403361514,-0.14367984078184148,-0.12492691779688703
2020H1->2020H2,2020H2,2021,2021-01-07,FALLBACK(5th trading day),PROMOTION-TO-LARGE,INE423A01024,ADANIENT,Adani Enterprises Ltd.,126,90,MID,LARGE,,47.0,523.0,605.4,0.15755258126195026,0.149903921185224,0.007648660076726266,74.5725367726944,0.058079706341307435,0.09182421484391656,0.09947287492064283,-0.053054652199378216,0.06422171135174204
2020H1->2020H2,2020H2,2021,2021-01-07,FALLBACK(5th trading day),PROMOTION-TO-LARGE,INE603J01030,PIIND,PI Industries Limited,121,95,MID,LARGE,,11.0,2197.0,2254.0,0.025944469731451925,0.01894594301864294,0.006998526712808983,70.29566185859599,0.058079706341307435,-0.039133763322664494,-0.03213523660985551,-0.18732309347784848,-0.3997739098852586
2020H1->2020H2,2020H2,2021,2021-01-07,FALLBACK(5th trading day),PROMOTION-TO-LARGE,INE797F01012,JUBLFOOD,Jubilant Foodworks Limited,112,99,MID,LARGE,,43.0,580.0,554.0,-0.04482758620689653,-0.051450157072115976,0.006622570865219446,70.20925121333599,0.058079706341307435,-0.10952986341342341,-0.10290729254820397,-0.04941061631515686,-0.2766005855995872
2020H1->2020H2,2020H2,2021,2021-01-07,FALLBACK(5th trading day),PROMOTION-TO-LARGE,INE066F01012,HAL,Hindustan Aeronautics Limited,115,100,MID,LARGE,,53.0,466.05,510.5,0.09537603261452632,0.0880428870131329,0.00733314560139342,73.2697298248558,0.058079706341307435,0.029963180671825462,0.03729632627321888,-0.04866568080291378,-0.2866762570310133
2020H1->2020H2,2020H2,2021,2021-01-07,FALLBACK(5th trading day),DEMOTION-FROM-LARGE,INE584A01023,NMDC,NMDC Ltd,95,101,LARGE,MID,,577.0,43.166666666666664,38.666666666666664,-0.10424710424710426,-0.11057198550986413,0.006324881262759874,68.60727483528466,0.058079706341307435,-0.16865169185117157,-0.1623268105884117,0.020885611386634695,0.03945727934909793
2020H1->2020H2,2020H2,2021,2021-01-07,FALLBACK(5th trading day),DEMOTION-FROM-LARGE,INE883A01011,MRF,"M.R.F. Ltd.,",97,103,LARGE,MID,"notional Rs25,000 buys <1 share at Rs77,935.56",,,,,,,,,,,,
2020H1->2020H2,2020H2,2021,2021-01-07,FALLBACK(5th trading day),DEMOTION-FROM-LARGE,INE686F01025,UBL,United Breweries Ltd.,94,109,LARGE,MID,,19.0,1253.0,1280.9,0.02226656025538709,0.015276564036634799,0.006989996218752292,69.3952616597948,0.058079706341307435,-0.04280314230467264,-0.035813146085920344,-0.04277047189730143,-0.2665894696887692
2020H1->2020H2,2020H2,2021,2021-01-07,FALLBACK(5th trading day),DEMOTION-FROM-LARGE,INE111A01025,CONCOR,Container Corporation Of India Ltd.,100,121,LARGE,MID,,71.0,349.56,376.16,0.07609566311935012,0.06886244712006406,0.007233215999286058,73.04905081827279,0.058079706341307435,0.010782740778756628,0.018015956778042685,-0.0645367245075461,-0.3288924343378161
2020H1->2020H2,2020H2,2021,2021-01-07,FALLBACK(5th trading day),DEMOTION-FROM-LARGE,INE481Y01014,GICRE,General Insurance Corporation of India,90,122,LARGE,MID,,176.0,141.3,138.45,-0.02016985138004257,-0.026918130360825465,0.006748278980782896,70.6884435179232,0.058079706341307435,-0.0849978367021329,-0.07824955772135,-0.16598359301531374,-0.3707317731409503
2020H1->2020H2,2020H2,2021,2021-01-07,FALLBACK(5th trading day),DEMOTION-FROM-LARGE,INE028A01039,BANKBARODA,Bank Of Baroda,91,129,LARGE,MID,,372.0,67.0,83.5,0.24626865671641784,0.238183178446284,0.008085478270133839,77.677505325624,0.058079706341307435,0.18010347210497657,0.1881889503751104,-0.15356075321027196,-0.005967048837018041
2020H1->2020H2,2020H2,2021,2021-01-07,FALLBACK(5th trading day),PROMOTION-TO-MID,INE933S01016,INDIAMART,IndiaMART InterMESH Limited,262,204,SMALL,MID,,6.0,3782.5,4935.975,0.30495042961004626,0.2965074795013334,0.008442950108712877,73.5325782226758,0.058079706341307435,0.23842777316002595,0.24687072326873882,0.21805384523045568,-0.07515328864825799
2020H1->2020H2,2020H2,2021,2021-01-07,FALLBACK(5th trading day),PROMOTION-TO-MID,INE935N01012,DIXON,Dixon Technologies (India) Limited,295,221,SMALL,MID,,7.0,3228.8,3308.8,0.024777006937561907,0.01773878277044938,0.007038224167112528,66.74687759008,0.058079706341307435,-0.040340923570858056,-0.03330269940374553,0.12563085543891894,0.2589174008300401
2020H1->2020H2,2020H2,2021,2021-01-07,FALLBACK(5th trading day),PROMOTION-TO-MID,INE048G01026,NAVINFLUOR,Navin Fluorine International Limited,258,222,SMALL,MID,,8.0,2821.75,2501.35,-0.11354655798706481,-0.11989069001510433,0.0063441320280395175,63.455661273766395,0.058079706341307435,-0.17797039635641176,-0.17162626432837225,-0.047168752032515915,-0.10367979570974417
2020H1->2020H2,2020H2,2021,2021-01-07,FALLBACK(5th trading day),PROMOTION-TO-MID,INE203A01020,ASTRAZEN,AstraZeneca Pharma India Ltd.,252,228,SMALL,MID,,5.0,4391.0,3908.55,-0.10987246640856296,-0.11625491368726171,0.006382447278698744,62.235883263837,0.058079706341307435,-0.17433462002856914,-0.1679521727498704,-0.1759293156183751,-0.46190725583815273
2020H1->2020H2,2020H2,2021,2021-01-07,FALLBACK(5th trading day),PROMOTION-TO-MID,INE288B01029,DEEPAKNTR,Deepak Nitrite Limited,275,230,SMALL,MID,,22.0,1086.0,1015.0,-0.06537753222836096,-0.07192481949469642,0.006547287266335466,67.420642942024,0.058079706341307435,-0.13000452583600386,-0.12345723856966839,0.09659198821396053,-0.15352582225920863
2020H1->2020H2,2020H2,2021,2021-01-07,FALLBACK(5th trading day),PROMOTION-TO-MID,INE050A01025,BBTC,"Bombay Burmah Trading Corpn. Ltd.,",253,242,SMALL,MID,,19.0,1296.0,1260.0,-0.02777777777777779,-0.03449418918097735,0.0067164114031995625,69.955684221168,0.058079706341307435,-0.09257389552228479,-0.08585748411908523,-0.15367419715144803,-0.48121673607274107
2020H1->2020H2,2020H2,2021,2021-01-07,FALLBACK(5th trading day),PROMOTION-TO-MID,INE03QK01018,SUVENPHAR,SUVEN PHARMACEUTICALS LIMITED,341,244,SMALL,MID,,53.0,465.5,497.0,0.06766917293233088,0.060474469041513323,0.007194703890817555,72.49514531638599,0.058079706341307435,0.002394762700205888,0.009589466591023443,-0.009033024289896607,-0.27573071170412944
2020H1->2020H2,2020H2,2021,2021-01-07,FALLBACK(5th trading day),PROMOTION-TO-MID,INE199A01012,PGHL,PROCTER & GAMBLE HEALTH LIMITED,254,245,SMALL,MID,,3.0,6910.55,7172.25,0.037869634110164974,0.03070218509560929,0.007167449014555682,62.8232304513348,0.058079706341307435,-0.027377521245698144,-0.020210072231142462,-0.09851271341416123,-0.20503205075916298
2020H1->2020H2,2020H2,2021,2021-01-07,FALLBACK(5th trading day),PROMOTION-TO-MID,INE101D01020,GRANULES,Granules India Ltd.,331,248,SMALL,MID,,67.0,369.0,339.5,-0.07994579945799463,-0.0863975278504342,0.006451728392439571,68.839093208378,0.058079706341307435,-0.14447723419174163,-0.13802550579930206,-0.19824745480416284,-0.5574316339895465
2020H1->2020H2,2020H2,2021,2021-01-07,FALLBACK(5th trading day),PROMOTION-TO-MID,INE262H01013,PERSISTENT,Persistent Systems Limited,308,250,SMALL,MID,,32.0,766.5,857.0,0.11806914546640579,0.1106174567966558,0.0074516886697499896,73.44456973100799,0.058079706341307435,0.052537750455348364,0.059989439125098354,0.17547338735526052,-0.32590513974607815
2020H1->2020H2,2020H2,2021,2021-01-07,FALLBACK(5th trading day),DEMOTION-FROM-MID,INE148I01020,IBULHSGFIN,INDIABULLS HOUSING FINANCE LIMITED,229,251,MID,SMALL,,99.0,250.0,217.25,-0.131,-0.13719452519845154,0.006194525198451539,67.590127658997,0.058079706341307435,-0.19527423153975898,-0.18907970634130744,-0.033228671968374535,-0.10340033117596081
2020H1->2020H2,2020H2,2021,2021-01-07,FALLBACK(5th trading day),DEMOTION-FROM-MID,INE217B01036,KAJARIACER,Kajaria Ceramics Ltd,249,254,MID,SMALL,,34.0,728.0,910.0,0.25,0.24189134257103828,0.008108657428961719,77.34689965902402,0.058079706341307435,0.18381163622973085,0.19192029365869256,-0.07032542210077097,-0.16607313694254433
2020H1->2020H2,2020H2,2021,2021-01-07,FALLBACK(5th trading day),DEMOTION-FROM-MID,INE438A01022,APOLLOTYRE,Apollo Tyres Ltd,250,257,MID,SMALL,,128.0,194.0,242.5,0.25,0.2418934118357201,0.008106588164279893,77.545402889984,0.058079706341307435,0.18381370549441267,0.19192029365869256,-0.14147188821894852,-0.1392864844250563
2020H1->2020H2,2020H2,2021,2021-01-07,FALLBACK(5th trading day),DEMOTION-FROM-MID,INE690A01010,TTKPRESTIG,TTK Prestige Ltd.,243,258,MID,SMALL,,40.0,619.0,607.99,-0.017786752827140484,-0.024549813873765536,0.006763061046625052,70.50989829746081,0.058079706341307435,-0.08262952021507297,-0.07586645916844792,-0.0633471974284101,-0.4693781297538875
2020H1->2020H2,2020H2,2021,2021-01-07,FALLBACK(5th trading day),DEMOTION-FROM-MID,INE149A01033,CHOLAHLDNG,CHOLAMANDALAM FINANCIAL HOLDINGS LIMITED,242,260,MID,SMALL,,42.0,593.7,559.0,-0.05844702711807315,-0.06500129007366817,0.006554262955595025,69.8480348399448,0.058079706341307435,-0.12308099641497561,-0.11652673345938058,-0.039061434503953496,-0.08335335080163331
2020H1->2020H2,2020H2,2021,2021-01-07,FALLBACK(5th trading day),DEMOTION-FROM-MID,INE486A01013,CESC,"CESC Limited,",236,261,MID,SMALL,,399.0,62.5,61.2,-0.02079999999999993,-0.027543351894893098,0.006743351894893168,70.82346255465241,0.058079706341307435,-0.08562305823620053,-0.07887970634130737,-0.1323388285808107,-0.47018926116466697
2020H1->2020H2,2020H2,2021,2021-01-07,FALLBACK(5th trading day),DEMOTION-FROM-MID,INE640A01023,SKFINDIA,SKF India Ltd.,231,262,MID,SMALL,,13.0,1885.0,2077.0,0.10185676392572951,0.09448591961085762,0.007370844314871894,72.979785015808,0.058079706341307435,0.03640621326955018,0.043777057584422074,-0.08677344808777754,-0.31031857016967157
2020H1->2020H2,2020H2,2021,2021-01-07,FALLBACK(5th trading day),DEMOTION-FROM-MID,INE780C01023,JMFINANCIL,JM Financial Limited,248,264,MID,SMALL,,263.0,94.65,85.25,-0.09931325937665092,-0.10566329333571778,0.006350033959066859,68.7042199970344,0.058079706341307435,-0.1637429996770252,-0.15739296571795836,-0.048217110059608714,-0.38472441196938134
2020H1->2020H2,2020H2,2021,2021-01-07,FALLBACK(5th trading day),DEMOTION-FROM-MID,INE951I01027,VGUARD,V-Guard Industries Ltd.,234,268,MID,SMALL,,115.0,216.7,244.4,0.1278264882325797,0.12033598630698905,0.007490501925590642,74.616387343154,0.058079706341307435,0.062256279965681616,0.06974678189127226,-0.03604313857033947,-0.2607888483608045
2020H1->2020H2,2020H2,2021,2021-01-07,FALLBACK(5th trading day),DEMOTION-FROM-MID,INE191H01014,PVR,PVR Ltd.,245,284,MID,SMALL,,17.0,1455.0,1510.0,0.037800687285223455,0.03075770011271639,0.007042987172507065,71.87670428738,0.058079706341307435,-0.027322006228591045,-0.02027901905608398,-0.1265668397266655,-0.4068155717785644
2020H1->2020H2,2020H2,2021,2021-01-07,FALLBACK(5th trading day),DEMOTION-FROM-MID,INE225D01027,SYMPHONY,Symphony Limited,244,300,MID,SMALL,,23.0,1055.0,1005.8,-0.046635071090047386,-0.05326629366961877,0.006631222579571383,68.6948291250832,0.058079706341307435,-0.1113460000109262,-0.10471477743135482,0.03926010771496613,-0.30889497676494604
2020H1->2020H2,2020H2,2021,2021-01-07,FALLBACK(5th trading day),DEMOTION-FROM-MID,INE752P01024,FRETAIL,Future Retail Ltd.,212,334,MID,SMALL,,330.0,75.45,74.3,-0.015241882041086896,-0.02201415709459198,0.0067722750535050835,70.88072940053401,0.058079706341307435,-0.08009386343589942,-0.07332158838239433,-0.14613491994924954,-0.5089096017795712
2020H2->2021H1,2021H1,2021,2021-07-07,FALLBACK(5th trading day),PROMOTION-TO-LARGE,INE399L01023,ATGL,ADANI TOTAL GAS LIMITED,120,40,MID,LARGE,no open price on entry and/or exit day,,,,,,,,,,,,
2020H2->2021H1,2021H1,2021,2021-07-07,FALLBACK(5th trading day),PROMOTION-TO-LARGE,INE584A01023,NMDC,NMDC Ltd,101,86,MID,LARGE,,445.0,56.016666666666666,60.166666666666664,0.07408509372210648,0.06686477123883972,0.007220322483266761,73.24728831543568,0.09811749973560513,-0.031252728496765414,-0.024032406013498653,-0.1866695340662603,-0.35976361327373385
2020H2->2021H1,2021H1,2021,2021-07-07,FALLBACK(5th trading day),PROMOTION-TO-LARGE,INE437A01024,APOLLOHOSP,"Apollo Hospitals Enterprises Ltd.,",107,88,MID,LARGE,,6.0,3700.0,4089.8,0.10535135135135132,0.09789558843043356,0.007455762920917763,67.6937727180624,0.09811749973560513,-0.00022191130517157376,0.00723385161574619,0.01771871088975563,-0.3246842769410003
2020H2->2021H1,2021H1,2021,2021-07-07,FALLBACK(5th trading day),PROMOTION-TO-LARGE,INE121A01024,CHOLAFIN,Cholamandalam Investment and Finance Company Ltd,133,89,MID,LARGE,,47.0,522.5,536.0,0.02583732057416266,0.018849792924942932,0.006987527649219727,71.171402666206,0.09811749973560513,-0.0792677068106622,-0.07228017916144247,-0.1953632303314058,-0.5736353781176836
2020H2->2021H1,2021H1,2021,2021-07-07,FALLBACK(5th trading day),PROMOTION-TO-LARGE,INE114A01011,SAIL,"Steel Authority of India Ltd.,",169,94,MID,LARGE,,193.0,129.0,143.35,0.11124031007751944,0.10383253669778703,0.0074077733797324186,74.1339965028634,0.09811749973560513,0.005715036962181896,0.013122810341914315,-0.10244422697461242,-0.23263468259907372
2020H2->2021H1,2021H1,2021,2021-07-07,FALLBACK(5th trading day),PROMOTION-TO-LARGE,INE028A01039,BANKBARODA,Bank Of Baroda,129,98,MID,LARGE,,290.0,86.0,82.35,-0.04244186046511633,-0.049076417467768474,0.006634557002652142,70.27078334944198,0.09811749973560513,-0.1471939172033736,-0.14055936020072146,-0.0843521866822956,-0.3435419620983309
2020H2->2021H1,2021H1,2021,2021-07-07,FALLBACK(5th trading day),PROMOTION-TO-LARGE,INE671A01010,HONAUT,Honeywell Automation India Ltd.,104,100,MID,LARGE,"notional Rs25,000 buys <1 share at Rs41,734.30",,,,,,,,,,,,
2020H2->2021H1,2021H1,2021,2021-07-07,FALLBACK(5th trading day),DEMOTION-FROM-LARGE,INE603J01030,PIIND,PI Industries Limited,95,101,LARGE,MID,,8.0,3008.0,3201.4,0.06429521276595751,0.05710119212632492,0.007194020639632592,71.0183464974656,0.09811749973560513,-0.04101630760928021,-0.03382228696964762,-0.062337813399691466,-0.32316792196952226
2020H2->2021H1,2021H1,2021,2021-07-07,FALLBACK(5th trading day),DEMOTION-FROM-LARGE,INE094A01015,HINDPETRO,Hindustan Petroleum Corporation Ltd,94,104,LARGE,MID,,131.0,190.0,180.0,-0.052631578947368474,-0.059216222281516684,0.00658464333414821,69.89955613212,0.09811749973560513,-0.1573337220171218,-0.1507490786829736,-0.10323016774233817,-0.22172609959746747
2020H2->2021H1,2021H1,2021,2021-07-07,FALLBACK(5th trading day),DEMOTION-FROM-LARGE,INE203G01027,IGL,Indraprashtha Gas Ltd.,98,105,LARGE,MID,,88.0,282.0,270.0,-0.04255319148936165,-0.049190374388445535,0.006637182899083882,69.997747485312,0.09811749973560513,-0.14730787412405066,-0.14067069122496678,-0.054963445275992395,-0.44669521527610256
2020H2->2021H1,2021H1,2021,2021-07-07,FALLBACK(5th trading day),DEMOTION-FROM-LARGE,INE347G01014,PETRONET,PETRONET LNG LTD.,84,106,LARGE,MID,,110.0,224.9,218.0,-0.030680302356602906,-0.03737912989999104,0.006698827543388131,70.13373918506801,0.09811749973560513,-0.13549662963559617,-0.12879780209220804,-0.18075522622636386,-0.5297687124833562
2020H2->2021H1,2021H1,2021,2021-07-07,FALLBACK(5th trading day),DEMOTION-FROM-LARGE,INE540L01014,ALKEM,Alkem Laboratories Limited,92,112,LARGE,MID,,7.0,3311.0,3410.0,0.029900332225913706,0.02285383103953187,0.007046501186381837,68.163391512764,0.09811749973560513,-0.07526366869607326,-0.06821716750969142,-0.06835174691188595,-0.28173887131537945
2020H2->2021H1,2021H1,2021,2021-07-07,FALLBACK(5th trading day),DEMOTION-FROM-LARGE,INE066F01012,HAL,Hindustan Aeronautics Limited,100,117,LARGE,MID,,45.0,552.25,544.725,-0.013626075147125327,-0.02040768221194811,0.006781607064822781,70.8179753948085,0.09811749973560513,-0.11852518194755324,-0.11174357488273046,-0.07402896473239018,-0.4048869957599539
2020H2->2021H1,2021H1,2021,2021-07-07,FALLBACK(5th trading day),DEMOTION-FROM-LARGE,INE358A01014,,Abbott India Ltd.,88,127,LARGE,MID,no NSE symbol in AMFI list (BSE-only),,,,,,,,,,,,
2020H2->2021H1,2021H1,2021,2021-07-07,FALLBACK(5th trading day),PROMOTION-TO-MID,INE670A01012,TATAELXSI,Tata Elxsi Ltd,255,193,SMALL,MID,,5.0,4268.0,4264.0,-0.0009372071227741197,-0.00788782531511667,0.00695061819234255,63.34284460904,0.09811749973560513,-0.1060053250507218,-0.09905470685837925,0.03659339070270118,-0.02505436317336973
2020H2->2021H1,2021H1,2021,2021-07-07,FALLBACK(5th trading day),PROMOTION-TO-MID,INE702C01027,APLAPOLLO,APL Apollo Tubes Limited,282,219,SMALL,MID,,31.0,802.0,858.5,0.07044887780548637,0.06324514593356434,0.007203731871922026,73.003380163322,0.09811749973560513,-0.03487235380204079,-0.027668621930118764,0.043528533595779795,-0.2482197780599309
2020H2->2021H1,2021H1,2021,2021-07-07,FALLBACK(5th trading day),PROMOTION-TO-MID,INE217B01036,KAJARIACER,Kajaria Ceramics Ltd,254,228,SMALL,MID,,25.0,989.8,1020.0,0.030511214386744756,0.023505110039821808,0.007006104346922948,71.71278416874,0.09811749973560513,-0.07461238969578332,-0.06760628534886037,-0.12868654892465337,-0.4926784114800118
2020H2->2021H1,2021H1,2021,2021-07-07,FALLBACK(5th trading day),PROMOTION-TO-MID,INE457A01014,MAHABANK,Bank of maharashtra,266,230,SMALL,MID,,986.0,25.3,20.45,-0.191699604743083,-0.19758412690448246,0.0058845221613994525,66.4329011597092,0.09811749973560513,-0.2957016266400876,-0.28981710447868814,-0.15289188218748018,-0.31850591730751776
2020H2->2021H1,2021H1,2021,2021-07-07,FALLBACK(5th trading day),PROMOTION-TO-MID,INE438A01022,APOLLOTYRE,Apollo Tyres Ltd,257,231,SMALL,MID,,108.0,231.0,223.4,-0.032900432900432874,-0.03958272262848839,0.006682289728055513,70.5343836638016,0.09811749973560513,-0.13770022236409352,-0.131017932636038,-0.13846483982651803,-0.47758579191423567
2020H2->2021H1,2021H1,2021,2021-07-07,FALLBACK(5th trading day),PROMOTION-TO-MID,INE562A01011,INDIANB,Indian Bank,270,232,SMALL,MID,,180.0,138.0,137.0,-0.007246376811594235,-0.014060325887731762,0.0068139490761375265,70.95701204136,0.09811749973560513,-0.11217782562333689,-0.10536387654719936,-0.1164251594243274,-0.26831796804508623
2020H2->2021H1,2021H1,2021,2021-07-07,FALLBACK(5th trading day),PROMOTION-TO-MID,INE473A01011,LINDEINDIA,Linde India Limited,285,240,SMALL,MID,,14.0,1780.0,1750.0,-0.016853932584269704,-0.0236175576355252,0.006763625051255495,70.88663534984,0.09811749973560513,-0.12173505737113033,-0.11497143231987483,-0.013139128685672352,-0.5445954363975793
2020H2->2021H1,2021H1,2021,2021-07-07,FALLBACK(5th trading day),PROMOTION-TO-MID,INE00WC01019,AFFLE,Affle (India) Limited,281,242,SMALL,MID,no open price on entry and/or exit day,,,,,,,,,,,,
2020H2->2021H1,2021H1,2021,2021-07-07,FALLBACK(5th trading day),PROMOTION-TO-MID,INE233B01017,BLUEDART,Blue Dart Express Ltd.,275,246,SMALL,MID,,4.0,5915.6,5584.0,-0.056055176144431784,-0.06265575658046996,0.006600580436038173,67.15394565873281,0.09811749973560513,-0.16077325631607509,-0.1541726758800369,-0.1491258405451048,-0.43303038423050855
2020H2->2021H1,2021H1,2021,2021-07-07,FALLBACK(5th trading day),DEMOTION-FROM-MID,INE112L01020,METROPOLIS,Metropolis Healthcare Limited,240,252,MID,SMALL,,33.0,746.525,755.0,0.011352600381768996,0.00443989064054473,0.0069127097412242655,70.97744480793689,0.09811749973560513,-0.0936776090950604,-0.08676489935383613,-0.0767846134119814,-0.3186407222615997
2020H2->2021H1,2021H1,2021,2021-07-07,FALLBACK(5th trading day),DEMOTION-FROM-MID,INE811K01011,PRESTIGE,Prestige Estates Projects Limited,231,253,MID,SMALL,,86.0,289.9,358.1,0.23525353570196628,0.22722358788833819,0.008029947813628091,77.4118366025296,0.09811749973560513,0.12910608815273306,0.13713603596636115,-0.1766219107398158,-0.5701473941102847
2020H2->2021H1,2021H1,2021,2021-07-07,FALLBACK(5th trading day),DEMOTION-FROM-MID,INE248A01017,ITI,ITI Limited (Indian Teleph.Ind.Ltd),210,255,MID,SMALL,,193.0,129.05,126.65,-0.018597442851607915,-0.025352650276265987,0.006755207424658072,70.8122861773664,0.09811749973560513,-0.12347015001187112,-0.11671494258721304,-0.08091399662302323,-0.4059719589098647
2020H2->2021H1,2021H1,2021,2021-07-07,FALLBACK(5th trading day),DEMOTION-FROM-MID,INE002S01010,MGL,Mahanagar Gas Limited,238,256,MID,SMALL,,21.0,1170.0,1179.95,0.008504273504273518,0.0016041582677601696,0.006900115236513349,70.75910302385459,0.09811749973560513,-0.09651334146784496,-0.08961322623133161,-0.14352912276780616,-0.48997664034301036
2020H2->2021H1,2021H1,2021,2021-07-07,FALLBACK(5th trading day),DEMOTION-FROM-MID,INE199A01012,PGHL,PROCTER & GAMBLE HEALTH LIMITED,245,265,MID,SMALL,,4.0,5630.0,5523.85,-0.018854351687388915,-0.02567591608273334,0.006821564395344426,65.5472734435192,0.09811749973560513,-0.12379341581833847,-0.11697185142299404,-0.13966412402187245,-0.6139933730323621
2020H2->2021H1,2021H1,2021,2021-07-07,FALLBACK(5th trading day),DEMOTION-FROM-MID,INE741K01010,CREDITACC,CreditAccess Grameen Ltd.,229,266,MID,SMALL,,34.0,720.1,656.8,-0.08790445771420641,-0.09432249403065318,0.0064180363164467735,68.12482105079441,0.09811749973560513,-0.1924399937662583,-0.18602195744981154,-0.08906783117704076,-0.3378639172925273
2020H2->2021H1,2021H1,2021,2021-07-07,FALLBACK(5th trading day),DEMOTION-FROM-MID,INE483A01010,CENTRALBK,Central Bank of India,249,267,MID,SMALL,,927.0,26.9,22.05,-0.1802973977695167,-0.18623944861621056,0.005942050846693858,66.7077080534694,0.09811749973560513,-0.2843569483518157,-0.27841489750512183,0.027669814365373302,0.06858746978586949
2020H2->2021H1,2021H1,2021,2021-07-07,FALLBACK(5th trading day),DEMOTION-FROM-MID,INE002L01015,SJVN,SJVN LIMITED,243,270,MID,SMALL,,886.0,28.15,27.25,-0.031971580817051426,-0.038658718604698716,0.00668713778764729,70.5428013176248,0.09811749973560513,-0.13677621834030385,-0.13008908055265656,-0.155453852227726,-0.36126140743142887
2020H2->2021H1,2021H1,2021,2021-07-07,FALLBACK(5th trading day),DEMOTION-FROM-MID,INE133A01011,AKZOINDIA,Akzo Nobel India Limited,239,271,MID,SMALL,,10.0,2330.0,2211.05,-0.05105150214592269,-0.05768767169329381,0.006636169547371118,66.489995954654,0.09811749973560513,-0.15580517142889894,-0.14916900188152782,-0.09299530319536609,-0.5424783317669787
2020H2->2021H1,2021H1,2021,2021-07-07,FALLBACK(5th trading day),DEMOTION-FROM-MID,INE466L01020,IIFLWAM,IIFL Wealth Management Limited,247,277,MID,SMALL,,20.0,1208.55,1553.0,0.28501096355136335,0.2767109683498352,0.008299995201528132,76.780422384172,0.09811749973560513,0.1785934686142301,0.18689346381575822,-0.08876963798173643,-0.5524225030049252
2020H2->2021H1,2021H1,2021,2021-07-07,FALLBACK(5th trading day),DEMOTION-FROM-MID,INE850D01014,GODREJAGRO,Godrej Agrovet Limited,232,278,MID,SMALL,,37.0,662.0,696.85,0.052643504531722174,0.04551962145846056,0.0071238830732616165,71.70757678046861,0.09811749973560513,-0.05259787827714457,-0.045473995203882955,0.05816867837686934,-0.21620657622864892
2020H2->2021H1,2021H1,2021,2021-07-07,FALLBACK(5th trading day),DEMOTION-FROM-MID,INE338I01027,MOTILALOFS,Motilal Oswal Financial Services Limited,237,283,MID,SMALL,,103.0,241.8,220.5,-0.0880893300248139,-0.09449543492503143,0.006406104900217535,69.0196981918428,0.09811749973560513,-0.19261293466063656,-0.18620682976041902,0.026905379970888044,-0.14899904877152292
2020H2->2021H1,2021H1,2021,2021-07-07,FALLBACK(5th trading day),DEMOTION-FROM-MID,INE203A01020,ASTRAZEN,AstraZeneca Pharma India Ltd.,228,290,MID,SMALL,,6.0,3610.0,3471.0,-0.03850415512465377,-0.04525502661624892,0.006750871491595145,63.212324260968,0.09811749973560513,-0.14337252635185405,-0.1366216548602589,-0.16302912987538654,-0.4147605398779297
2020H2->2021H1,2021H1,2021,2021-07-07,FALLBACK(5th trading day),DEMOTION-FROM-MID,INE050A01025,BBTC,"Bombay Burmah Trading Corpn. Ltd.,",242,302,MID,SMALL,,19.0,1306.55,1217.0,-0.06853928284413147,-0.07504569081423706,0.006506407970105599,69.3490353321554,0.09811749973560513,-0.1731631905498422,-0.1666567825797366,-0.12596156203682096,-0.4707963804675461
2020H2->2021H1,2021H1,2021,2021-07-07,FALLBACK(5th trading day),DEMOTION-FROM-MID,INE101D01020,GRANULES,Granules India Ltd.,248,307,MID,SMALL,,72.0,342.6,387.75,0.13178633975481602,0.12426939213256993,0.007516947622246084,74.1208944882384,0.09811749973560513,0.026151892396964804,0.03366884001921089,-0.09816756905771862,-0.4992889523634163
2021H1->2021H2,2021H2,2022,2022-01-07,FALLBACK(5th trading day),PROMOTION-TO-LARGE,INE018I01017,MINDTREE,MindTree  Limited,118,77,MID,LARGE,,5.0,4660.0,3910.0,-0.16094420600858372,-0.16702826303594542,0.0060840570273617,63.842045795,0.038307706105833894,-0.20533596914177932,-0.19925191211441762,-0.07621787552840331,-0.09325220677311119
2021H1->2021H2,2021H2,2022,2022-01-07,FALLBACK(5th trading day),PROMOTION-TO-LARGE,INE647A01010,SRF,"SRF Ltd.,",107,83,MID,LARGE,,9.0,2520.0,2462.25,-0.022916666666666696,-0.029712841251070543,0.006796174584403847,65.804514053427,0.038307706105833894,-0.06802054735690444,-0.06122437277250059,0.04973387619105707,-0.1393730831539568
2021H1->2021H2,2021H2,2022,2022-01-07,FALLBACK(5th trading day),PROMOTION-TO-LARGE,INE245A01021,TATAPOWER,Tata Power Co. Ltd,130,87,MID,LARGE,,108.0,230.95,252.5,0.09331024031175583,0.08599371690323876,0.007316523408517073,73.77810300281521,0.038307706105833894,0.047686010797404865,0.05500253420592194,-0.07206362254334575,0.14962303635846164
2021H1->2021H2,2021H2,2022,2022-01-07,FALLBACK(5th trading day),PROMOTION-TO-LARGE,INE356A01018,MPHASIS,Mphasis Limited,124,88,MID,LARGE,,7.0,3250.05,3040.2,-0.06456823741173223,-0.07115298250785906,0.006584745096126832,64.97926610886542,0.038307706105833894,-0.10946068861369296,-0.10287594351756613,-0.03170134651594081,-0.11260394746938984
2021H1->2021H2,2021H2,2022,2022-01-07,FALLBACK(5th trading day),PROMOTION-TO-LARGE,INE484J01027,GODREJPROP,Godrej Properties Limited,103,91,MID,LARGE,,13.0,1901.8,1570.0,-0.17446629508886313,-0.1804431321507569,0.0059768370618937805,66.4232688828568,0.038307706105833894,-0.2187508382565908,-0.21277400119469703,-0.15530444087989026,-0.3405696361188185
2021H1->2021H2,2021H2,2022,2022-01-07,FALLBACK(5th trading day),PROMOTION-TO-LARGE,INE670K01029,LODHA,Macrotech Developers Limited,142,97,MID,LARGE,,40.0,611.0,669.875,0.09635842880523726,0.08901348324278047,0.007344945562456795,72.68949048553999,0.038307706105833894,0.05070577713694657,0.05805072269940337,-0.23470039897256356,-0.09588162620711693
2021H1->2021H2,2021H2,2022,2022-01-07,FALLBACK(5th trading day),PROMOTION-TO-LARGE,INE263A01024,BEL,"Bharat Electronics Ltd.,",116,98,MID,LARGE,,358.0,69.64999999999999,67.39999999999999,-0.03230437903804739,-0.0389900033102627,0.006685624272215307,70.52064361148601,0.038307706105833894,-0.0772977094160966,-0.07061208514388129,-0.06857686151200659,-0.08658243534602561
2021H1->2021H2,2021H2,2022,2022-01-07,FALLBACK(5th trading day),PROMOTION-TO-LARGE,INE121E01018,JSWENERGY,JSW Energy Limited,205,100,MID,LARGE,no open price on entry and/or exit day,,,,,,,,,,,,
2021H1->2021H2,2021H2,2022,2022-01-07,FALLBACK(5th trading day),DEMOTION-FROM-LARGE,INE545U01014,BANDHANBNK,Bandhan Bank Limited,78,101,LARGE,MID,,92.0,271.05,321.0,0.18428334255672385,0.1765096073367538,0.007773735219970046,76.11022673767921,0.038307706105833894,0.1382019012309199,0.14597563645088996,-0.1463166071114319,-0.3481242267636562
2021H1->2021H2,2021H2,2022,2022-01-07,FALLBACK(5th trading day),DEMOTION-FROM-LARGE,INE323A01026,BOSCHLTD,Bosch Ltd,84,103,LARGE,MID,,1.0,17150.0,16118.55,-0.060142857142857165,-0.06697803338645836,0.006835176243601193,52.983519122915396,0.038307706105833894,-0.10528573949229225,-0.09845056324869106,-0.05226161037804511,-0.1710131455247621
2021H1->2021H2,2021H2,2022,2022-01-07,FALLBACK(5th trading day),DEMOTION-FROM-LARGE,INE121A01024,CHOLAFIN,Cholamandalam Investment and Finance Company Ltd,89,108,LARGE,MID,,43.0,575.0,645.0,0.12173913043478257,0.11427416772604526,0.0074649627087373105,74.00034537948001,0.038307706105833894,0.07596646162021137,0.08343142432894868,-0.09718450779534515,-0.14617179809428227
2021H1->2021H2,2021H2,2022,2022-01-07,FALLBACK(5th trading day),DEMOTION-FROM-LARGE,INE179A01014,PGHH,Procter & Gamble Hygiene & Health Care Ltd.,91,109,LARGE,MID,,1.0,15720.0,15064.8,-0.0416793893129771,-0.04869165511441187,0.007012265801434769,50.1940840353504,0.038307706105833894,-0.08699936122024576,-0.079987095418811,-0.0685466962519139,-0.016595657083928295
2021H1->2021H2,2021H2,2022,2022-01-07,FALLBACK(5th trading day),DEMOTION-FROM-LARGE,INE406A01037,AUROPHARMA,Aurobindo Pharma Ltd.,76,110,LARGE,MID,,34.0,713.6,651.0,-0.08772421524663676,-0.09414907184909882,0.006424856602462059,67.6582057132368,0.038307706105833894,-0.13245677795493271,-0.12603192135247065,-0.07066674612254009,-0.14069678210300252
2021H1->2021H2,2021H2,2022,2022-01-07,FALLBACK(5th trading day),DEMOTION-FROM-LARGE,INE584A01023,NMDC,NMDC Ltd,86,111,LARGE,MID,,534.0,46.68333333333334,51.5,0.10317743662977508,0.09581098910076236,0.007366447529012721,74.00070867361079,0.038307706105833894,0.05750328299492846,0.06486973052394118,-0.14031017911650512,-0.19241955340911743
2021H1->2021H2,2021H2,2022,2022-01-07,FALLBACK(5th trading day),DEMOTION-FROM-LARGE,INE326A01037,LUPIN,Lupin Ltd,80,112,LARGE,MID,,27.0,917.0,804.75,-0.1224100327153762,-0.12864748131679615,0.006237448601419948,67.828855902399,0.038307706105833894,-0.16695518742263005,-0.1607177388212101,-0.038442313326121136,-0.16839764956561287
2021H1->2021H2,2021H2,2022,2022-01-07,FALLBACK(5th trading day),DEMOTION-FROM-LARGE,INE028A01039,BANKBARODA,Bank Of Baroda,98,113,LARGE,MID,,283.0,88.1,114.0,0.29398410896708294,0.2856591155855899,0.008324993381493062,78.9283549503756,0.038307706105833894,0.24735140947975598,0.25567640286124904,-0.14460430457579965,-0.1742739131145108
2021H1->2021H2,2021H2,2022,2022-01-07,FALLBACK(5th trading day),DEMOTION-FROM-LARGE,INE376G01013,BIOCON,Biocon Ltd.,82,114,LARGE,MID,,69.0,356.8,403.9,0.13200672645739897,0.12448741499364435,0.007519311463754619,74.0132716540452,0.038307706105833894,0.08617970888781046,0.09369902035156508,-0.12401292419093923,-0.14250289054779963
2021H1->2021H2,2021H2,2022,2022-01-07,FALLBACK(5th trading day),DEMOTION-FROM-LARGE,INE259A01022,COLPAL,"Colgate-Palmolive (India) Ltd.,",85,115,LARGE,MID,,16.0,1479.9,1438.0,-0.028312723832691455,-0.035052231270372936,0.00673950743768148,67.8679144182208,0.038307706105833894,-0.07335993737620683,-0.06662042993852535,-0.08654251820598713,-0.28288845312292576
2021H1->2021H2,2021H2,2022,2022-01-07,FALLBACK(5th trading day),DEMOTION-FROM-LARGE,INE160A01022,PNB,Punjab National Bank,92,116,LARGE,MID,,640.0,38.95,41.9,0.07573812580231043,0.0685095132362592,0.007228612566051229,73.29124375462399,0.038307706105833894,0.030201807130425307,0.037430419696476536,-0.10701128994058173,-0.18726371451010926
2021H1->2021H2,2021H2,2022,2022-01-07,FALLBACK(5th trading day),DEMOTION-FROM-LARGE,INE671A01010,HONAUT,Honeywell Automation India Ltd.,100,137,LARGE,MID,"notional Rs25,000 buys <1 share at Rs43,327.83",,,,,,,,,,,,
2021H1->2021H2,2021H2,2022,2022-01-07,FALLBACK(5th trading day),DEMOTION-FROM-LARGE,INE528G01035,YESBANK,Yes Bank Ltd.,97,153,LARGE,MID,,1788.0,13.95,14.05,0.007168458781362075,0.0002847207571985422,0.006883738024163533,71.5561206895824,0.038307706105833894,-0.03802298534863535,-0.03113924732447182,-0.08224751743211312,-0.07010043594332172
2021H1->2021H2,2021H2,2022,2022-01-07,FALLBACK(5th trading day),PROMOTION-TO-MID,INE09N301011,FLUOROCHEM,Gujarat Fluorochemicals Limited,310,215,SMALL,MID,,9.0,2760.0,3070.0,0.1123188405797102,0.10490418325671858,0.007414657322991625,74.02844807892,0.038307706105833894,0.06659647715088468,0.0740111344738763,0.0169551601092095,0.1860927556740819
2021H1->2021H2,2021H2,2022,2022-01-07,FALLBACK(5th trading day),PROMOTION-TO-MID,INE419U01012,HAPPSTMNDS,Happiest Minds Technologies Limited,295,220,SMALL,MID,,18.0,1319.0,1122.9,-0.14867323730098547,-0.15480624223670691,0.006133004935721442,65.05222279026961,0.038307706105833894,-0.1931139483425408,-0.18698094340681937,,
2021H1->2021H2,2021H2,2022,2022-01-07,FALLBACK(5th trading day),PROMOTION-TO-MID,INE483A01010,CENTRALBK,Central Bank of India,267,224,SMALL,MID,,1157.0,21.55,21.65,0.004640371229698292,-0.0022309018816101256,0.006871273111308418,71.4703051447036,0.038307706105833894,-0.04053860798744402,-0.0336673348761356,-0.13132516918332848,-0.19987355870656176
2021H1->2021H2,2021H2,2022,2022-01-07,FALLBACK(5th trading day),PROMOTION-TO-MID,INE022Q01020,IEX,Indian Energy Exchange Limited,287,232,SMALL,MID,,95.0,261.5,226.5,-0.13384321223709372,-0.14002106106848,0.006177848831386279,67.7101560129,0.038307706105833894,-0.1783287671743139,-0.17215091834292762,-0.11142999235545392,-0.04112173920146711
2021H1->2021H2,2021H2,2022,2022-01-07,FALLBACK(5th trading day),PROMOTION-TO-MID,INE139A01034,NATIONALUM,"National Aluminium Co. Ltd.,",259,242,SMALL,MID,,224.0,111.0,120.0,0.08108108108108114,0.07382398333638518,0.007257097744695962,73.281359280768,0.038307706105833894,0.035516277230551285,0.04277337497524725,-0.018435499596455962,-0.04570120256576038
2021H1->2021H2,2021H2,2022,2022-01-07,FALLBACK(5th trading day),PROMOTION-TO-MID,INE064C01022,TRIDENT,Trident Ltd,328,244,SMALL,MID,no open price on entry and/or exit day,,,,,,,,,,,,
2021H1->2021H2,2021H2,2022,2022-01-07,FALLBACK(5th trading day),PROMOTION-TO-MID,INE811K01011,PRESTIGE,Prestige Estates Projects Limited,253,246,SMALL,MID,,53.0,467.0,458.0,-0.01927194860813708,-0.02602778135336148,0.006755832745224399,70.452043509604,0.038307706105833894,-0.06433548745919537,-0.057579654713970974,-0.08391342686721837,-0.17737950317662243
2021H1->2021H2,2021H2,2022,2022-01-07,FALLBACK(5th trading day),PROMOTION-TO-MID,INE536A01023,GRINDWELL,Grindwell Norton Ltd.,268,248,SMALL,MID,,13.0,1919.0,1824.0,-0.04950495049504955,-0.05610384292193338,0.006598892426883829,70.10381451222001,0.038307706105833894,-0.09441154902776727,-0.08781265660088344,0.001567937115150686,0.16407387364339932
2021H1->2021H2,2021H2,2022,2022-01-07,FALLBACK(5th trading day),PROMOTION-TO-MID,INE067A01029,CGPOWER,CG Power and Industrial Solutions Limited,300,250,SMALL,MID,,123.0,201.5,180.1,-0.10620347394540941,-0.11252168534986973,0.006318211404460317,68.2976979749544,0.038307706105833894,-0.15082939145570362,-0.1445111800512433,,
2021H1->2021H2,2021H2,2022,2022-01-07,FALLBACK(5th trading day),DEMOTION-FROM-MID,INE211B01039,PHOENIXLTD,"The Phoenix Mills Ltd.,",236,252,MID,SMALL,,52.0,477.0,502.25,0.05293501048218019,0.04581777485922656,0.007117235622953633,72.420984216524,0.038307706105833894,0.0075100687533926624,0.014627304376346295,-0.1526556246117765,-0.16253684480763642
2021H1->2021H2,2021H2,2022,2022-01-07,FALLBACK(5th trading day),DEMOTION-FROM-MID,INE901L01018,APLLTD,ALEMBIC PHARMACEUTICALS LIMITED,191,254,MID,SMALL,,30.0,814.65,740.75,-0.09071380347388447,-0.09711889174404253,0.006405088270158066,67.960229088084,0.038307706105833894,-0.13542659784987643,-0.12902150957971836,-0.07569273757870332,-0.09548684396824902
2021H1->2021H2,2021H2,2022,2022-01-07,FALLBACK(5th trading day),DEMOTION-FROM-MID,INE522D01027,MANAPPURAM,Manappuram Finance Limited,233,259,MID,SMALL,,148.0,167.7,156.45,-0.06708407871198574,-0.07359792292647949,0.006513844214493747,69.37594988177999,0.038307706105833894,-0.11190562903231338,-0.10539178481781963,-0.13202481368828256,-0.28463266816321575
2021H1->2021H2,2021H2,2022,2022-01-07,FALLBACK(5th trading day),DEMOTION-FROM-MID,INE935A01035,GLENMARK,Glenmark Pharmaceuticals ltd,217,260,MID,SMALL,,48.0,510.65,490.0,-0.04043865661411916,-0.04709442964269017,0.00665577302857101,69.3872658256224,0.038307706105833894,-0.08540213574852407,-0.07874636271995306,-0.0658183705587625,-0.16613942954961336
2021H1->2021H2,2021H2,2022,2022-01-07,FALLBACK(5th trading day),DEMOTION-FROM-MID,INE302A01020,EXIDEIND,"Exide Industries Ltd.,",206,263,MID,SMALL,,146.0,170.8,168.3,-0.014637002341920335,-0.02141133568209652,0.006774333340176186,70.98085602858,0.038307706105833894,-0.059719041787930416,-0.05294470844775423,-0.06791209874421367,-0.21806468619158403
2021H1->2021H2,2021H2,2022,2022-01-07,FALLBACK(5th trading day),DEMOTION-FROM-MID,INE233B01017,BLUEDART,Blue Dart Express Ltd.,246,264,MID,SMALL,,3.0,6770.0,6479.0,-0.042983751846381146,-0.04976090542069955,0.006777153574318406,60.171277072596006,0.038307706105833894,-0.08806861152653345,-0.08129145795221504,-0.04435450819619491,-0.08501019875839666
2021H1->2021H2,2021H2,2022,2022-01-07,FALLBACK(5th trading day),DEMOTION-FROM-MID,INE342J01019,WABCOINDIA,WABCO India Ltd,249,266,MID,SMALL,,2.0,8500.0,8150.0,-0.04117647058823526,-0.048115115446542234,0.006938644858306975,52.9928765164,0.038307706105833894,-0.08642282155237613,-0.07948417669406915,-0.032565503485170844,0.0316990418306109
2021H1->2021H2,2021H2,2022,2022-01-07,FALLBACK(5th trading day),DEMOTION-FROM-MID,INE438A01022,APOLLOTYRE,Apollo Tyres Ltd,231,268,MID,SMALL,,106.0,234.65,225.45,-0.03920733006605592,-0.045859857370391666,0.0066525273043357425,70.20778168079042,0.038307706105833894,-0.08416756347622556,-0.07751503617188982,-0.0331461906495123,-0.17262470593170665
2021H1->2021H2,2021H2,2022,2022-01-07,FALLBACK(5th trading day),DEMOTION-FROM-MID,INE768C01010,ZYDUSWELL,Zydus Wellness Limited,241,269,MID,SMALL,,67.0,370.05,334.3,-0.09660856640994464,-0.10297475467195294,0.006366188262008299,68.562412013353,0.038307706105833894,-0.14128246077778683,-0.13491627251577853,-0.14304230645019722,-0.36453526779282
2021H1->2021H2,2021H2,2022,2022-01-07,FALLBACK(5th trading day),DEMOTION-FROM-MID,INE457A01014,MAHABANK,Bank of maharashtra,230,270,MID,SMALL,,1188.0,21.0,20.4,-0.028571428571428692,-0.03527546767323886,0.006704039101810166,70.6460722469856,0.038307706105833894,-0.07358317377907275,-0.06687913467726259,-0.0667897709532399,-0.1644730581463114
2021H1->2021H2,2021H2,2022,2022-01-07,FALLBACK(5th trading day),DEMOTION-FROM-MID,INE172A01027,CASTROLIND,Castrol India Ltd,239,275,MID,SMALL,,203.0,122.7,126.0,0.02689486552567244,0.019911137110356858,0.006983728415315582,71.98730855300519,0.038307706105833894,-0.018396568995477036,-0.011412840580161454,-0.11906349068329147,-0.2889464296943426
2021H1->2021H2,2021H2,2022,2022-01-07,FALLBACK(5th trading day),DEMOTION-FROM-MID,INE03QK01018,SUVENPHAR,SUVEN PHARMACEUTICALS LIMITED,244,285,MID,SMALL,,52.0,478.1,563.0,0.17757791257059186,0.16983593256642648,0.007741980004165372,75.75586310611041,0.038307706105833894,0.1315282264605926,0.13927020646475796,-0.17064242795807083,-0.29063672047487543
2021H1->2021H2,2021H2,2022,2022-01-07,FALLBACK(5th trading day),DEMOTION-FROM-MID,INE885A01032,AMARAJABAT,Amara Raja Batteries Ltd,225,296,MID,SMALL,,39.0,633.2,620.0,-0.020846493998736615,-0.02759587785582973,0.006749383857093116,70.2880338430896,0.038307706105833894,-0.06590358396166363,-0.05915420010457051,-0.0925705083380235,-0.3069178408221417
2021H1->2021H2,2021H2,2022,2022-01-07,FALLBACK(5th trading day),DEMOTION-FROM-MID,INE09VQ01012,INDIGOPNTS,Indigo Paints Limited,250,304,MID,SMALL,,12.0,2070.0,1973.9,-0.046425120772946804,-0.05304223171243838,0.006617110939491577,69.9505738084464,0.038307706105833894,-0.09134993781827228,-0.0847328268787807,-0.1005707816544984,-0.33744882903159656
2021H1->2021H2,2021H2,2022,2022-01-07,FALLBACK(5th trading day),DEMOTION-FROM-MID,INE491A01021,CUB,City Union Bank Ltd,245,305,MID,SMALL,,235.0,105.75,105.71249999999999,-0.00035460992907809796,-0.007202894233136803,0.006848284304058705,71.15905216185824,0.038307706105833894,-0.0455106003389707,-0.03866231603491199,-0.13869351882376801,-0.31045896242109605
2021H1->2021H2,2021H2,2022,2022-01-07,FALLBACK(5th trading day),DEMOTION-FROM-MID,INE976G01028,RBLBANK,RBL Bank Limited,237,307,MID,SMALL,,183.0,136.0,147.1,0.08161764705882346,0.07435847014272445,0.007259176916099008,73.35052787805239,0.038307706105833894,0.03605076403689056,0.04330994095298957,-0.39456360462463946,-0.44218345334054854
2021H1->2021H2,2021H2,2022,2022-01-07,FALLBACK(5th trading day),DEMOTION-FROM-MID,INE884A01027,VAIBHAVGBL,Vaibhav Global Ltd,247,314,MID,SMALL,,44.0,556.0,460.95,-0.17095323741007196,-0.17695454284202816,0.006001305431956205,65.9823679595544,0.038307706105833894,-0.21526224894786206,-0.20926094351590585,-0.0948920118495985,-0.39396565454538257
2021H1->2021H2,2021H2,2022,2022-01-07,FALLBACK(5th trading day),DEMOTION-FROM-MID,INE700A01033,JUBLPHARMA,JUBILANT PHARMOVA LIMITED,243,331,MID,SMALL,,44.0,567.0,492.0,-0.13227513227513232,-0.13845815304566422,0.0061830207705319,67.97051018760001,0.038307706105833894,-0.17676585915149812,-0.17058283838096622,-0.10962875400408734,-0.23591143922244473
2021H1->2021H2,2021H2,2022,2022-01-07,FALLBACK(5th trading day),DEMOTION-FROM-MID,INE274G01010,DHANI,Dhani Services Limited,220,336,MID,SMALL,,156.0,159.5,157.0,-0.01567398119122254,-0.022444508755187997,0.006770527563965456,70.83319538028,0.038307706105833894,-0.06075221486102189,-0.053981687297056435,-0.13523249171696294,-0.33873102881895345
2021H2->2022H1,2022H1,2022,2022-07-07,FALLBACK(5th trading day),PROMOTION-TO-LARGE,INE814H01011,ADANIPOWER,ADANI POWER LTD.,130,61,MID,LARGE,,448.0,55.58,69.14,0.24397265203310559,0.2358980902178165,0.008074561815289094,77.55852786535425,0.11425608942333199,0.1216420007944845,0.1297165626097736,-0.07968577611513639,0.2707037927355175
2021H2->2022H1,2022H1,2022,2022-07-07,FALLBACK(5th trading day),PROMOTION-TO-LARGE,INE121A01024,CHOLAFIN,CHOLAMANDALAM INVESTMENT AND F,108,86,MID,LARGE,,38.0,647.5,764.0,0.17992277992277983,0.1721623604764868,0.007760419446293021,75.19901071699599,0.11425608942333199,0.05790627105315482,0.06566669049944784,-0.04361344786935595,-0.07309325738167516
2021H2->2022H1,2022H1,2022,2022-07-07,FALLBACK(5th trading day),PROMOTION-TO-LARGE,INE028A01039,BANKBARODA,BANK OF BARODA,113,89,MID,LARGE,,235.0,105.85,119.1,0.12517713745866788,0.11769877281098129,0.007478364647686586,74.44049592208499,0.11425608942333199,0.0034426833876493035,0.01092104803533589,-0.03729078973451072,-0.10794737363966778
2021H2->2022H1,2022H1,2022,2022-07-07,FALLBACK(5th trading day),PROMOTION-TO-LARGE,INE066F01012,HAL,Hindustan Aeronautics Limited,120,94,MID,LARGE,,28.0,877.25,1005.0,0.14562553434026793,0.13803632304591673,0.007589211294351195,74.22662461719601,0.11425608942333199,0.023780233622584745,0.03136944491693594,-0.0608142201037688,0.12910174502647653
2021H2->2022H1,2022H1,2022,2022-07-07,FALLBACK(5th trading day),PROMOTION-TO-LARGE,INE545U01014,BANDHANBNK,Bandhan Bank Limited,101,97,MID,LARGE,,88.0,282.0,279.95,-0.007269503546099343,-0.014083955410099658,0.006814451864000315,70.90325233194079,0.11425608942333199,-0.12834004483343164,-0.12152559296943133,-0.16393785616374124,-0.07717050935849334
2021H2->2022H1,2022H1,2022,2022-07-07,FALLBACK(5th trading day),DEMOTION-FROM-LARGE,INE008A01015,IDBI,IDBI BANK LTD.,99,105,LARGE,MID,,783.0,31.85,41.4,0.29984301412872827,0.29148874479707443,0.00835426933165384,79.09525016780219,0.11425608942333199,0.17723265537374244,0.18558692470539628,-0.18953657176825434,-0.29416260311370945
2021H2->2022H1,2022H1,2022,2022-07-07,FALLBACK(5th trading day),DEMOTION-FROM-LARGE,INE127D01025,HDFCAMC,HDFC Asset Management Company,82,108,LARGE,MID,,26.0,957.5,996.3,0.04052219321148831,0.033469663799966964,0.007052529411521347,72.30866513922238,0.11425608942333199,-0.08078642562336502,-0.07373389621184367,0.02015930009750977,-0.10033618286533819
2021H2->2022H1,2022H1,2022,2022-07-07,FALLBACK(5th trading day),DEMOTION-FROM-LARGE,INE484J01027,GODREJPROP,GODREJ PROPERTIES LTD,91,111,LARGE,MID,,18.0,1314.3,1399.0,0.06444495168530784,0.05723882391261337,0.007206127772694471,70.09120366408081,0.11425608942333199,-0.05701726551071862,-0.04981113773802415,-0.03207969461545401,-0.166568791008474
2021H2->2022H1,2022H1,2022,2022-07-07,FALLBACK(5th trading day),DEMOTION-FROM-LARGE,INE114A01011,SAIL,STEEL AUTHORITY OF INDIA LTD.,96,129,LARGE,MID,,339.0,73.5,77.35,0.052380952380952195,0.04526939435954902,0.007111558021403175,72.66292571117219,0.11425608942333199,-0.06898669506378297,-0.06187513704237979,-0.08017561808445528,-0.30918438469700527
2021H2->2022H1,2022H1,2022,2022-07-07,FALLBACK(5th trading day),DEMOTION-FROM-LARGE,INE010B01027,ZYDUSLIFE,Zydus Lifesciences Limited,89,131,LARGE,MID,,67.0,368.45,364.5,-0.010720586239652552,-0.01752106930640074,0.006800483066748186,70.5275005483218,0.11425608942333199,-0.13177715872973272,-0.12497667566298454,0.014384996859196697,0.0491816659629688
2021H2->2022H1,2022H1,2022,2022-07-07,FALLBACK(5th trading day),DEMOTION-FROM-LARGE,INE417T01026,POLICYBZR,PB Fintech Limited,93,145,LARGE,MID,,43.0,575.0,552.05,-0.03991304347826097,-0.04656584863725166,0.006652805158990693,69.8669887711562,0.11425608942333199,-0.16082193806058365,-0.15416913290159295,-0.020772122757208966,-0.18246538986091498
2021H2->2022H1,2022H1,2022,2022-07-07,FALLBACK(5th trading day),PROMOTION-TO-MID,INE517B01013,TTML,TATA TELESERVICES (MAHARASHTRA,274,162,SMALL,MID,,200.0,124.2,110.0,-0.11433172302737526,-0.12060766404404077,0.006275941016665509,68.20616360368,0.11425608942333199,-0.23486375346737276,-0.22858781245070725,0.02962483147350814,-0.30558603551173924
2021H2->2022H1,2022H1,2022,2022-07-07,FALLBACK(5th trading day),PROMOTION-TO-MID,INE930H01031,KPRMILL,K.P.R.MILL LIMITED,258,207,SMALL,MID,,48.0,516.8,565.9,0.09500773993808065,0.08767918850223944,0.007328551435841213,73.5057682947264,0.11425608942333199,-0.02657690092109255,-0.019248349485251337,-0.15321209151851745,-0.18450537528128153
2021H2->2022H1,2022H1,2022,2022-07-07,FALLBACK(5th trading day),PROMOTION-TO-MID,INE483C01032,TANLA,TANLA PLATFORMS LIMITED,257,222,SMALL,MID,,24.0,1020.0,780.0,-0.23529411764705888,-0.24097174297334734,0.00567762532628846,64.38624452352,0.11425608942333199,-0.3552278323966793,-0.34955020707039086,-0.25361411593502525,-0.3221062859519662
2021H2->2022H1,2022H1,2022,2022-07-07,FALLBACK(5th trading day),PROMOTION-TO-MID,INE511C01022,POONAWALLA,POONAWALLA FINCORP LIMITED,271,223,SMALL,MID,,99.0,251.0,276.9,0.10318725099601589,0.09581870354986322,0.007368547446152673,73.81483756042681,0.11425608942333199,-0.01843738587346877,-0.011068838427316097,-0.06292295124853031,-0.1819737321597984
2021H2->2022H1,2022H1,2022,2022-07-07,FALLBACK(5th trading day),PROMOTION-TO-MID,INE211B01039,PHOENIXLTD,THE PHOENIX MILLS LTD,252,242,SMALL,MID,,40.0,619.525,640.5,0.03385658367297539,0.026834605187801674,0.007021978485173719,71.879672138772,0.11425608942333199,-0.08742148423553031,-0.08039950575035659,0.05692955815228262,0.146977989905008
2021H2->2022H1,2022H1,2022,2022-07-07,FALLBACK(5th trading day),PROMOTION-TO-MID,INE640A01023,SKFINDIA,SKF INDIA LTD.,251,246,SMALL,MID,,6.0,3810.0,4328.8,0.13616797900262467,0.12857806592046805,0.0075899130821566185,69.9612238842144,0.11425608942333199,0.014321976497136069,0.021911889579292687,0.11306213865135017,0.15161509985680255
2021H2->2022H1,2022H1,2022,2022-07-07,FALLBACK(5th trading day),PROMOTION-TO-MID,INE085A01013,CHAMBLFERT,CHAMBAL FERTILISERS & CHEMICAL,265,248,SMALL,MID,,84.0,293.95,321.4,0.09338322844021096,0.08605986420614986,0.007323364234061103,73.1982990845784,0.11425608942333199,-0.028196225217182125,-0.020872860983121022,-0.16939462898077673,-0.3356252292407427
2021H2->2022H1,2022H1,2022,2022-07-07,FALLBACK(5th trading day),DEMOTION-FROM-MID,INE058A01010,SANOFI,SANOFI INDIA LTD,229,251,MID,SMALL,,3.0,6495.5,6435.0,-0.009314140558848383,-0.016293533989114484,0.006979393430266101,59.055957979038,0.11425608942333199,-0.13054962341244647,-0.12357022998218037,-0.037785084656555834,-0.11865359857319235
2021H2->2022H1,2022H1,2022,2022-07-07,FALLBACK(5th trading day),DEMOTION-FROM-MID,INE031B01049,AJANTPHARM,AJANTA PHARMA LTD.,228,253,MID,SMALL,,21.0,1184.0,1286.55,0.08661317567567561,0.07932828410500048,0.007284891570675134,73.4236071012954,0.11425608942333199,-0.034927805318331506,-0.027642913747656372,0.022194132073976247,0.08475337707820507
2021H2->2022H1,2022H1,2022,2022-07-07,FALLBACK(5th trading day),DEMOTION-FROM-MID,INE852O01025,APTUS,Aptus Value Housing Finance In,245,254,MID,SMALL,,92.0,268.9,290.5,0.08032725920416528,0.07307071278287669,0.00725654642128859,72.9732871081856,0.11425608942333199,-0.041185376640455296,-0.033928830219166706,0.03556146744743183,-0.14010272453564843
2021H2->2022H1,2022H1,2022,2022-07-07,FALLBACK(5th trading day),DEMOTION-FROM-MID,INE150B01039,ALKYLAMINE,ALKYL AMINES CHEMICALS LTD.,225,260,MID,SMALL,,9.0,2637.3,3144.4,0.19227998331627028,0.18443381575158146,0.00784616756468881,73.40834802411722,0.11425608942333199,0.07017772632824948,0.07802389389293829,-0.042347699065743316,-0.17037844640322142
2021H2->2022H1,2022H1,2022,2022-07-07,FALLBACK(5th trading day),DEMOTION-FROM-MID,INE246F01010,GSPL,GUJARAT STATE PETRONET LTD.,235,261,MID,SMALL,,107.0,233.0,240.4,0.03175965665236058,0.02475207329149387,0.007007583360866709,72.1642728913064,0.11425608942333199,-0.08950401613183812,-0.0824964327709714,-0.07119589664839254,-0.14620102107070843
2021H2->2022H1,2022H1,2022,2022-07-07,FALLBACK(5th trading day),DEMOTION-FROM-MID,INE419U01012,HAPPSTMNDS,Happiest Minds Technologies Li,220,262,MID,SMALL,,29.0,835.0,972.0,0.16407185628742504,0.15638066704805542,0.007691189239369622,73.862631726204,0.11425608942333199,0.042124577624723436,0.04981576686409306,-0.09355109929922267,-0.21214726401941741
2021H2->2022H1,2022H1,2022,2022-07-07,FALLBACK(5th trading day),DEMOTION-FROM-MID,INE933S01016,INDIAMART,IndiaMART InterMESH Limited,198,265,MID,SMALL,,12.0,1979.75,2252.0,0.13751736330344744,0.12994692943929387,0.0075704338641535696,72.114498905316,0.11425608942333199,0.015690840015961882,0.02326127388011545,-0.1323823218875373,-0.1770994582167872
2021H2->2022H1,2022H1,2022,2022-07-07,FALLBACK(5th trading day),DEMOTION-FROM-MID,INE201P01022,GRINFRA,G R Infraprojects Limited,241,268,MID,SMALL,,21.0,1148.35,1322.0,0.15121696346932567,0.14358764558106185,0.00762931788826382,73.30363847901421,0.11425608942333199,0.029331556157729866,0.036960874045993686,-0.19906223767501474,-0.23339345455467553
2021H2->2022H1,2022H1,2022,2022-07-07,FALLBACK(5th trading day),DEMOTION-FROM-MID,INE987B01026,NATCOPHARM,NATCO PHARMA LTD.,243,269,MID,SMALL,,39.0,636.7,751.55,0.1803832260091094,0.17262638180236123,0.007756844206748159,75.75595060212422,0.11425608942333199,0.05837029237902924,0.0661271365857774,-0.06856436636154006,-0.18034421474360274
2021H2->2022H1,2022H1,2022,2022-07-07,FALLBACK(5th trading day),DEMOTION-FROM-MID,INE691A01018,UCOBANK,UCO BANK,249,270,MID,SMALL,,2217.0,11.25,12.2,0.08444444444444432,0.07717242922804202,0.0072720152164023055,73.5462958151202,0.11425608942333199,-0.03708366019528997,-0.029811644978887664,-0.026281842563797286,-0.06347045243640392
2021H2->2022H1,2022H1,2022,2022-07-07,FALLBACK(5th trading day),DEMOTION-FROM-MID,INE404A01024,ABSLAMC,Aditya Birla Sun Life AMC Limi,240,271,MID,SMALL,,58.0,426.0,429.0,0.007042253521126751,0.00015309759575266035,0.006889155925374091,71.02969913335201,0.11425608942333199,-0.11410299182757933,-0.10721383590220523,-0.003427429316092745,-0.15282461217939713
2021H2->2022H1,2022H1,2022,2022-07-07,FALLBACK(5th trading day),DEMOTION-FROM-MID,INE118D01016,NUVOCO,Nuvoco Vistas Corporation Limi,226,280,MID,SMALL,,83.0,298.2,342.25,0.14771965124077813,0.14012482472669419,0.007594826514083941,74.7254661457202,0.11425608942333199,0.0258687353033622,0.03346356181744614,0.0489907540556922,-0.17395310703670552
2022H1->2022H2,2022H2,2023,2023-01-06,FALLBACK(5th trading day),PROMOTION-TO-LARGE,INE200M01013,VBL,Varun Beverages Limited,110,74,MID,LARGE,,95.0,262.35,247.01999999999998,-0.058433390508862315,-0.06498803279218412,0.00655464228332181,69.82211426437019,-0.01111760805315909,-0.053870424739025036,-0.047315782455703226,-0.04692659744074512,0.08335695292123724
2022H1->2022H2,2022H2,2023,2023-01-06,FALLBACK(5th trading day),PROMOTION-TO-LARGE,INE117A01022,ABB,ABB India Limited,104,79,MID,LARGE,,8.0,2861.05,2949.95,0.031072508344838212,0.024011468906085076,0.007061039438753136,67.54072688013761,-0.01111760805315909,0.035129076959244165,0.0421901163979973,-0.07305062844849708,-0.2797900234808851
2022H1->2022H2,2022H2,2023,2023-01-06,FALLBACK(5th trading day),PROMOTION-TO-LARGE,INE761H01022,PAGEIND,Page Industries Ltd.,102,90,MID,LARGE,"notional Rs25,000 buys <1 share at Rs42,073.98",,,,,,,,,,,,
2022H1->2022H2,2022H2,2023,2023-01-06,FALLBACK(5th trading day),PROMOTION-TO-LARGE,INE670A01012,TATAELXSI,Tata Elxsi Ltd,101,96,MID,LARGE,,3.0,6270.0,6700.0,0.06858054226475274,0.061180455505951636,0.0074000867588011054,59.07402319692,-0.01111760805315909,0.07229806355911073,0.07969815031791183,-0.09031616169963086,-0.41461709608939656
2022H1->2022H2,2022H2,2023,2023-01-06,FALLBACK(5th trading day),PROMOTION-TO-LARGE,INE323A01026,BOSCHLTD,Bosch Ltd,109,97,MID,LARGE,,1.0,17150.75,17480.0,0.019197411191930414,0.01196366162070106,0.007233749571229353,54.392358919679,-0.01111760805315909,0.02308126967386015,0.030315019245089503,-0.033117073631221405,-0.058851136127346715
2022H1->2022H2,2022H2,2023,2023-01-06,FALLBACK(5th trading day),PROMOTION-TO-LARGE,INE849A01020,TRENT,Trent Ltd [Lakme Ltd],119,99,MID,LARGE,,29.0,835.8666666666666,821.3999999999999,-0.017307385547934317,-0.024086625634398673,0.006779240086464355,69.37594296176239,-0.01111760805315909,-0.012969017581239584,-0.006189777494775228,-0.13764412695936457,-0.2545812952019795
2022H1->2022H2,2022H2,2023,2023-01-06,FALLBACK(5th trading day),PROMOTION-TO-LARGE,INE603J01030,PIIND,PI Industries Limited,118,100,MID,LARGE,,7.0,3304.6,3025.0,-0.0846093324456818,-0.09108185348509346,0.0064725210394116495,65.3230984902544,-0.01111760805315909,-0.07996424543193437,-0.07349172439252272,-0.052517707528704216,-0.0356558763410082
2022H1->2022H2,2022H2,2023,2023-01-06,FALLBACK(5th trading day),DEMOTION-FROM-LARGE,INE414G01012,MUTHOOTFIN,MUTHOOT FINANCE LIMITED,93,117,LARGE,MID,,23.0,1074.15,1000.0,-0.06903132709584325,-0.07553834775254042,0.006507020656697171,69.0803912299634,-0.01111760805315909,-0.06442073969938134,-0.057913719042684164,-0.0498739705209027,-0.10339300038453092
2022H1->2022H2,2022H2,2023,2023-01-06,FALLBACK(5th trading day),DEMOTION-FROM-LARGE,INE982J01020,PAYTM,One 97 Communications Limited,99,118,LARGE,MID,,44.0,566.2,558.9,-0.012892970681738003,-0.019676680401198743,0.00678370971946074,70.9728059059824,-0.01111760805315909,-0.008559072348039654,-0.0017753626285789137,-0.01761287195054906,-0.39933071740137505
2022H1->2022H2,2022H2,2023,2023-01-06,FALLBACK(5th trading day),DEMOTION-FROM-LARGE,INE545U01014,BANDHANBNK,Bandhan Bank Limited,97,119,LARGE,MID,,102.0,243.0,236.25,-0.02777777777777779,-0.03448996932118986,0.006712191543412072,70.311116354202,-0.01111760805315909,-0.023372361268030772,-0.0166601697246187,-0.05245485945870609,-0.2456331082472002
2022H1->2022H2,2022H2,2023,2023-01-06,FALLBACK(5th trading day),DEMOTION-FROM-LARGE,INE356A01018,MPHASIS,Mphasis Limited,87,127,LARGE,MID,,12.0,1990.95,2094.6,0.05206057409779241,0.04492324870355224,0.007137325394240168,70.3209373158024,-0.01111760805315909,0.05604085675671133,0.0631781821509515,-0.05083272313684695,-0.19497148322004
2022H1->2022H2,2022H2,2023,2023-01-06,FALLBACK(5th trading day),DEMOTION-FROM-LARGE,INE068V01023,GLAND,Gland Pharma Limited,92,146,LARGE,MID,,15.0,1575.0,1175.0,-0.25396825396825395,-0.2595755618799228,0.005607307911668857,62.237594712,-0.01111760805315909,-0.24845795382676372,-0.24285064591509486,-0.09532565548309468,-0.40217521573672066
2022H1->2022H2,2022H2,2023,2023-01-06,FALLBACK(5th trading day),PROMOTION-TO-MID,INE325A01013,TIMKEN,Timken India Ltd,257,204,SMALL,MID,,8.0,3100.0,3001.0,-0.031935483870967785,-0.038626424569811246,0.006690940698843462,70.235199989984,-0.01111760805315909,-0.027508816516652157,-0.020817875817808695,-0.13674186693682844,-0.21957966920226524
2022H1->2022H2,2022H2,2023,2023-01-06,FALLBACK(5th trading day),PROMOTION-TO-MID,INE317I01021,METROBRAND,Metro Brands Limited,263,216,SMALL,MID,,28.0,864.95,764.25,-0.11642291461934218,-0.12270477099047172,0.006281856371129546,66.8460422432592,-0.01111760805315909,-0.11158716293731263,-0.10530530656618309,0.01285600270864351,-0.20339726796161417
2022H1->2022H2,2022H2,2023,2023-01-06,FALLBACK(5th trading day),DEMOTION-FROM-LARGE,INE140A01024,PEL,Piramal Enterprises Limited,95,224,LARGE,MID,,30.0,805.0,849.35,0.055093167701863344,0.047947731778859914,0.007145435923003429,70.98540209561399,-0.01111760805315909,0.059065339832019004,0.06621077575502243,-0.08660278791693554,-0.15928560398693647
2022H1->2022H2,2022H2,2023,2023-01-06,FALLBACK(5th trading day),PROMOTION-TO-MID,INE233B01017,BLUEDART,Blue Dart Express Ltd.,256,233,SMALL,MID,,3.0,7675.4,6345.8,-0.17322875680746275,-0.17925920836537568,0.00603045155791293,62.98650043013759,-0.01111760805315909,-0.1681416003122166,-0.16211114875430366,0.013381987143307628,-0.29748706817132653
2022H1->2022H2,2022H2,2023,2023-01-06,FALLBACK(5th trading day),PROMOTION-TO-MID,INE686Y01026,FINEORG,Fine Organic Industries Limited,284,238,SMALL,MID,,4.0,5575.0,4681.0,-0.16035874439461884,-0.16647634043627335,0.006117596041654516,61.799236512352,-0.01111760805315909,-0.15535873238311426,-0.14924113634145975,-0.07972095896645004,-0.3347401435842192
2022H1->2022H2,2022H2,2023,2023-01-06,FALLBACK(5th trading day),PROMOTION-TO-MID,INE691A01018,UCOBANK,UCO Bank,270,239,SMALL,MID,,787.0,31.7,27.85,-0.12145110410094628,-0.12768850848353752,0.006237404382591238,68.2495610780374,-0.01111760805315909,-0.11657090043037843,-0.1103334960477872,0.32788439912282885,1.628713754063571
2022H1->2022H2,2022H2,2023,2023-01-06,FALLBACK(5th trading day),PROMOTION-TO-MID,INE342J01019,ZFCVINDIA,ZF Commercial Vehicle Control Systems India Limited,267,242,SMALL,MID,,16.0,1522.841666666666,1610.8333333333328,0.05778123136023128,0.05062811184070859,0.007153119519522688,71.54434007271092,-0.01111760805315909,0.06174571989386768,0.06889883941339037,-0.033312471872176674,-0.270624128008516
2022H1->2022H2,2022H2,2023,2023-01-06,FALLBACK(5th trading day),PROMOTION-TO-MID,INE438A01022,APOLLOTYRE,Apollo Tyres Ltd,285,246,SMALL,MID,,75.0,330.0,339.85,0.029848484848485013,0.022845839918805178,0.007002644929679835,71.70709293358502,-0.01111760805315909,0.03396344797196427,0.0409660929016441,0.053746329006829185,0.10706067558183108
2022H1->2022H2,2022H2,2023,2023-01-06,FALLBACK(5th trading day),PROMOTION-TO-MID,INE04I401011,KPITTECH,KPIT Technologies Ltd,259,247,SMALL,MID,,34.0,720.25,779.9,0.08281846581048247,0.07554283477626078,0.007275631034221686,72.4592291626988,-0.01111760805315909,0.08666044282941987,0.09393607386364156,-0.05930549298670218,-0.09641744492617521
2022H1->2022H2,2022H2,2023,2023-01-06,FALLBACK(5th trading day),DEMOTION-FROM-MID,INE216P01012,AAVAS,AAVAS Financiers Limited,226,251,MID,SMALL,,14.0,1768.4,1990.0,0.1253110156073285,0.11782895405417704,0.007482061553151453,74.1683628825152,-0.01111760805315909,0.12894656210733613,0.13642862366048758,-0.11372146923561699,-0.30180399570819527
2022H1->2022H2,2022H2,2023,2023-01-06,FALLBACK(5th trading day),DEMOTION-FROM-MID,INE763G01038,ISEC,ICICI Securities Limited,231,254,MID,SMALL,,50.0,498.8,491.6,-0.014434643143544479,-0.021209911356225852,0.0067752682126813735,70.99313960272,-0.01111760805315909,-0.010092303303066763,-0.0033170350903853896,-0.0630061428952906,-0.168255236080452
2022H1->2022H2,2022H2,2023,2023-01-06,FALLBACK(5th trading day),DEMOTION-FROM-MID,INE470Y01017,NIACL,The New India Assurance Company Limited,235,259,MID,SMALL,,193.0,129.0,113.0,-0.12403100775193798,-0.13025675324804376,0.006225745496105772,68.076390387776,-0.01111760805315909,-0.11913914519488467,-0.1129133996987789,0.25907969186743096,0.4151518231342062
2022H1->2022H2,2022H2,2023,2023-01-06,FALLBACK(5th trading day),DEMOTION-FROM-MID,INE233A01035,GODREJIND,Godrej Industries Ltd.,245,263,MID,SMALL,,54.0,453.95,432.4,-0.047472188567022844,-0.054092568825210297,0.006620380258187453,69.21354211779241,-0.01111760805315909,-0.04297496077205121,-0.036354580513863755,-0.11347972578391385,-0.14312036957331875
2022H1->2022H2,2022H2,2023,2023-01-06,FALLBACK(5th trading day),DEMOTION-FROM-MID,INE139A01034,NATIONALUM,"National Aluminium Co. Ltd.,",229,277,MID,SMALL,,302.0,82.6,77.55,-0.06113801452784495,-0.06767850720053192,0.0065404926726869705,69.7998056143452,-0.01111760805315909,-0.056560899147372834,-0.05002040647468586,0.024462291448143825,0.005717376259412932
2022H1->2022H2,2022H2,2023,2023-01-06,FALLBACK(5th trading day),DEMOTION-FROM-MID,INE022Q01020,IEX,Indian Energy Exchange Limited,232,278,MID,SMALL,,177.0,140.8,139.7,-0.007812500000000111,-0.014621509202456084,0.006809009202455973,71.1231865474044,-0.01111760805315909,-0.003503901149296995,0.0033051080531589783,-0.06598332788720362,-0.16199807309707281
2022H1->2022H2,2022H2,2023,2023-01-06,FALLBACK(5th trading day),DEMOTION-FROM-MID,INE085A01013,CHAMBLFERT,Chambal Fertilisers & Chemicals Ltd,248,285,MID,SMALL,,78.0,316.0,295.55,-0.06471518987341773,-0.07124539516275719,0.0065302052893394524,69.06681297158521,-0.01111760805315909,-0.060127787109598096,-0.053597581820258644,-0.0023108051778941707,-0.1676144080757902
2022H1->2022H2,2022H2,2023,2023-01-06,FALLBACK(5th trading day),DEMOTION-FROM-MID,INE483C01032,TANLA,TANLA PLATFORMS LIMITED,222,324,MID,SMALL,,35.0,696.4,621.85,-0.10705054566341177,-0.11337530453587297,0.0063247588724612,67.408992102881,-0.01111760805315909,-0.10225769648271388,-0.09593293761025268,-0.09317091193067362,-0.2565664202379093
2022H2->2023H1,2023H1,2023,2023-07-07,FALLBACK(5th trading day),PROMOTION-TO-LARGE,INE749A01030,JINDALSTEL,Jindal Steel & Power Ltd,106,84,MID,LARGE,,40.0,611.0,657.85,0.07667757774140749,0.06943151084782384,0.007246066893583647,72.192062628952,0.10142905023894544,-0.0319975393911216,-0.024751472497537952,0.04722121320383654,-0.2490124811785941
2022H2->2023H1,2023H1,2023,2023-07-07,FALLBACK(5th trading day),PROMOTION-TO-LARGE,INE160A01022,PNB,Punjab National Bank,109,87,MID,LARGE,,409.0,61.0,60.1,-0.014754098360655665,-0.021527531642673847,0.006773433282018182,71.0047677269812,0.10142905023894544,-0.12295658188161929,-0.1161831485996011,0.03175838335992531,-0.11269922007012245
2022H2->2023H1,2023H1,2023,2023-07-07,FALLBACK(5th trading day),PROMOTION-TO-LARGE,INE008A01015,IDBI,IDBI Bank Ltd,103,88,MID,LARGE,,428.0,58.25,64.3,0.10386266094420593,0.09649282449463925,0.00736983644956668,74.02326730919121,0.10142905023894544,-0.0049362257443061885,0.0024336107052604916,-0.050820904771200714,-0.12104152003277391
2022H2->2023H1,2023H1,2023,2023-07-07,FALLBACK(5th trading day),PROMOTION-TO-LARGE,INE476A01014,CANBK,Canara Bank,104,90,MID,LARGE,,371.0,67.12,65.92,-0.017878426698450522,-0.024637378035544555,0.006758951337094032,70.8194982234704,0.10142905023894544,-0.12606642827449,-0.11930747693739596,-0.06356101058458141,-0.21586892805261693
2022H2->2023H1,2023H1,2023,2023-07-07,FALLBACK(5th trading day),PROMOTION-TO-LARGE,INE494B01023,TVSMOTOR,TVS Motor Company Ltd.,102,91,MID,LARGE,,94.0,265.39000000000004,271.48,0.022947360488337898,0.01598445133361248,0.006962909154725416,71.97224994840809,0.10142905023894544,-0.08544459890533296,-0.07848168975060754,-0.11355003836568267,-0.1572641363214966
2022H2->2023H1,2023H1,2023,2023-07-07,FALLBACK(5th trading day),PROMOTION-TO-LARGE,INE974X01010,TIINDIA,Tube Investments of India Ltd,101,95,MID,LARGE,,7.0,3199.95,3110.9,-0.0278285598212471,-0.034608829864346435,0.0067802700430993346,65.0742272226542,0.10142905023894544,-0.13603788010329187,-0.12925761006019254,0.006063185156435447,-0.10832961461310053
2022H2->2023H1,2023H1,2023,2023-07-07,FALLBACK(5th trading day),DEMOTION-FROM-LARGE,INE663F01024,NAUKRI,Info Edge(India) Ltd.,92,104,LARGE,MID,,28.0,882.0,978.0,0.10884353741496589,0.10144260846104114,0.007400928953924746,73.602888129024,0.10142905023894544,1.355822209569979e-05,0.007414487176020446,-0.039903228676540836,-0.16561015431258297
2022H2->2023H1,2023H1,2023,2023-07-07,FALLBACK(5th trading day),DEMOTION-FROM-LARGE,INE670K01029,LODHA,Macrotech Developers Limited,95,105,LARGE,MID,,35.0,703.0,706.6,0.005120910384068367,-0.0017612860565009436,0.00688219644056931,70.751116307048,0.10142905023894544,-0.10319033629544638,-0.09630813985487707,0.1334462843209434,0.1775200321527748
2022H2->2023H1,2023H1,2023,2023-07-07,FALLBACK(5th trading day),DEMOTION-FROM-LARGE,INE761H01022,PAGEIND,Page Industries Ltd.,90,117,LARGE,MID,"notional Rs25,000 buys <1 share at Rs36,969.74",,,,,,,,,,,,
2022H2->2023H1,2023H1,2023,2023-07-07,FALLBACK(5th trading day),DEMOTION-FROM-LARGE,INE121J01017,INDUSTOWER,INDUS TOWERS LIMITED,89,120,LARGE,MID,,152.0,163.4,174.45,0.06762545899632788,0.06043526346887407,0.007190195527453813,72.8730111728208,0.10142905023894544,-0.04099378677007137,-0.03380359124261756,-0.06397129579787486,-0.18458523100511992
2022H2->2023H1,2023H1,2023,2023-07-07,FALLBACK(5th trading day),DEMOTION-FROM-LARGE,INE670A01012,TATAELXSI,Tata Elxsi Ltd,96,127,LARGE,MID,,3.0,7550.0,7221.7,-0.04348344370860935,-0.050177217087704395,0.006693773379095047,65.2567949705748,0.10142905023894544,-0.15160626732664984,-0.1449124939475548,-0.1393282515785924,-0.1339137977688991
2022H2->2023H1,2023H1,2023,2023-07-07,FALLBACK(5th trading day),DEMOTION-FROM-LARGE,INE121E01018,JSWENERGY,JSW Energy Limited,98,128,LARGE,MID,,80.0,308.55,294.75,-0.04472532814778807,-0.05135502390337654,0.006629695755588472,69.65470485100799,0.10142905023894544,-0.15278407414232198,-0.1461543783867335,0.06456770424833369,-0.1038198730765365
2022H2->2023H1,2023H1,2023,2023-07-07,FALLBACK(5th trading day),DEMOTION-FROM-LARGE,INE388Y01029,NYKAA,FSN E-Commerce Ventures Limited,85,134,LARGE,MID,,175.0,142.0,148.4,0.04507042253521121,0.03799388590329378,0.007076536631917429,72.32363917375999,0.10142905023894544,-0.06343516433565166,-0.05635862770373423,-0.02107929607672987,-0.23379575732090951
2022H2->2023H1,2023H1,2023,2023-07-07,FALLBACK(5th trading day),PROMOTION-TO-MID,INE608A01012,PSB,PUNJAB & SIND BANK,290,220,SMALL,MID,,752.0,33.15,32.75,-0.012066365007541435,-0.018853818095907693,0.006787453088366258,71.02946667036159,0.10142905023894544,-0.12028286833485313,-0.11349541524648687,-0.0636085158780284,-0.07744850874405951
2022H2->2023H1,2023H1,2023,2023-07-07,FALLBACK(5th trading day),PROMOTION-TO-MID,INE120A01034,CARBORUNIV,"Carborundum Universal Ltd.,",256,224,SMALL,MID,,20.0,1202.0,1265.95,0.05320299500831949,0.04606404327501856,0.0071389517333009245,70.687640467892,0.10142905023894544,-0.05536500696392688,-0.04822605523062595,-0.0804595753202102,-0.1289174611748649
2022H2->2023H1,2023H1,2023,2023-07-07,FALLBACK(5th trading day),PROMOTION-TO-MID,INE188A01015,FACT,Fertilizers and Chemicals Travancore Limited,362,233,SMALL,MID,,52.0,471.5,478.25,0.014316012725344551,0.007385326360438871,0.0069306863649056805,70.790421431348,0.10142905023894544,-0.09404372387850657,-0.08711303751360089,0.3266945699199755,0.6503624918373396
2022H2->2023H1,2023H1,2023,2023-07-07,FALLBACK(5th trading day),PROMOTION-TO-MID,INE457A01014,MAHABANK,Bank of maharashtra,272,236,SMALL,MID,,774.0,32.2,34.15,0.060559006211180044,0.05340652207487384,0.007152484136306203,72.88805149559641,0.10142905023894544,-0.0480225281640716,-0.040870044027765395,-0.05063146225680315,-0.12784337636852872
2022H2->2023H1,2023H1,2023,2023-07-07,FALLBACK(5th trading day),PROMOTION-TO-MID,INE415G01027,RVNL,Rail Vikas Nigam Limited,356,238,SMALL,MID,,201.0,123.9,124.0,0.0008071025020177647,-0.006045665887741025,0.00685276838975879,71.3059800191148,0.10142905023894544,-0.10747471612668646,-0.10062194773692767,-0.13199257687034482,0.31115047923823025
2022H2->2023H1,2023H1,2023,2023-07-07,FALLBACK(5th trading day),PROMOTION-TO-MID,INE470Y01017,NIACL,The New India Assurance Company Limited,259,240,SMALL,MID,,209.0,119.35,127.15,0.0653540008378719,0.058177972128067745,0.007176028709804161,73.06053641474959,0.10142905023894544,-0.043251078110877694,-0.03607504940107353,-0.11590723586591001,-0.19269819634529983
2022H2->2023H1,2023H1,2023,2023-07-07,FALLBACK(5th trading day),PROMOTION-TO-MID,INE220G01021,JSL,Jindal Stainless Limited,384,242,SMALL,MID,,68.0,365.95,396.9,0.08457439540920886,0.07730027619963531,0.0072741192095735485,73.41877397632081,0.10142905023894544,-0.02412877403931013,-0.01685465482973658,0.09007444473942638,-0.03625095445352611
2022H2->2023H1,2023H1,2023,2023-07-07,FALLBACK(5th trading day),PROMOTION-TO-MID,INE171Z01018,BDL,Bharat Dynamics Limited,255,244,SMALL,MID,,45.0,551.0,577.475,0.04804900181488203,0.04095608136325679,0.00709292045162524,72.2752005232485,0.10142905023894544,-0.06047296887568865,-0.05338004842406341,-0.1291971025419334,-0.20397665308805113
2022H2->2023H1,2023H1,2023,2023-07-07,FALLBACK(5th trading day),PROMOTION-TO-MID,INE530B01024,IIFL,IIFL FINANCE LIMITED,264,247,SMALL,MID,,48.0,510.0,597.8,0.172156862745098,0.16443216077352263,0.007724701971575376,74.70130567269119,0.10142905023894544,0.06300311053457719,0.07072781250615257,-0.013021813433725438,-0.2632903536336877
2022H2->2023H1,2023H1,2023,2023-07-07,FALLBACK(5th trading day),DEMOTION-FROM-MID,INE548C01032,EMAMILTD,Emami Ltd,227,251,MID,SMALL,,59.0,422.0,452.45,0.07215639810426544,0.06494501206228165,0.007211386041983792,73.1299878526594,0.10142905023894544,-0.03648403817666379,-0.02927265213468,-0.012913276174131072,-0.15816683527377529
2022H2->2023H1,2023H1,2023,2023-07-07,FALLBACK(5th trading day),DEMOTION-FROM-MID,INE600L01024,LALPATHLAB,Dr. Lal Pathlabs Limited,229,253,MID,SMALL,,21.0,1183.7,1172.475,-0.009482977105685686,-0.016285233535122234,0.006802256429436548,70.9387265452977,0.10142905023894544,-0.11771428377406767,-0.11091202734463113,0.05866863736837402,-0.09617263098257967
2022H2->2023H1,2023H1,2023,2023-07-07,FALLBACK(5th trading day),DEMOTION-FROM-MID,INE064C01022,TRIDENT,Trident Ltd,237,256,MID,SMALL,,738.0,33.8,32.1,-0.050295857988165604,-0.05689084323725491,0.006594985249089302,70.0777659474792,0.10142905023894544,-0.15831989347620035,-0.15172490822711104,-0.08824851879077378,-0.2145675694014466
2022H2->2023H1,2023H1,2023,2023-07-07,FALLBACK(5th trading day),DEMOTION-FROM-MID,INE233B01017,BLUEDART,Blue Dart Express Ltd.,233,270,MID,SMALL,,3.0,7305.9,6330.0,-0.13357697203629937,-0.13984155771585605,0.006264585679556678,61.6199201679204,0.10142905023894544,-0.24127060795480149,-0.2350060222752448,0.06654222222231132,-0.202545204047472
2022H2->2023H1,2023H1,2023,2023-07-07,FALLBACK(5th trading day),DEMOTION-FROM-MID,INE322A01010,GILLETTE,Gillette India Ltd.,248,271,MID,SMALL,,4.0,5079.95,5692.6,0.12060158072421978,0.11300293473160927,0.007598645992610509,63.63017277432881,0.10142905023894544,0.011573884492663833,0.01917253048527434,0.03724871617160774,-0.17978426306803597
2022H2->2023H1,2023H1,2023,2023-07-07,FALLBACK(5th trading day),DEMOTION-FROM-MID,INE227W01023,CLEAN,Clean Science and Technology Limited,244,272,MID,SMALL,,18.0,1360.0,1318.65,-0.030404411764705763,-0.03711142455588101,0.006707012791175249,69.57324847422359,0.10142905023894544,-0.13854047479482645,-0.1318334620036512,-0.11723369631990399,-0.36676154359247193
2022H2->2023H1,2023H1,2023,2023-07-07,FALLBACK(5th trading day),DEMOTION-FROM-MID,INE298J01013,NAM-INDIA,NIPPON LIFE INDIA ASSET MANAGEMENT LIMITED,245,277,MID,SMALL,,87.0,286.5,312.05,0.08917975567190228,0.08188354697436795,0.007296208697534334,73.63197319017179,0.10142905023894544,-0.01954550326457749,-0.012249294567043156,0.030202948898208293,-0.01407063553942045
2022H2->2023H1,2023H1,2023,2023-07-07,FALLBACK(5th trading day),DEMOTION-FROM-MID,INE686Y01026,FINEORG,Fine Organic Industries Limited,238,278,MID,SMALL,,5.0,4823.7,4601.7,-0.04602276260961502,-0.05266104123505466,0.006638278625439642,68.39153367371999,0.10142905023894544,-0.1540900914740001,-0.14745181284856046,-0.12514801356976157,-0.2371742598473221
2022H2->2023H1,2023H1,2023,2023-07-07,FALLBACK(5th trading day),DEMOTION-FROM-MID,INE517B01013,TTML,Tata Teleservices (Maharashtra) Ltd.,225,289,MID,SMALL,,339.0,73.45,80.3,0.09326072157930554,0.08594334494188893,0.007317376637416606,73.6769842230882,0.10142905023894544,-0.015485705297056507,-0.0081683286596399,-0.01663224279415121,-0.1383553005509257
2022H2->2023H1,2023H1,2023,2023-07-07,FALLBACK(5th trading day),DEMOTION-FROM-MID,INE0DK501011,PPLPHARMA,PIRAMAL PHARMA LIMITED,250,342,MID,SMALL,,270.0,92.2,104.05,0.128524945770065,0.12103025560653302,0.007494690163531992,74.57196256482601,0.10142905023894544,0.019601205367587582,0.027095895531119574,-0.025226030125482746,-0.0036000277835428474
2023H1->2023H2,2023H2,2024,2024-01-05,FALLBACK(5th trading day),PROMOTION-TO-LARGE,INE134E01011,PFC,POWER FINANCE CORPORATION LTD,118,70,MID,LARGE,,61.0,405.8,451.0,0.11138491867915223,0.10397272472562702,0.007412193953525215,73.8029266201456,0.10539906040957203,-0.0014263356839450125,0.005985858269580202,-0.03540995529750446,0.3722099981725111
2023H1->2023H2,2023H2,2024,2024-01-05,FALLBACK(5th trading day),PROMOTION-TO-LARGE,INE053F01010,IRFC,INDIAN RAILWAY FINANCE CORPORATION,129,71,MID,LARGE,,246.0,101.35,164.5,0.6230883078441047,0.6131098551853649,0.009978452658739867,87.4133470920252,0.10539906040957203,0.5077107947757928,0.5176892474345327,0.2510286411937237,0.09773573037408623
2023H1->2023H2,2023H2,2024,2024-01-05,FALLBACK(5th trading day),PROMOTION-TO-LARGE,INE670K01029,LODHA,MACROTECH DEVELOPERS LIMITED,105,81,MID,LARGE,,22.0,1091.05,1120.0,0.026534072682278476,0.019528091771266576,0.0070059809110119,69.94159092592119,0.10539906040957203,-0.08587096863830546,-0.07886498772729356,0.12936346929536802,0.12987624587906565
2023H1->2023H2,2023H2,2024,2024-01-05,FALLBACK(5th trading day),PROMOTION-TO-LARGE,INE455K01017,POLYCAB,POLYCAB INDIA LIMITED,111,83,MID,LARGE,,4.0,5400.0,4415.0,-0.18240740740740746,-0.1884373326597213,0.006029925252313828,59.866878220880004,0.10539906040957203,-0.2938363930692933,-0.2878064678169795,-0.08898011427844632,-0.2611818585349297
2023H1->2023H2,2023H2,2024,2024-01-05,FALLBACK(5th trading day),PROMOTION-TO-LARGE,INE020B01018,RECLTD,REC LIMITED,156,88,MID,LARGE,,57.0,435.5,499.2,0.14626865671641798,0.13868300652147347,0.007585650194944504,74.8613923894332,0.10539906040957203,0.03328394611190144,0.040869596306845946,-0.012141264137616403,0.2533339032999591
2023H1->2023H2,2023H2,2024,2024-01-05,FALLBACK(5th trading day),PROMOTION-TO-LARGE,INE721A01013,SHRIRAMFIN,SHRIRAM FINANCE LIMITED,106,90,MID,LARGE,,57.0,436.8,479.59,0.0979624542124542,0.09062140556768883,0.007341048644765369,73.79352172337843,0.10539906040957203,-0.014777654841883203,-0.007436606197117834,-0.06364082353532519,-0.13549087952102967
2023H1->2023H2,2023H2,2024,2024-01-05,FALLBACK(5th trading day),PROMOTION-TO-LARGE,INE692A01016,UNIONBANK,UNION BANK OF INDIA,102,91,MID,LARGE,,199.0,125.15,147.0,0.17459049141030758,0.16686464131999612,0.007725850090311459,75.7839598969362,0.10539906040957203,0.06146558091042409,0.06919143100073555,-0.05045696776700215,-0.09239704789794967
2023H1->2023H2,2023H2,2024,2024-01-05,FALLBACK(5th trading day),PROMOTION-TO-LARGE,INE565A01014,IOB,INDIAN OVERSEAS BANK,107,93,MID,LARGE,,566.0,44.05,68.05,0.5448354143019296,0.5352501175384285,0.009585296763501061,85.396261485632,0.10539906040957203,0.4298510571288565,0.4394363538923576,-0.07810724730801821,-0.3200122240497111
2023H1->2023H2,2023H2,2024,2024-01-05,FALLBACK(5th trading day),DEMOTION-FROM-LARGE,INE158A01026,HEROMOTOCO,HERO MOTOCORP LIMITED,94,101,LARGE,MID,,6.0,4014.9,4790.0,0.1930558668958131,0.1852156357737451,0.007840231122067998,74.28419651912881,0.10539906040957203,0.07981657536417308,0.08765680648624108,-0.06068564452056191,0.00521306181011183
2023H1->2023H2,2023H2,2024,2024-01-05,FALLBACK(5th trading day),DEMOTION-FROM-LARGE,INE775A01035,MOTHERSON,SAMVARDHANA MOTHERSON INTERNATIONAL LIMITED,96,102,LARGE,MID,,354.0,70.36666666666666,79.76666666666667,0.13358597820937956,0.1260662659652103,0.007519712244169252,74.73955711592481,0.10539906040957203,0.02066720555563828,0.02818691779980753,0.0012697759454967095,-0.16442992402539813
2023H1->2023H2,2023H2,2024,2024-01-05,FALLBACK(5th trading day),DEMOTION-FROM-LARGE,INE974X01010,TIINDIA,TUBE INVESTMENTS OF INDIA LTD,95,106,LARGE,MID,,6.0,3751.05,3600.0,-0.04026872475706811,-0.04698313081683092,0.006714406059762812,65.01866997704761,0.10539906040957203,-0.15238219122640295,-0.14566778516664014,-0.04562743746008602,-0.0989067626561142
2023H1->2023H2,2023H2,2024,2024-01-05,FALLBACK(5th trading day),DEMOTION-FROM-LARGE,INE323A01026,BOSCHLTD,BOSCH LTD,92,108,LARGE,MID,,1.0,22800.0,24890.0,0.09166666666666656,0.08429850270882278,0.007368163957843787,68.77012651532,0.10539906040957203,-0.021100557700749256,-0.013732393742905469,-0.07508967088725438,-0.13889850877193344
2023H1->2023H2,2023H2,2024,2024-01-05,FALLBACK(5th trading day),DEMOTION-FROM-LARGE,INE335Y01020,IRCTC,INDIAN RAILWAY CATERING & TOURISM CORPORATION LTD,98,114,LARGE,MID,,27.0,914.2,969.0,0.05994311966746868,0.05278754294863508,0.007155576718833601,72.3252103064208,0.10539906040957203,-0.05261151746093695,-0.04545594074210335,0.1101402758846246,-0.0291220814388351
2023H1->2023H2,2023H2,2024,2024-01-05,FALLBACK(5th trading day),DEMOTION-FROM-LARGE,INE603J01030,PIIND,PI INDUSTRIES LIMITED,99,115,LARGE,MID,,7.0,3473.0,3335.0,-0.039735099337748325,-0.04639974838462735,0.006664649046879023,68.968331544632,0.10539906040957203,-0.15179880879419938,-0.14513415974732036,-0.21867258511619825,-0.2891218132026565
2023H1->2023H2,2023H2,2024,2024-01-05,FALLBACK(5th trading day),DEMOTION-FROM-LARGE,INE699H01024,AWL,ADANI WILMAR LIMITED,85,143,LARGE,MID,,66.0,378.0,344.9,-0.08756613756613763,-0.09397378103561371,0.0064076434694760875,69.12400505503919,0.10539906040957203,-0.19937284144518574,-0.19296519797570966,-0.1449881092250368,-0.18484284537550955
2023H1->2023H2,2023H2,2024,2024-01-05,FALLBACK(5th trading day),DEMOTION-FROM-LARGE,INE628A01036,UPL,UPL LIMITED,93,147,LARGE,MID,,42.0,581.0,484.0,-0.16695352839931155,-0.17297657994188853,0.006023051542576985,65.956452749448,0.10539906040957203,-0.27837564035146056,-0.2723525888088836,-0.11621715005206756,-0.33400731468069333
2023H1->2023H2,2023H2,2024,2024-01-05,FALLBACK(5th trading day),PROMOTION-TO-MID,INE249Z01012,MAZDOCK,MAZAGON DOCK SHIPBUILDERS LIMITED,260,164,SMALL,MID,,21.0,1135.525,1081.725,-0.04737896567666955,-0.054017962562349586,0.006638996885680037,67.76541308226962,0.10539906040957203,-0.15941702297192162,-0.15277802608624158,-0.03859321038726815,-0.2351239646855312
2023H1->2023H2,2023H2,2024,2024-01-05,FALLBACK(5th trading day),PROMOTION-TO-MID,INE040H01021,SUZLON,SUZLON ENERGY LTD.,333,168,SMALL,MID,no open price on entry and/or exit day,,,,,,,,,,,,
2023H1->2023H2,2023H2,2024,2024-01-05,FALLBACK(5th trading day),PROMOTION-TO-MID,INE281B01032,LLOYDSME,LLOYDS METALS AND ENERGY LIMITED,279,211,SMALL,MID,,42.0,590.5,574.4,-0.027265029635901827,-0.0339794093407817,0.006714379704879869,70.3571777228424,0.10539906040957203,-0.13937846975035373,-0.13266409004547386,-0.10493201085799075,-0.2334957075331947
2023H1->2023H2,2023H2,2024,2024-01-05,FALLBACK(5th trading day),PROMOTION-TO-MID,INE002L01015,SJVN,SJVN LIMITED,288,214,SMALL,MID,,258.0,96.5,148.4,0.5378238341968913,0.5282728602568163,0.00955097394007498,85.1173793824296,0.10539906040957203,0.42287379984724427,0.43242477378731925,0.008056796342374994,0.02541813588769104
2023H1->2023H2,2023H2,2024,2024-01-05,FALLBACK(5th trading day),PROMOTION-TO-MID,INE303R01014,KALYANKJIL,KALYAN JEWELLERS INDIA LIMITED,312,217,SMALL,MID,,69.0,360.05,331.7,-0.0787390640188863,-0.08519373742372671,0.006454673404840405,69.12786871147979,0.10539906040957203,-0.19059279783329874,-0.18413812442845834,0.016315368650664075,0.13272182194964088
2023H1->2023H2,2023H2,2024,2024-01-05,FALLBACK(5th trading day),PROMOTION-TO-MID,INE878B01027,KEI,KEI INDUSTRIES LTD.,257,237,SMALL,MID,,7.0,3404.95,3269.5,-0.039780319828484956,-0.04645781129265214,0.0066774914641671845,67.92798327026381,0.10539906040957203,-0.15185687170222417,-0.145179380238057,0.05990978433310712,-0.030111130684105536
2023H1->2023H2,2023H2,2024,2024-01-05,FALLBACK(5th trading day),PROMOTION-TO-MID,INE741K01010,CREDITACC,CREDITACCESS GRAMEEN LTD.,261,239,SMALL,MID,,14.0,1735.9,1619.1,-0.0672849818537935,-0.07381144342184398,0.006526461568050479,68.2576048735104,0.10539906040957203,-0.179210503831416,-0.17268404226336553,-0.1919631727455311,-0.06758328348123577
2023H1->2023H2,2023H2,2024,2024-01-05,FALLBACK(5th trading day),PROMOTION-TO-MID,INE302A01020,EXIDEIND,"EXIDE INDUSTRIES LTD.,",258,245,SMALL,MID,,75.0,331.25,349.3,0.054490566037735944,0.047366540664960155,0.0071240253727757885,72.551480365605,0.10539906040957203,-0.05803251974461188,-0.05090849437183609,0.007567779577908551,-0.03408340460526671
2023H1->2023H2,2023H2,2024,2024-01-05,FALLBACK(5th trading day),PROMOTION-TO-MID,INE298J01013,NAM-INDIA,NIPPON LIFE INDIA ASSET MANAGEMENT LIMITED,277,246,SMALL,MID,,51.0,484.05,506.95,0.047309162276624184,0.040217142075675616,0.007092020200948568,72.0098663143092,0.10539906040957203,-0.06518191833389642,-0.05808989813294785,-0.058409792261304494,0.11935714531965824
2023H1->2023H2,2023H2,2024,2024-01-05,FALLBACK(5th trading day),PROMOTION-TO-MID,INE031B01049,AJANTPHARM,AJANTA PHARMA LTD.,259,247,SMALL,MID,,11.0,2245.0,2267.15,0.009866369710467726,0.0029626864047984647,0.0069036833056692615,71.07283215197019,0.10539906040957203,-0.10243637400477357,-0.0955326906991043,0.07857038859931298,0.014565561391342241
2023H1->2023H2,2023H2,2024,2024-01-05,FALLBACK(5th trading day),PROMOTION-TO-MID,INE410P01011,NH,NARAYANA HRUDAYALAYA LIMITED,255,249,SMALL,MID,,19.0,1251.85,1374.95,0.09833446499181231,0.09096168214309075,0.00737278284872156,71.21727146621718,0.10539906040957203,-0.014437378266481282,-0.0070645954177597226,-0.11431922726616528,-0.20380852034600738
2023H1->2023H2,2023H2,2024,2024-01-05,FALLBACK(5th trading day),PROMOTION-TO-MID,INE935A01035,GLENMARK,GLENMARK PHARMACEUTICALS LTD,280,250,SMALL,MID,,27.0,893.0,887.15,-0.006550951847704378,-0.013387746050725347,0.006836794203020968,69.3594289190934,0.10539906040957203,-0.11878680646029738,-0.11195001225727641,0.003355386911773728,-0.1663272732761527
2023H1->2023H2,2023H2,2024,2024-01-05,FALLBACK(5th trading day),DEMOTION-FROM-MID,INE120A01034,CARBORUNIV,"CARBORUNDUM UNIVERSAL LTD.,",224,252,MID,SMALL,,21.0,1169.0,1130.0,-0.03336184773310524,-0.040052176680172025,0.0066903289470667815,69.649367092188,0.10539906040957203,-0.14545123708974406,-0.13876090814267728,-0.16535167200538137,-0.340760912652477
2023H1->2023H2,2023H2,2024,2024-01-05,FALLBACK(5th trading day),DEMOTION-FROM-MID,INE217B01036,KAJARIACER,KAJARIA CERAMICS LTD,245,254,MID,SMALL,,18.0,1348.0,1310.0,-0.028189910979228516,-0.03491383098874623,0.006723920009517714,69.155493501168,0.10539906040957203,-0.14031289139831826,-0.13358897138880055,-0.16095149572653467,-0.3017363619807456
2023H1->2023H2,2023H2,2024,2024-01-05,FALLBACK(5th trading day),DEMOTION-FROM-MID,INE176A01028,BATAINDIA,BATA INDIA LIMITED,230,256,MID,SMALL,,15.0,1626.0,1458.0,-0.10332103321033215,-0.10966410165888141,0.0063430684485492606,67.53685433904,0.10539906040957203,-0.21506316206845344,-0.20872009361990418,-0.1302486469143953,-0.2999427796052667
2023H1->2023H2,2023H2,2024,2024-01-05,FALLBACK(5th trading day),DEMOTION-FROM-MID,INE171Z01018,BDL,BHARAT DYNAMICS LIMITED,244,257,MID,SMALL,,28.0,871.825,882.5,0.012244429788088151,0.005321311698910591,0.00692311808917756,70.4989298426972,0.10539906040957203,-0.10007774871066144,-0.09315463062148388,0.2102996876495693,0.39641033064676656
2023H1->2023H2,2023H2,2024,2024-01-05,FALLBACK(5th trading day),DEMOTION-FROM-MID,INE647O01011,ABFRL,ADITYA BIRLA FASHION AND RETAIL LIMITED,213,260,MID,SMALL,,104.0,239.75,256.5,0.06986444212721588,0.06266549303540137,0.0071989490918145105,73.15359384861601,0.10539906040957203,-0.04273356737417067,-0.035534618282356156,-0.07448423284942174,-0.15501015878742286
2023H1->2023H2,2023H2,2024,2024-01-05,FALLBACK(5th trading day),DEMOTION-FROM-MID,INE947Q01028,LAURUSLABS,LAURUS LABS LIMITED,246,261,MID,SMALL,,58.0,428.0,400.8,-0.06355140186915886,-0.07008288108807659,0.006531479218917724,69.4761150106752,0.10539906040957203,-0.17548194149764862,-0.1689504622787309,0.03361036984931132,-0.2076727758010568
2023H1->2023H2,2023H2,2024,2024-01-05,FALLBACK(5th trading day),DEMOTION-FROM-MID,INE258G01013,SUMICHEM,SUMITOMO CHEMICAL INDIA LIMITED,212,262,MID,SMALL,,59.0,421.0,398.9,-0.05249406175771976,-0.059080707465328675,0.006586645707608918,69.79250411676281,0.10539906040957203,-0.1644797678749007,-0.1578931221672918,-0.11337715590772557,-0.3476608028610807
2023H1->2023H2,2023H2,2024,2024-01-05,FALLBACK(5th trading day),DEMOTION-FROM-MID,INE048G01026,NAVINFLUOR,NAVIN FLUORINE INTERNATIONAL LIMITED,214,264,MID,SMALL,,6.0,3825.05,3220.05,-0.15816786708670472,-0.16427626952629537,0.006108402439590654,63.18884784636,0.10539906040957203,-0.2696753299358674,-0.26356692749627675,-0.10685520670693816,-0.2818881416693553
2023H1->2023H2,2023H2,2024,2024-01-05,FALLBACK(5th trading day),DEMOTION-FROM-MID,INE100A01010,ATUL,"ATUL LIMITED.,",216,265,MID,SMALL,,3.0,7050.0,6435.0,-0.08723404255319145,-0.09375778898486442,0.006523746431672972,61.03319150394001,0.10539906040957203,-0.19915684939443645,-0.19263310296276348,-0.056297747135543696,-0.28014647140760895
2023H1->2023H2,2023H2,2024,2024-01-05,FALLBACK(5th trading day),DEMOTION-FROM-MID,INE716A01013,WHIRLPOOL,WHIRLPOOL OF INDIA LTD,250,270,MID,SMALL,,18.0,1371.0,1367.1,-0.002844638949671796,-0.009684904292918906,0.0068402653432471094,70.7104762769304,0.10539906040957203,-0.11508396470249094,-0.10824369935924383,-0.09534379828486084,-0.46922091613663197
2023H1->2023H2,2023H2,2024,2024-01-05,FALLBACK(5th trading day),DEMOTION-FROM-MID,INE299U01018,CROMPTON,CROMPTON GREAVES CONSUMER ELECTRICALS LIMITED,237,278,MID,SMALL,,78.0,318.65,292.45,-0.08222187352895027,-0.08865875927753197,0.0064368857485817,69.06243794370721,0.10539906040957203,-0.194057819687104,-0.1876209339385223,-0.032575226799754775,-0.23901259565877853
2023H1->2023H2,2023H2,2024,2024-01-05,FALLBACK(5th trading day),DEMOTION-FROM-MID,INE410B01037,VINATIORGA,"VINATI ORGANICS LTD.,",232,283,MID,SMALL,,14.0,1752.05,1690.05,-0.03538711794754712,-0.04206780768788698,0.006680689740339862,69.553571702736,0.10539906040957203,-0.14746686809745901,-0.14078617835711915,-0.08451057449255073,-0.3678505844866007
2023H1->2023H2,2023H2,2024,2024-01-05,FALLBACK(5th trading day),DEMOTION-FROM-MID,INE769A01020,AARTIIND,AARTI INDUSTRIES LTD,231,286,MID,SMALL,,39.0,629.0,664.0,0.055643879173290944,0.04850590088401652,0.007137978289274427,71.86794890502,0.10539906040957203,-0.056893159525555514,-0.04975518123628109,0.012155356286540409,0.04131371727623012
2023H1->2023H2,2023H2,2024,2024-01-05,FALLBACK(5th trading day),DEMOTION-FROM-MID,INE182A01018,PFIZER,"PFIZER LTD.,",248,288,MID,SMALL,,5.0,4411.0,4790.25,0.08597823622761269,0.07861509766567987,0.007363138561932825,66.91380902539501,0.10539906040957203,-0.026783962743892165,-0.01942082418195934,-0.024218272386523187,-0.20352209687434297
2023H1->2023H2,2023H2,2024,2024-01-05,FALLBACK(5th trading day),DEMOTION-FROM-MID,INE343B01030,RAJESHEXPO,RAJESH EXPORTS LTD.,227,336,MID,SMALL,,66.0,375.4,353.0,-0.059669685668620076,-0.0662218974349873,0.006552211766367222,69.4729000474368,0.10539906040957203,-0.17162095784455933,-0.1650687460781921,-0.03803132731922898,-0.5517371344439764
2023H2->2024H1,2024H1,2024,2024-07-05,FALLBACK(5th trading day),PROMOTION-TO-LARGE,INE158A01026,HEROMOTOCO,Hero MotoCorp Limited,101,85,MID,LARGE,,4.0,5565.65,5200.25,-0.0656527090276966,-0.07224731584191058,0.006594606814213977,63.9027198494432,0.012522846437142299,-0.08477016227905287,-0.0781755554648389,-0.2099628382648523,-0.01937346921343419
2023H2->2024H1,2024H1,2024,2024-07-05,FALLBACK(5th trading day),PROMOTION-TO-LARGE,INE010B01027,ZYDUSLIFE,Zydus Lifesciences Limited,104,87,MID,LARGE,,21.0,1164.9,1237.0,0.061893724783243176,0.054722542464061164,0.007171182319182012,71.87077178782681,0.012522846437142299,0.042199696026918865,0.04937087834610088,-0.10959989363538902,-0.09862164155542841
2023H2->2024H1,2024H1,2024,2024-07-05,FALLBACK(5th trading day),PROMOTION-TO-LARGE,INE121E01018,JSWENERGY,JSW Energy Limited,105,88,MID,LARGE,,33.0,742.8,689.95,-0.07114970382337094,-0.0776511495631721,0.006501445739801159,68.6113706294106,0.012522846437142299,-0.0901739960003144,-0.08367255026051323,-0.010052565162447014,-0.01473430140472809
2023H2->2024H1,2024H1,2024,2024-07-05,FALLBACK(5th trading day),PROMOTION-TO-LARGE,INE848E01016,NHPC,NHPC Limited,117,90,MID,LARGE,,238.0,104.5,99.0,-0.052631578947368474,-0.059216710240717174,0.0065851312933487005,69.85835799766801,0.012522846437142299,-0.07173955667785947,-0.06515442538451077,-0.1562629087891676,-0.17151708570360502
2023H2->2024H1,2024H1,2024,2024-07-05,FALLBACK(5th trading day),PROMOTION-TO-LARGE,INE257A01026,BHEL,Bharat Heavy Electricals Ltd.,148,96,MID,LARGE,,78.0,317.3,292.0,-0.07973526630948635,-0.0861873665026277,0.006452100193141352,68.9009797371768,0.012522846437142299,-0.09871021293977,-0.09225811274662865,-0.0416872885603814,-0.02455046437892161
2023H2->2024H1,2024H1,2024,2024-07-05,FALLBACK(5th trading day),PROMOTION-TO-LARGE,INE775A01035,MOTHERSON,Samvardhana Motherson International Limited,102,98,MID,LARGE,,181.0,137.20666666666665,121.69333333333333,-0.11306544871483404,-0.11934789577660998,0.006282447061775942,68.22691355100349,0.012522846437142299,-0.13187074221375228,-0.12558829515197634,0.15861141055969297,0.4804142106581044
2023H2->2024H1,2024H1,2024,2024-07-05,FALLBACK(5th trading day),PROMOTION-TO-LARGE,INE323A01026,BOSCHLTD,Bosch Ltd,108,100,MID,LARGE,"notional Rs25,000 buys <1 share at Rs35,242.44",,,,,,,,,,,,
2023H2->2024H1,2024H1,2024,2024-07-05,FALLBACK(5th trading day),DEMOTION-FROM-LARGE,INE455K01017,POLYCAB,Polycab India Limited,83,102,LARGE,MID,,3.0,6639.0,6521.3,-0.01772857358035851,-0.024648057500814224,0.006919483920455716,59.8353919662012,0.012522846437142299,-0.03717090393795652,-0.030251420017500807,-0.2254630831380834,0.017329370275608325
2023H2->2024H1,2024H1,2024,2024-07-05,FALLBACK(5th trading day),DEMOTION-FROM-LARGE,INE726G01019,ICICIPRULI,ICICI Prudential Life Insurance Company Limited,79,104,LARGE,MID,,38.0,641.6,718.0,0.11907730673316697,0.11161663963129986,0.007460667101867102,73.12482654215361,0.012522846437142299,0.09909379319415756,0.10655446029602467,-0.0669442471911128,-0.22008247161384564
2023H2->2024H1,2024H1,2024,2024-07-05,FALLBACK(5th trading day),DEMOTION-FROM-LARGE,INE765G01017,ICICIGI,ICICI Lombard General Insurance Company Limited,98,105,LARGE,MID,,13.0,1865.05,1950.0,0.04554837671912293,0.03845349189191016,0.007094884827212766,70.9641344995338,0.012522846437142299,0.025930645454767864,0.03302553028198063,-0.07212930083744151,-0.1506788790759246
2023H2->2024H1,2024H1,2024,2024-07-05,FALLBACK(5th trading day),DEMOTION-FROM-LARGE,INE647A01010,SRF,SRF Ltd.,95,117,LARGE,MID,,10.0,2401.0,2497.15,0.04004581424406495,0.03297213926348053,0.007073674980584421,70.29261415640201,0.012522846437142299,0.020449292826338228,0.02752296780692265,-0.15367962281711223,-0.3371389105359561
2023H2->2024H1,2024H1,2024,2024-07-05,FALLBACK(5th trading day),DEMOTION-FROM-LARGE,INE196A01026,MARICO,Marico Limited,92,119,LARGE,MID,,39.0,632.0,672.0,0.06329113924050622,0.05611781666985394,0.007173322570652285,72.32967083088,0.012522846437142299,0.04359497023271164,0.050768292803363924,-0.25129594592746785,-0.028391121146104092
2023H2->2024H1,2024H1,2024,2024-07-05,FALLBACK(5th trading day),DEMOTION-FROM-LARGE,INE018E01016,SBICARD,SBI CARDS AND PAYMENT SERVICES LIMITED,82,124,LARGE,MID,,34.0,723.25,703.35,-0.02751469063256129,-0.03423330337618502,0.006718612743623731,69.8888747654232,0.012522846437142299,-0.04675614981332732,-0.04003753706970359,-0.17023703328960793,-0.2252518976903941
2023H2->2024H1,2024H1,2024,2024-07-05,FALLBACK(5th trading day),DEMOTION-FROM-LARGE,INE463A01038,BERGEPAINT,Berger Paints India Ltd,97,128,LARGE,MID,,48.0,514.4,545.1,0.05968118195956462,0.052527124711068574,0.0071540572484960485,72.33634285073282,0.012522846437142299,0.040004278273926275,0.04715833552242232,-0.11095062179553294,-0.32922635933761357
2023H2->2024H1,2024H1,2024,2024-07-05,FALLBACK(5th trading day),PROMOTION-TO-MID,INE031A01017,HUDCO,Housing &Urban Development Corporation Ltd.,307,185,SMALL,MID,,75.0,330.05,298.6,-0.09528859263747913,-0.10166243839699896,0.006373845759519825,68.512137638655,0.012522846437142299,-0.11418528483414125,-0.10781143907462143,0.16806998226198955,0.29353907989023553
2023H2->2024H1,2024H1,2024,2024-07-05,FALLBACK(5th trading day),PROMOTION-TO-MID,INE821I01022,IRB,IRB Infrastructure Developers Limited,273,197,SMALL,MID,,734.0,33.95,31.165,-0.08203240058910177,-0.08846858007237446,0.006436179483272686,69.20541757231388,0.012522846437142299,-0.10099142650951676,-0.09455524702624407,-0.20821670632648914,-0.18578794070672555
2023H2->2024H1,2024H1,2024,2024-07-05,FALLBACK(5th trading day),PROMOTION-TO-MID,INE103A01014,MRPL,Mangalore Refinery & Petrochemicals,289,202,SMALL,MID,,114.0,218.6,210.0,-0.03934126258005488,-0.0459918986765373,0.006650636096482421,70.3079848023408,0.012522846437142299,-0.0585147451136796,-0.05186410901719718,-0.11207846109943853,-0.33745883457801995
2023H2->2024H1,2024H1,2024,2024-07-05,FALLBACK(5th trading day),PROMOTION-TO-MID,INE474Q01031,MEDANTA,Global Health Limited,259,212,SMALL,MID,,19.0,1255.0,1160.1,-0.07561752988047821,-0.08211468190386273,0.006497152023384523,67.0668391776012,0.012522846437142299,-0.09463752834100503,-0.0881403763176205,-0.07716639449730289,-0.3239087265704781
2023H2->2024H1,2024H1,2024,2024-07-05,FALLBACK(5th trading day),PROMOTION-TO-MID,INE118H01025,BSE,BSE Ltd.,268,213,SMALL,MID,,31.0,803.3333333333333,811.7833333333333,0.010518672199170132,0.0036170973341003165,0.006901574865069815,71.55483049523193,0.012522846437142299,-0.008905749103041982,-0.002004174237972167,-0.2791187340242286,-0.4000078247463338
2023H2->2024H1,2024H1,2024,2024-07-05,FALLBACK(5th trading day),PROMOTION-TO-MID,INE07Y701011,POWERINDIA,HITACHI ENERGY INDIA LIMITED,279,216,SMALL,MID,,1.0,13900.0,11589.25,-0.16624100719424462,-0.17275988185420232,0.006518874659957707,44.43658248895901,0.012522846437142299,-0.18528272829134462,-0.17876385363138692,0.11600862137041168,0.7367971266330433
2023H2->2024H1,2024H1,2024,2024-07-05,FALLBACK(5th trading day),PROMOTION-TO-MID,INE589A01014,NLCINDIA,NLC India Limited,267,221,SMALL,MID,,92.0,268.75,270.8,0.007627906976744203,0.0007362510748309958,0.006891655901913207,71.08258455915279,0.012522846437142299,-0.011786595362311303,-0.004894939460398096,0.06762180299028109,-0.11156503638290638
2023H2->2024H1,2024H1,2024,2024-07-05,FALLBACK(5th trading day),PROMOTION-TO-MID,INE672A01018,TATAINVEST,Tata Investment Corporation Ltd.,308,227,SMALL,MID,,38.0,656.095,600.0,-0.08549828911971591,-0.09191674060711252,0.006418451487396615,69.14237394626772,0.012522846437142299,-0.10443958704425482,-0.09802113555685821,-0.14745035509981652,
2023H2->2024H1,2024H1,2024,2024-07-05,FALLBACK(5th trading day),PROMOTION-TO-MID,INE139A01034,NATIONALUM,National Aluminium Co. Ltd.,290,235,SMALL,MID,,124.0,199.8,176.95,-0.11436436436436448,-0.12064181538306618,0.006277451018701696,68.0689546874968,0.012522846437142299,-0.13316466182020847,-0.12688721080150678,-0.09549929463278617,-0.14533396571443502
2023H2->2024H1,2024H1,2024,2024-07-05,FALLBACK(5th trading day),PROMOTION-TO-MID,INE531E01026,HINDCOPPER,Hindustan Copper Ltd.,312,237,SMALL,MID,,74.0,333.5,295.0,-0.11544227886056968,-0.12171681569596104,0.006274536835391364,67.838993149748,0.012522846437142299,-0.13423966213310334,-0.12796512529771198,-0.18670054133206326,-0.2148758181050785
2023H2->2024H1,2024H1,2024,2024-07-05,FALLBACK(5th trading day),PROMOTION-TO-MID,INE338I01027,MOTILALOFS,Motilal Oswal Financial Services Limited,324,240,SMALL,MID,,44.0,556.95,620.0,0.11320585330819632,0.10577801115222285,0.007427842155973474,73.26926473446159,0.012522846437142299,0.09325516471508055,0.10068300687105403,-0.19763275491373844,-0.02776801837880427
2023H2->2024H1,2024H1,2024,2024-07-05,FALLBACK(5th trading day),PROMOTION-TO-MID,INE248A01017,ITI,ITI Limited (Indian Teleph.Ind.Ltd),276,242,SMALL,MID,,80.0,311.2,286.3,-0.08001285347043696,-0.08645977645946801,0.006446922989031045,69.207599924384,0.012522846437142299,-0.0989826228966103,-0.09253569990757926,-0.07896899140184277,-0.12025793249067007
2023H2->2024H1,2024H1,2024,2024-07-05,FALLBACK(5th trading day),PROMOTION-TO-MID,INE372A01015,APARINDS,Apar Industries Ltd,280,248,SMALL,MID,,2.0,8954.0,8388.0,-0.06321197230288145,-0.06999249106208316,0.006780518759201715,54.564380999663996,0.012522846437142299,-0.08251533749922546,-0.07573481874002375,-0.06194953271032322,-0.027413173998522167
2023H2->2024H1,2024H1,2024,2024-07-05,FALLBACK(5th trading day),PROMOTION-TO-MID,INE233A01035,GODREJIND,Godrej Industries Ltd.,269,249,SMALL,MID,,27.0,902.0,876.0,-0.02882483370288247,-0.03554314244211354,0.006718308739231071,69.336926417304,0.012522846437142299,-0.04806598887925584,-0.04134768014002477,-0.08132556543077163,-0.15326315393094192
2023H2->2024H1,2024H1,2024,2024-07-05,FALLBACK(5th trading day),PROMOTION-TO-MID,INE472A01039,BLUESTARCO,Blue Star Ltd,294,250,SMALL,MID,,14.0,1710.6,1656.95,-0.031363264351689346,-0.038079875777619954,0.0067166114259306076,68.3846012668972,0.012522846437142299,-0.05060272221476225,-0.043886110788831645,-0.15801567780849002,-0.0709092280312551
2023H2->2024H1,2024H1,2024,2024-07-05,FALLBACK(5th trading day),DEMOTION-FROM-MID,INE930H01031,KPRMILL,K.P.R. Mill Ltd.,226,251,MID,SMALL,,27.0,891.5,835.7,-0.06259113853056641,-0.06914749036981716,0.00655635183925074,67.87469628058321,0.012522846437142299,-0.08167033680695945,-0.07511398496770871,-0.08017919316557176,-0.188256931072746
2023H2->2024H1,2024H1,2024,2024-07-05,FALLBACK(5th trading day),DEMOTION-FROM-MID,INE092A01019,TATACHEM,Tata Chemicals Ltd,224,252,MID,SMALL,,22.0,1101.75,1066.0,-0.03244837758112096,-0.039151591924614704,0.006703214343493746,68.992812586498,0.012522846437142299,-0.051674438361757,-0.044971224018263256,-0.13869707338303905,-0.25199257004439435
2023H2->2024H1,2024H1,2024,2024-07-05,FALLBACK(5th trading day),DEMOTION-FROM-MID,INE410P01011,NH,Narayana Hrudayalaya Limited,249,256,MID,SMALL,,19.0,1256.35,1239.15,-0.013690452501293304,-0.020498016254517526,0.006807563753224222,68.65057364931361,0.012522846437142299,-0.033020862691659825,-0.026213298938435603,-0.1969343874859094,-0.2971384476932659
2023H2->2024H1,2024H1,2024,2024-07-05,FALLBACK(5th trading day),DEMOTION-FROM-MID,INE424H01027,SUNTV,SUN TV NETWORK LIMITED,235,257,MID,SMALL,,31.0,784.75,890.2,0.13437400446001924,0.12683504975855442,0.007538954701464817,73.3840398327346,0.012522846437142299,0.11431220332141212,0.12185115802287694,-0.14873674042708585,0.0036114491102132718
2023H2->2024H1,2024H1,2024,2024-07-05,FALLBACK(5th trading day),DEMOTION-FROM-MID,INE462A01022,,Bayer CropScience Limited.,242,260,MID,SMALL,no NSE symbol in AMFI list (BSE-only),,,,,,,,,,,,
2023H2->2024H1,2024H1,2024,2024-07-05,FALLBACK(5th trading day),DEMOTION-FROM-MID,INE325A01013,TIMKEN,Timken India Ltd,236,261,MID,SMALL,,5.0,4334.95,4196.05,-0.03204189206334551,-0.038824731154441516,0.006782839091096005,63.389374272914,0.012522846437142299,-0.051347577591583815,-0.04456473850048781,-0.08397821340555311,0.22479067522413798
2023H2->2024H1,2024H1,2024,2024-07-05,FALLBACK(5th trading day),DEMOTION-FROM-MID,INE536A01023,GRINDWELL,Grindwell Norton Ltd.,234,263,MID,SMALL,,8.0,2884.65,2448.7,-0.1511275198030958,-0.1572674844502836,0.006139964647187801,63.6181785403952,0.012522846437142299,-0.1697903308874259,-0.1636503662402381,0.027979898465912312,0.18166205800792556
2023H2->2024H1,2024H1,2024,2024-07-05,FALLBACK(5th trading day),DEMOTION-FROM-MID,INE825V01034,MANYAVAR,Vedant Fashions Limited,198,265,MID,SMALL,,22.0,1094.6,1102.25,0.00698885437602792,8.321879634398677e-05,0.006905635579683933,69.6305835045284,0.012522846437142299,-0.012439627640798312,-0.005533992061114379,-0.1375376507482271,-0.0746036023347596
2023H2->2024H1,2024H1,2024,2024-07-05,FALLBACK(5th trading day),DEMOTION-FROM-MID,INE640A01023,SKFINDIA,SKF India Ltd.,229,267,MID,SMALL,,3.0,6349.0,5434.15,-0.1440935580406364,-0.15041463097974994,0.006321072939113548,55.42847122383661,0.012522846437142299,-0.16293747741689224,-0.1566164044777787,-0.13990416331468847,0.16409673779480483
2023H2->2024H1,2024H1,2024,2024-07-05,FALLBACK(5th trading day),DEMOTION-FROM-MID,INE387A01021,SUNDRMFAST,Sundram Fasteners Ltd.,218,269,MID,SMALL,,17.0,1409.35,1362.0,-0.03359704828467014,-0.04030214462636883,0.006705096341698691,68.35236213193741,0.012522846437142299,-0.05282499106351113,-0.04611989472181244,-0.039165193884864724,0.045473756751628125
2023H2->2024H1,2024H1,2024,2024-07-05,FALLBACK(5th trading day),DEMOTION-FROM-MID,INE473B01035,HATSUN,Hatsun Agro Products Ltd.,230,272,MID,SMALL,,22.0,1109.95,1184.45,0.06712014054687154,0.059921529137933804,0.007198611408937738,71.90213647797201,0.012522846437142299,0.047398682700791506,0.054597294109729244,-0.14073092949185795,-0.20909563322171354
2023H2->2024H1,2024H1,2024,2024-07-05,FALLBACK(5th trading day),DEMOTION-FROM-MID,INE531A01024,KANSAINER,Kansai Nerolac Paints,219,273,MID,SMALL,,92.0,268.6,295.0,0.09828741623231552,0.09093991832128645,0.007347497911029066,73.3686213597824,0.012522846437142299,0.07841707188414415,0.08576456979517322,-0.2077689018547707,-0.31291942877057466
2023H2->2024H1,2024H1,2024,2024-07-05,FALLBACK(5th trading day),DEMOTION-FROM-MID,INE741K01010,CREDITACC,CreditAccess Grameen Ltd.,239,274,MID,SMALL,,18.0,1329.05,1292.0,-0.027877055039313814,-0.03461188916448499,0.006734834125171174,68.4149968196388,0.012522846437142299,-0.04713473560162729,-0.04039990147645611,-0.25131963058941875,-0.36471928311632873
2023H2->2024H1,2024H1,2024,2024-07-05,FALLBACK(5th trading day),DEMOTION-FROM-MID,INE131B01039,RELAXO,Relaxo Footwears Ltd.,243,286,MID,SMALL,,29.0,843.0,812.0,-0.03677342823250296,-0.043449319061568015,0.0066758908290650565,69.339914104348,0.012522846437142299,-0.05597216549871031,-0.04929627466964526,-0.16907113383873518,-0.26872152112450143
2023H2->2024H1,2024H1,2024,2024-07-05,FALLBACK(5th trading day),DEMOTION-FROM-MID,INE331A01037,RAMCOCEM,The Ramco Cements Limited,248,294,MID,SMALL,,30.0,809.0,807.95,-0.001297898640296613,-0.008156764970398633,0.00685886633010202,69.843615203238,0.012522846437142299,-0.020679611407540932,-0.013820745077438912,-0.1319905131403598,-0.3006530158354799
2023H2->2024H1,2024H1,2024,2024-07-05,FALLBACK(5th trading day),DEMOTION-FROM-MID,INE872J01023,DEVYANI,Devyani International Limited,240,298,MID,SMALL,,150.0,165.35,183.0,0.10674327184759602,0.09935565908810018,0.007387612759495843,73.79772799833,0.012522846437142299,0.08683281265095788,0.09422042541045372,-0.16048050942958025,-0.1839381383351839
2023H2->2024H1,2024H1,2024,2024-07-05,FALLBACK(5th trading day),DEMOTION-FROM-MID,INE140A01024,PEL,Piramal Enterprises Limited,238,299,MID,SMALL,,26.0,935.2,990.05,0.0586505560307955,0.051491720045580225,0.007158835985215273,71.45146580520282,0.012522846437142299,0.038968873608437926,0.0461277095936532,-0.005251395978747464,-0.16975894354812326
2023H2->2024H1,2024H1,2024,2024-07-05,FALLBACK(5th trading day),DEMOTION-FROM-MID,INE530B01024,IIFL,IIFL FINANCE LIMITED,244,304,MID,SMALL,,47.0,523.0,430.75,-0.17638623326959846,-0.18235714956589655,0.00597091629629809,66.083635666259,0.012522846437142299,-0.19487999600303885,-0.18890907970674076,0.08504522265054293,0.20194339476586154
2023H2->2024H1,2024H1,2024,2024-07-05,FALLBACK(5th trading day),DEMOTION-FROM-MID,INE256A01028,ZEEL,Zee Entertainment Enterprises Ltd.,231,348,MID,SMALL,,165.0,151.1,136.0,-0.099933818663137,-0.1062797473429754,0.0063459286798384085,68.769947923158,0.012522846437142299,-0.1188025937801177,-0.1124566651002793,-0.18623187092961802,-0.26647408604760225
2024H1->2024H2,2024H2,2025,2025-01-07,FALLBACK(5th trading day),PROMOTION-TO-LARGE,INE067A01029,CGPOWER,CG Power and Industrial Solutions Limited,103,85,MID,LARGE,,34.0,719.7,607.2,-0.1563151313047103,-0.1623898260891231,0.006074694784412804,66.3646595685,-0.07224600847284879,-0.09014381761627432,-0.08406912283186152,-0.06293569615212169,-0.13675725576200448
2024H1->2024H2,2024H2,2025,2025-01-07,FALLBACK(5th trading day),PROMOTION-TO-LARGE,INE415G01027,RVNL,Rail Vikas Nigam Limited,137,92,MID,LARGE,,59.0,420.0,411.6,-0.019999999999999907,-0.026751423225446214,0.006751423225446307,70.49726806161121,-0.07224600847284879,0.045494585247402575,0.05224600847284888,-0.09415685055366174,-0.18049348132225418
2024H1->2024H2,2024H2,2025,2025-01-07,FALLBACK(5th trading day),PROMOTION-TO-LARGE,INE726G01019,ICICIPRULI,ICICI Prudential Life Insurance Company Limited,104,95,MID,LARGE,,37.0,661.0,609.4,-0.07806354009077154,-0.08453171914788238,0.006468179057110834,68.3174397101584,-0.07224600847284879,-0.01228571067503359,-0.005817531617922755,-3.2593163353245025e-05,-0.16098608403722903
2024H1->2024H2,2024H2,2025,2025-01-07,FALLBACK(5th trading day),PROMOTION-TO-LARGE,INE455K01017,POLYCAB,Polycab India Limited,102,97,MID,LARGE,,3.0,7150.0,6039.0,-0.15538461538461534,-0.16155545303912067,0.006170837654505323,60.161196624515995,-0.07224600847284879,-0.08930944456627188,-0.08313860691176655,-0.018794382097868212,-0.0887426311923083
2024H1->2024H2,2024H2,2025,2025-01-07,FALLBACK(5th trading day),PROMOTION-TO-LARGE,INE121J01017,INDUSTOWER,INDUS TOWERS LIMITED,111,98,MID,LARGE,,75.0,329.8,358.25,0.08626440266828372,0.07897792868465436,0.00728647398362936,73.116395853045,-0.07224600847284879,0.15122393715750315,0.1585104111411325,-0.06840590821932768,-0.15171988600998865
2024H1->2024H2,2024H2,2025,2025-01-07,FALLBACK(5th trading day),PROMOTION-TO-LARGE,INE298A01020,CUMMINSIND,Cummins India Ltd.,101,99,MID,LARGE,,7.0,3215.0,2860.0,-0.11041990668740276,-0.1167819066241308,0.0063619999367280355,63.38316219321999,-0.07224600847284879,-0.044535898151282005,-0.03817389821455397,-0.06135465832279363,-0.18922468949109972
2024H1->2024H2,2024H2,2025,2025-01-07,FALLBACK(5th trading day),PROMOTION-TO-LARGE,INE663F01024,NAUKRI,Info Edge(India) Ltd.,113,100,MID,LARGE,,14.0,1689.8000000000002,1547.0,-0.08450704225352124,-0.0909648251997619,0.006457782946240664,66.44660884123842,-0.07224600847284879,-0.018718816726913112,-0.012261033780672448,0.0581269039884833,0.008740791408551996
2024H1->2024H2,2024H2,2025,2025-01-07,FALLBACK(5th trading day),DEMOTION-FROM-LARGE,INE437A01024,APOLLOHOSP,Apollo Hospitals Enterprises Ltd.,95,102,LARGE,MID,,3.0,7448.75,6826.15,-0.08358449404262469,-0.09008633646766073,0.006501842425036042,63.668579883045595,-0.07224600847284879,-0.017840327994811944,-0.011338485569775902,0.06567273416669916,0.02546258455956618
2024H1->2024H2,2024H2,2025,2025-01-07,FALLBACK(5th trading day),DEMOTION-FROM-LARGE,INE634S01028,MANKIND,Mankind Pharma Limited,97,103,LARGE,MID,,8.0,2928.0,2556.0,-0.12704918032786883,-0.13329991749293224,0.006250737165063414,64.91810188915201,-0.07224600847284879,-0.06105390902008345,-0.05480317185502004,0.1405330859726539,0.04123716678748979
2024H1->2024H2,2024H2,2025,2025-01-07,FALLBACK(5th trading day),DEMOTION-FROM-LARGE,INE095A01012,INDUSINDBK,IndusInd Bank Ltd.,71,106,LARGE,MID,,25.0,985.9,1052.4,0.06745105994522782,0.06025682441006808,0.007194235535159743,72.43456019355001,-0.07224600847284879,0.13250283288291687,0.1396970684180766,0.0004864774786021986,-0.3142072776569548
2024H1->2024H2,2024H2,2025,2025-01-07,FALLBACK(5th trading day),DEMOTION-FROM-LARGE,INE749A01030,JINDALSTEL,Jindal Steel & Power Ltd,93,107,LARGE,MID,,26.0,937.0,810.2,-0.13532550693703305,-0.14150853070998448,0.006183023772951435,66.6712868069536,-0.07224600847284879,-0.06926252223713569,-0.06307949846418426,0.007564726275974598,-0.1058021100227795
2024H1->2024H2,2024H2,2025,2025-01-07,FALLBACK(5th trading day),DEMOTION-FROM-LARGE,INE476A01022,CANBK,Canara Bank,80,109,LARGE,MID,,254.0,97.9,93.7,-0.04290091930541373,-0.049535051565219756,0.006634132259806025,70.0990498781936,-0.07224600847284879,0.022710956907629032,0.029345089167435057,-0.08609707004899803,-0.104279068626006
2024H1->2024H2,2024H2,2025,2025-01-07,FALLBACK(5th trading day),DEMOTION-FROM-LARGE,INE257A01026,BHEL,Bharat Heavy Electricals Ltd.,96,113,LARGE,MID,,110.0,224.82,207.06,-0.07899653055777955,-0.08545284095737748,0.006456310399597931,68.8787791390272,-0.07224600847284879,-0.013206832484528697,-0.006750522084930766,-0.08700521796206506,-0.1998176837660417
2024H1->2024H2,2024H2,2025,2025-01-07,FALLBACK(5th trading day),DEMOTION-FROM-LARGE,INE692A01016,UNIONBANK,Union Bank of India,75,114,LARGE,MID,,220.0,113.0,116.55,0.03141592920353986,0.024408251532293868,0.007007677671245993,71.99528864098802,-0.07224600847284879,0.09665426000514266,0.10366193767638865,-0.08197062601841676,-0.03769380234295905
2024H1->2024H2,2024H2,2025,2025-01-07,FALLBACK(5th trading day),DEMOTION-FROM-LARGE,INE070A01015,SHREECEM,Shree Cements Ltd.,86,115,LARGE,MID,"notional Rs25,000 buys <1 share at Rs26,182.26",,,,,,,,,,,,
2024H1->2024H2,2024H2,2025,2025-01-07,FALLBACK(5th trading day),DEMOTION-FROM-LARGE,INE008A01015,IDBI,IDBI Bank Ltd,92,116,LARGE,MID,,329.0,75.7,79.67,0.052443857331571975,0.04533169633160239,0.007112160999969586,72.63904435924924,-0.07224600847284879,0.11757770480445118,0.12468986580442076,-0.10196365465963209,-0.14240628527701493
2024H1->2024H2,2024H2,2025,2025-01-07,FALLBACK(5th trading day),DEMOTION-FROM-LARGE,INE848E01016,NHPC,NHPC Limited,90,117,LARGE,MID,,314.0,79.29,78.8,-0.006179846134443334,-0.012997686741763381,0.006817840607320047,71.11087504422471,-0.07224600847284879,0.05924832173108541,0.06606616233840545,-0.06359581155415783,-0.1751387859305059
2024H1->2024H2,2024H2,2025,2025-01-07,FALLBACK(5th trading day),DEMOTION-FROM-LARGE,INE399L01023,ATGL,ADANI TOTAL GAS LIMITED,77,122,LARGE,MID,,35.0,704.95,629.0,-0.10773813745655725,-0.11405153083799391,0.0063133933814366605,68.02347711502901,-0.07224600847284879,-0.04180552236514512,-0.03549212898370846,-0.00843443526261678,-0.09646545414814933
2024H1->2024H2,2024H2,2025,2025-01-07,FALLBACK(5th trading day),PROMOTION-TO-MID,INE200A01026,GVT&D,GE Vernova T&D India Limited,259,200,SMALL,MID,,12.0,2025.0,1655.7,-0.1823703703703703,-0.18831870081798052,0.005948330447610228,65.3599187366832,-0.07224600847284879,-0.11607269234513173,-0.1101243618975215,,
2024H1->2024H2,2024H2,2025,2025-01-07,FALLBACK(5th trading day),PROMOTION-TO-MID,INE466L01038,360ONE,360 ONE WAM LIMITED,254,222,SMALL,MID,,20.0,1195.0,981.5,-0.1786610878661088,-0.18463900388136034,0.00597791601525155,64.63793715004002,-0.07224600847284879,-0.11239299540851155,-0.10641507939326,0.12161547181656274,0.14111746533698977
2024H1->2024H2,2024H2,2025,2025-01-07,FALLBACK(5th trading day),PROMOTION-TO-MID,INE918Z01012,KAYNES,KAYNES TECHNOLOGY INDIA LIMITED,310,246,SMALL,MID,,3.0,7299.05,4500.0,-0.38348141196457075,-0.38849113214745334,0.005009720182882593,55.9179914912118,-0.07224600847284879,-0.31624512367460456,-0.31123540349172196,0.17050074016998007,0.29193559952666326
2024H1->2024H2,2024H2,2025,2025-01-07,FALLBACK(5th trading day),PROMOTION-TO-MID,INE647O01011,ABFRL,Aditya Birla Fashion and Retail Limited,266,250,SMALL,MID,,92.0,269.65,283.05,0.04969404783979248,0.04259319333424294,0.0071008545055495365,72.3464915595744,-0.07224600847284879,0.11483920180709173,0.12194005631264127,-0.11365225820927438,-0.2565978402311908
2024H1->2024H2,2024H2,2025,2025-01-07,FALLBACK(5th trading day),DEMOTION-FROM-MID,INE438A01022,APOLLOTYRE,Apollo Tyres Ltd,231,251,MID,SMALL,,50.0,498.0,421.95,-0.15271084337349405,-0.15879242141955963,0.006081578046065572,67.34415593373,-0.07224600847284879,-0.08654641294671084,-0.08046483490064527,-0.044821936409945584,-0.045927458467686755
2024H1->2024H2,2024H2,2025,2025-01-07,FALLBACK(5th trading day),DEMOTION-FROM-MID,INE575P01011,STARHEALTH,Star Health and Allied Insurance Company Limited,225,253,MID,SMALL,,51.0,481.5,444.0,-0.07788161993769471,-0.08434807906746522,0.006466459129770508,68.53519082745001,-0.07224600847284879,-0.012102070594616432,-0.005635611464845924,0.017389716629588103,-0.19343235387152313
2024H1->2024H2,2024H2,2025,2025-01-07,FALLBACK(5th trading day),DEMOTION-FROM-MID,INE03JT01014,GODIGIT,Go Digit General Insurance Limited,239,254,MID,SMALL,,79.0,314.65,300.3,-0.04560622914349266,-0.052227007554908944,0.006620778411416284,70.00935625750981,-0.07224600847284879,0.020019000917939844,0.026639779329356128,-0.07308135621211631,-0.20757897336990694
2024H1->2024H2,2024H2,2025,2025-01-07,FALLBACK(5th trading day),DEMOTION-FROM-MID,INE103A01014,MRPL,Mangalore Refinery & Petrochemicals,202,255,MID,SMALL,,172.0,145.0,126.0,-0.13103448275862073,-0.13722394109476044,0.006189458336139708,67.98582108513598,-0.07224600847284879,-0.06497793262191165,-0.05878847428577194,-0.044720747112396375,-0.2238481432416406
2024H1->2024H2,2024H2,2025,2025-01-07,FALLBACK(5th trading day),DEMOTION-FROM-MID,INE545U01014,BANDHANBNK,Bandhan Bank Limited,223,261,MID,SMALL,,162.0,154.0,150.0,-0.025974025974025983,-0.03269111470008912,0.006717088726063136,70.71308539689599,-0.07224600847284879,0.03955489377275967,0.046271982498822806,-0.11539614368271112,-0.23399297665074625
2024H1->2024H2,2024H2,2025,2025-01-07,FALLBACK(5th trading day),DEMOTION-FROM-MID,INE068V01023,GLAND,Gland Pharma Limited,236,263,MID,SMALL,,13.0,1870.0,1477.95,-0.20965240641711225,-0.21546339991508479,0.005810993497972539,64.69438243958581,-0.07224600847284879,-0.143217391442236,-0.13740639794426346,0.06596777268472831,0.08153259417969116
2024H1->2024H2,2024H2,2025,2025-01-07,FALLBACK(5th trading day),DEMOTION-FROM-MID,INE474Q01031,MEDANTA,Global Health Limited,212,265,MID,SMALL,,23.0,1063.0,1065.0,0.0018814675446847673,-0.004988576355049235,0.006870043899734002,70.32163471120799,-0.07224600847284879,0.06725743211779955,0.07412747601753356,-0.06788518437747382,0.03995390649274677
2024H1->2024H2,2024H2,2025,2025-01-07,FALLBACK(5th trading day),DEMOTION-FROM-MID,INE0FS801015,MSUMI,Motherson Sumi Wiring India Limited,238,266,MID,SMALL,,647.0,38.53333333333333,38.06666666666666,-0.01211072664359869,-0.018897898872393903,0.006787172228795213,71.03333286754054,-0.07224600847284879,0.053348109600454885,0.0601352818292501,-0.05583024619221466,-0.16287436047010506
2024H1->2024H2,2024H2,2025,2025-01-07,FALLBACK(5th trading day),DEMOTION-FROM-MID,INE531E01026,HINDCOPPER,Hindustan Copper Ltd.,237,269,MID,SMALL,,104.0,237.63,241.0,0.014181711063417923,0.007256829470546622,0.0069248815928713015,71.22447614254304,-0.07224600847284879,0.07950283794339541,0.08642771953626671,-0.1572885145960511,-0.2823607168103939
2024H1->2024H2,2024H2,2025,2025-01-07,FALLBACK(5th trading day),DEMOTION-FROM-MID,INE511C01022,POONAWALLA,POONAWALLA FINCORP LIMITED,205,270,MID,SMALL,,78.0,316.0,315.0,-0.0031645569620253333,-0.010003999114690854,0.00683944215266552,70.635727319256,-0.07224600847284879,0.062242009358157935,0.06908145151082346,-0.08401979998638098,-0.23232702838282404
2024H1->2024H2,2024H2,2025,2025-01-07,FALLBACK(5th trading day),DEMOTION-FROM-MID,INE148O01028,DELHIVERY,Delhivery Limited,228,273,MID,SMALL,,73.0,338.85,328.5,-0.030544488711819473,-0.037244075237632734,0.006699586525813261,70.13074989640862,-0.07224600847284879,0.035001933235216054,0.041701519761029315,-0.011475697019516007,-0.2194397780999815
2024H1->2024H2,2024H2,2025,2025-01-07,FALLBACK(5th trading day),DEMOTION-FROM-MID,INE342J01019,ZFCVINDIA,ZF Commercial Vehicle Control Systems India Limited,241,281,MID,SMALL,,12.0,1941.4999999999993,1825.2999999999993,-0.05985063095544685,-0.06644265132661409,0.00659202037116724,66.2736523886688,-0.07224600847284879,0.0058033571462347,0.01239537751740194,-0.047489462895804246,-0.28127650076392174
2024H1->2024H2,2024H2,2025,2025-01-07,FALLBACK(5th trading day),DEMOTION-FROM-MID,INE248A01017,ITI,ITI Limited (Indian Teleph.Ind.Ltd),242,283,MID,SMALL,no open price on entry and/or exit day,,,,,,,,,,,,
2024H2->2025H1,2025H1,2025,2025-07-07,FALLBACK(5th trading day),PROMOTION-TO-LARGE,INE053A01029,INDHOTEL,Indian Hotels Co. Ltd,101,77,MID,LARGE,,33.0,737.9,749.8,0.01612684645615925,0.00918260727393494,0.00694423918222431,70.46167922469961,0.0005590271190567542,0.008623580154878185,0.015567819337102495,-0.08453397560165787,-0.3210457661533028
2024H2->2025H1,2025H1,2025,2025-07-07,FALLBACK(5th trading day),PROMOTION-TO-LARGE,INE343H01029,SOLARINDS,Solar Industries India Limited,108,79,MID,LARGE,,1.0,16710.0,14426.0,-0.13668461998803116,-0.14315965192394198,0.006475031935910813,50.710179216368,0.0005590271190567542,-0.14371867904299873,-0.13724364710708792,-0.02781730731355614,0.25104363694158116
2024H2->2025H1,2025H1,2025,2025-07-07,FALLBACK(5th trading day),PROMOTION-TO-LARGE,INE249Z01020,MAZDOCK,Mazagon Dock Shipbuilders Limited,119,81,MID,LARGE,,7.0,3264.0,2787.4,-0.14601715686274508,-0.1521897073600157,0.0061725504972706124,63.2652946291624,0.0005590271190567542,-0.15274873447907245,-0.14657618398180183,-0.07305059148041415,0.07935805235888771
2024H2->2025H1,2025H1,2025,2025-07-07,FALLBACK(5th trading day),PROMOTION-TO-LARGE,INE027H01010,MAXHEALTH,Max Healthcare Institute Limited,111,82,MID,LARGE,,19.0,1303.9,1245.6,-0.04471201779277567,-0.051339438029825324,0.006627420237049653,69.8511484380804,0.0005590271190567542,-0.05189846514888208,-0.045271044911832425,0.0638366207183656,-0.1307921980832989
2024H2->2025H1,2025H1,2025,2025-07-07,FALLBACK(5th trading day),PROMOTION-TO-LARGE,INE070A01015,SHREECEM,Shree Cements Ltd.,115,84,MID,LARGE,"notional Rs25,000 buys <1 share at Rs31,332.54",,,,,,,,,,,,
2024H2->2025H1,2025H1,2025,2025-07-07,FALLBACK(5th trading day),PROMOTION-TO-LARGE,INE634S01028,MANKIND,Mankind Pharma Limited,103,87,MID,LARGE,,10.0,2420.0,2637.0,0.08966942148760326,0.08235163096950071,0.0073177905181025515,71.96471159916,0.0005590271190567542,0.08179260385044396,0.08911039436854651,-0.011795458913117285,-0.28426598717651497
2024H2->2025H1,2025H1,2025,2025-07-07,FALLBACK(5th trading day),PROMOTION-TO-LARGE,INE437A01024,APOLLOHOSP,Apollo Hospitals Enterprises Ltd.,102,93,MID,LARGE,,3.0,7605.0,7312.0,-0.03852728468113087,-0.04524088207154864,0.006713597390417769,65.733065911308,0.0005590271190567542,-0.04579990919060539,-0.03908631180018762,0.040696105476061284,-0.17369999265183278
2024H2->2025H1,2025H1,2025,2025-07-07,FALLBACK(5th trading day),PROMOTION-TO-LARGE,INE692A01016,UNIONBANK,Union Bank of India,114,96,MID,LARGE,,164.0,151.65,128.9,-0.150016485328058,-0.15611235487432296,0.006095869546264954,67.352749003612,0.0005590271190567542,-0.1566713819933797,-0.15057551244711476,-0.052459580485051505,-0.052990798881064505
2024H2->2025H1,2025H1,2025,2025-07-07,FALLBACK(5th trading day),PROMOTION-TO-LARGE,INE326A01037,LUPIN,Lupin Ltd,110,98,MID,LARGE,,12.0,1975.0,1889.0,-0.04354430379746832,-0.05020667424385261,0.006662370446384291,67.541975938464,0.0005590271190567542,-0.050765701362909366,-0.044103330916525074,-0.055737978672107724,-0.27032375563608246
2024H2->2025H1,2025H1,2025,2025-07-07,FALLBACK(5th trading day),PROMOTION-TO-LARGE,INE749A01030,JINDALSTEL,Jindal Steel & Power Ltd,107,100,MID,LARGE,,26.0,950.55,983.0,0.03413813055599402,0.02711300611241363,0.007025124443580388,71.73627510204759,0.0005590271190567542,0.026553978993356875,0.03357910343693726,-0.055863764445762576,-0.13649575329858044
2024H2->2025H1,2025H1,2025,2025-07-07,FALLBACK(5th trading day),DEMOTION-FROM-LARGE,INE0ONG01011,NTPCGREEN,NTPC GREEN ENERGY LIMITED,82,105,LARGE,MID,,234.0,106.3,105.89,-0.003857008466603973,-0.010687106105026323,0.00683009763842235,71.11996110700488,0.0005590271190567542,-0.011246133224083077,-0.004416035585660727,-0.07331480901526743,-0.21094430443140322
2024H2->2025H1,2025H1,2025,2025-07-07,FALLBACK(5th trading day),DEMOTION-FROM-LARGE,INE121E01018,JSWENERGY,JSW Energy Limited,74,106,LARGE,MID,,48.0,510.0,539.0,0.056862745098039236,0.04971729291829674,0.007145452179742495,71.782510698816,0.0005590271190567542,0.049158265799239986,0.05630371797898248,-0.0682622026547004,-0.2751300402374013
2024H2->2025H1,2025H1,2025,2025-07-07,FALLBACK(5th trading day),DEMOTION-FROM-LARGE,INE016A01026,DABUR,Dabur India Ltd.,94,110,LARGE,MID,,48.0,512.5,529.65,0.03346341463414637,0.02643869113802033,0.00702472349612604,71.4610144007136,0.0005590271190567542,0.025879664018963577,0.03290438751508962,-0.005566269246528144,-0.19491589777743323
2024H2->2025H1,2025H1,2025,2025-07-07,FALLBACK(5th trading day),DEMOTION-FROM-LARGE,INE726G01019,ICICIPRULI,ICICI Prudential Life Insurance Company Limited,95,111,LARGE,MID,,37.0,668.0,609.05,-0.08824850299401199,-0.09465869985311726,0.006410196859105266,68.6118944207798,0.0005590271190567542,-0.09521772697217401,-0.08880753011306874,-0.017374241800908186,-0.09921154735495863
2024H2->2025H1,2025H1,2025,2025-07-07,FALLBACK(5th trading day),DEMOTION-FROM-LARGE,INE323A01026,BOSCHLTD,Bosch Ltd,96,112,LARGE,MID,"notional Rs25,000 buys <1 share at Rs36,061.98",,,,,,,,,,,,
2024H2->2025H1,2025H1,2025,2025-07-07,FALLBACK(5th trading day),DEMOTION-FROM-LARGE,INE455K01017,POLYCAB,Polycab India Limited,97,114,LARGE,MID,,3.0,6670.0,6931.5,0.03920539730134931,0.032003580995011216,0.0072018163063380936,61.218560978406,0.0005590271190567542,0.03144455387595446,0.038646370182292555,0.04471542175026877,0.04445006210452007
2024H2->2025H1,2025H1,2025,2025-07-07,FALLBACK(5th trading day),DEMOTION-FROM-LARGE,INE00H001014,SWIGGY,SWIGGY LIMITED,80,115,LARGE,MID,,65.0,378.15,397.2,0.05037683458944864,0.04326660386231018,0.007110230727138456,71.84522910281099,0.0005590271190567542,0.04270757674325343,0.049817807470391884,-0.016704423045982963,-0.12498302900170444
2024H2->2025H1,2025H1,2025,2025-07-07,FALLBACK(5th trading day),DEMOTION-FROM-LARGE,INE298A01020,CUMMINSIND,Cummins India Ltd.,99,119,LARGE,MID,,7.0,3455.0,3566.0,0.03212735166425462,0.02509825111295738,0.00702910055129724,70.490794426796,0.0005590271190567542,0.024539223993900627,0.03156832454519787,-0.05788840302095166,-0.11568554158910183
2024H2->2025H1,2025H1,2025,2025-07-07,FALLBACK(5th trading day),DEMOTION-FROM-LARGE,INE565A01014,IOB,Indian Overseas Bank,88,122,LARGE,MID,,628.0,39.72,37.04,-0.06747230614300104,-0.07398100123945406,0.006508695096453021,69.63415974089408,0.0005590271190567542,-0.07454002835851081,-0.06803133326205779,-0.04955016772683407,-0.1909929688040939
2024H2->2025H1,2025H1,2025,2025-07-07,FALLBACK(5th trading day),DEMOTION-FROM-LARGE,INE158A01026,HEROMOTOCO,Hero MotoCorp Limited,93,123,LARGE,MID,,5.0,4305.1,4536.0,0.05363406192655207,0.04641569206725249,0.007218369859299578,64.96977844716601,0.0005590271190567542,0.045856664948195736,0.053075034807495314,-0.03514666822626489,-0.09267975308140741
2024H2->2025H1,2025H1,2025,2025-07-07,FALLBACK(5th trading day),DEMOTION-FROM-LARGE,INE415G01027,RVNL,Rail Vikas Nigam Limited,92,124,LARGE,MID,,63.0,390.0,353.0,-0.09487179487179487,-0.10125253785142829,0.006380742979633425,68.132404719612,0.0005590271190567542,-0.10181156497048505,-0.09543082199085162,-0.132652019578686,-0.1672880612602201
2024H2->2025H1,2025H1,2025,2025-07-07,FALLBACK(5th trading day),PROMOTION-TO-MID,INE260B01028,GODFRYPHLP,Godfrey Phillips India Ltd.,264,226,SMALL,MID,,8.0,2853.333333333333,3150.0,0.10397196261682251,0.09654279014660871,0.007429172470213796,69.12241007392,0.0005590271190567542,0.09598376302755196,0.10341293549776576,0.016350656715454992,0.05672992580767944
2024H2->2025H1,2025H1,2025,2025-07-07,FALLBACK(5th trading day),PROMOTION-TO-MID,INE930H01031,KPRMILL,K.P.R. Mill Ltd.,257,230,SMALL,MID,,21.0,1182.0,1045.0,-0.11590524534686975,-0.12217374494369582,0.0062684995968260715,68.127890386404,0.0005590271190567542,-0.12273277206275257,-0.1164642724659265,0.0024020646514397725,-0.004974439071745662
2024H2->2025H1,2025H1,2025,2025-07-07,FALLBACK(5th trading day),PROMOTION-TO-MID,INE410P01011,NH,Narayana Hrudayalaya Limited,304,234,SMALL,MID,,12.0,1990.0,1842.9,-0.07391959798994974,-0.08042430339977802,0.006504705409828282,67.18382991707041,0.0005590271190567542,-0.08098333051883477,-0.07447862510900649,0.09569247517073243,-0.08516798297847328
2024H2->2025H1,2025H1,2025,2025-07-07,FALLBACK(5th trading day),PROMOTION-TO-MID,INE947Q01028,LAURUSLABS,Laurus Labs Limited,295,237,SMALL,MID,,32.0,775.0,861.15,0.11116129032258071,0.10375141635675722,0.007409873965823488,73.9052041011264,0.0005590271190567542,0.10319238923770047,0.11060226320352395,0.1643085279253398,0.04494258428186271
2024H2->2025H1,2025H1,2025,2025-07-07,FALLBACK(5th trading day),PROMOTION-TO-MID,INE149A01033,CHOLAHLDNG,CHOLAMANDALAM FINANCIAL HOLDINGS LIMITED,258,238,SMALL,MID,,11.0,2085.2,1835.4,-0.11979666219067708,-0.12609824123682967,0.006301579046152583,64.0720600552056,0.0005590271190567542,-0.12665726835588642,-0.12035568930973384,0.025274759565374838,0.01976343270979619
2024H2->2025H1,2025H1,2025,2025-07-07,FALLBACK(5th trading day),PROMOTION-TO-MID,INE206F01022,AIIL,Authum Investment & Infrastructure Limited,299,239,SMALL,MID,,46.0,534.34,558.0,0.04427892353183349,0.03719932645759161,0.0070795970742418834,71.68997532478127,0.0005590271190567542,0.036640299338534854,0.04371989641277674,-0.017625564552230966,0.3693130784598111
2024H2->2025H1,2025H1,2025,2025-07-07,FALLBACK(5th trading day),PROMOTION-TO-MID,INE944F01028,RADICO,Radico Khaitan Ltd.,284,242,SMALL,MID,,9.0,2622.0,2815.0,0.07360793287566736,0.06635407774125124,0.007253855134416121,70.178826408876,0.0005590271190567542,0.06579505062219448,0.0730489057566106,-0.055962211742510926,-0.1328326442240011
2024H2->2025H1,2025H1,2025,2025-07-07,FALLBACK(5th trading day),PROMOTION-TO-MID,INE474Q01031,MEDANTA,Global Health Limited,265,247,SMALL,MID,,20.0,1200.0,1321.0,0.10083333333333333,0.09345397955812706,0.0073793537752062655,71.77869958616,0.0005590271190567542,0.09289495243907031,0.10027430621427658,-0.08018541362847342,-0.33826798837552496
2024H2->2025H1,2025H1,2025,2025-07-07,FALLBACK(5th trading day),PROMOTION-TO-MID,INE745G01035,,Multi Commodity Exchange of India Ltd,280,249,SMALL,MID,no NSE symbol in AMFI list (BSE-only),,,,,,,,,,,,
2024H2->2025H1,2025H1,2025,2025-07-07,FALLBACK(5th trading day),DEMOTION-FROM-MID,INE821I01022,IRB,IRB Infrastructure Developers Limited,238,252,MID,SMALL,,1011.0,24.67,22.625,-0.0828942034860155,-0.08932548864137169,0.006431285155356181,69.23037276051774,0.0005590271190567542,-0.08988451576042844,-0.08345323060507226,-0.09426170618837248,-0.20156864197029623
2024H2->2025H1,2025H1,2025,2025-07-07,FALLBACK(5th trading day),DEMOTION-FROM-MID,INE142M01025,TATATECH,Tata Technologies Limited,219,253,MID,SMALL,,35.0,705.9,694.0,-0.016857911885536203,-0.02362702992756749,0.006769118042031286,70.415697335258,0.0005590271190567542,-0.024186057046624243,-0.017416939004592957,-0.11262596612346965,-0.16519530863696286
2024H2->2025H1,2025H1,2025,2025-07-07,FALLBACK(5th trading day),DEMOTION-FROM-MID,INE913H01037,ENDURANCE,Endurance Technologies Limited,243,254,MID,SMALL,,9.0,2662.1,2625.1,-0.013898801697907692,-0.02070286549020739,0.006804063792299697,68.84031976131601,0.0005590271190567542,-0.021261892609264144,-0.014457828816964446,0.06596151340501688,0.24353119553555636
2024H2->2025H1,2025H1,2025,2025-07-07,FALLBACK(5th trading day),DEMOTION-FROM-MID,INE372A01015,APARINDS,Apar Industries Ltd,232,257,MID,SMALL,,2.0,8596.5,8962.5,0.04257546675972779,0.03522654130271796,0.007348925457009825,54.902775533136,0.0005590271190567542,0.03466751418366121,0.04201643964067103,-0.0011314930280388324,0.39814248352243764
2024H2->2025H1,2025H1,2025,2025-07-07,FALLBACK(5th trading day),DEMOTION-FROM-MID,INE470Y01017,NIACL,The New India Assurance Company Limited,230,260,MID,SMALL,,131.0,189.25,187.58,-0.008824306472919319,-0.015631573487160155,0.0068072670142408365,70.80967012430405,0.0005590271190567542,-0.01619060060621691,-0.009383333591976073,-0.08999077829635693,-0.0917418021434564
2024H2->2025H1,2025H1,2025,2025-07-07,FALLBACK(5th trading day),DEMOTION-FROM-MID,INE398R01022,SYNGENE,Syngene International Limited,242,262,MID,SMALL,,39.0,635.25,704.75,0.10940574576938222,0.10200403849043771,0.007401707278944514,73.801198303854,0.0005590271190567542,0.10144501137138096,0.10884671865032547,-0.05421263580206037,-0.40202212490624767
2024H2->2025H1,2025H1,2025,2025-07-07,FALLBACK(5th trading day),DEMOTION-FROM-MID,INE115Q01022,IKS,INVENTURUS KNOWLEDGE SOLUTIONS LIMITED,248,264,MID,SMALL,,15.0,1560.0,1571.9,0.007628205128205279,0.0007001384748315242,0.0069280666533737545,68.126993208318,0.0005590271190567542,0.00014111135577477008,0.0070691780091485246,-0.06164088658453959,-0.156503025172396
2024H2->2025H1,2025H1,2025,2025-07-07,FALLBACK(5th trading day),DEMOTION-FROM-MID,INE288B01029,DEEPAKNTR,Deepak Nitrite Limited,226,265,MID,SMALL,,12.0,1988.0,1831.2,-0.07887323943661972,-0.08535372700257093,0.0064804875659512096,67.01010839608321,0.0005590271190567542,-0.08591275412162769,-0.07943226655567648,-0.035571638706463515,-0.24252485287288783
2024H2->2025H1,2025H1,2025,2025-07-07,FALLBACK(5th trading day),DEMOTION-FROM-MID,INE203G01027,IGL,Indraprashtha Gas Ltd.,249,267,MID,SMALL,,109.0,226.84,207.0,-0.08746252865455828,-0.09387642562819387,0.006413896973635591,68.65236884435711,0.0005590271190567542,-0.09443545274725063,-0.08802155577361503,0.032529216159421726,-0.11594364197029616
2024H2->2025H1,2025H1,2025,2025-07-07,FALLBACK(5th trading day),DEMOTION-FROM-MID,INE608A01012,PSB,PUNJAB & SIND BANK,231,275,MID,SMALL,,771.0,32.32,29.11,-0.09931930693069313,-0.1056686500251397,0.006349343094446569,68.7586977599593,0.0005590271190567542,-0.10622767714419645,-0.09987833404974988,-0.05384233640153291,-0.04441851474383296
2024H2->2025H1,2025H1,2025,2025-07-07,FALLBACK(5th trading day),DEMOTION-FROM-MID,INE0LXG01040,OLAELEC,Ola Electric Mobility Limited,211,278,MID,SMALL,,600.0,41.56,41.01,-0.013233878729547732,-0.020015281964190113,0.00678140323464238,71.01527320116001,0.0005590271190567542,-0.020574309083246867,-0.013792905848604486,-0.187617420384234,-0.5007500733540519
2024H2->2025H1,2025H1,2025,2025-07-07,FALLBACK(5th trading day),DEMOTION-FROM-MID,INE647O01011,ABFRL,Aditya Birla Fashion and Retail Limited,250,517,MID,SMALL,,318.0,78.22,75.9,-0.02965993352083862,-0.036360400712653895,0.006700467191815274,70.45568721634754,0.0005590271190567542,-0.03691942783171065,-0.030218960639895376,-0.041383234819485804,-0.9821699992235382
2025H1->2025H2,2025H2,2026,2026-01-05,verified(last-modified),PROMOTION-TO-LARGE,INE414G01012,MUTHOOTFIN,MUTHOOT FINANCE LIMITED,103,74,MID,LARGE,,6.0,3950.0,3630.5,-0.08088607594936714,-0.08736083739897771,0.0064747614496105665,66.626750048484,-0.02487612079447543,-0.06248471660450228,-0.05600995515489171,0.0018172545032950627,0.15105767002414283
2025H1->2025H2,2025H2,2026,2026-01-05,verified(last-modified),PROMOTION-TO-LARGE,INE127D01025,HDFCAMC,HDFC Asset Management Company Limited,101,80,MID,LARGE,,9.0,2673.2,2725.0,0.01937752506359436,0.012409032824600041,0.006968492238994317,69.8888682016776,-0.02487612079447543,0.03728515361907547,0.04425364585806979,-0.009242153381823215,-0.07303895029137752
2025H1->2025H2,2025H2,2026,2026-01-05,verified(last-modified),PROMOTION-TO-LARGE,INE476A01022,CANBK,Canara Bank,107,82,MID,LARGE,,161.0,154.5,148.0,-0.04207119741100329,-0.048709295230360494,0.006638097819357203,70.137602936018,-0.02487612079447543,-0.023833174435885063,-0.01719507661652786,0.014990023300525124,0.17613745572884465
2025H1->2025H2,2025H2,2026,2026-01-05,verified(last-modified),PROMOTION-TO-LARGE,INE323A01026,BOSCHLTD,Bosch Ltd,112,87,MID,LARGE,"notional Rs25,000 buys <1 share at Rs38,787.42",,,,,,,,,,,,
2025H1->2025H2,2025H2,2026,2026-01-05,verified(last-modified),PROMOTION-TO-LARGE,INE298A01020,CUMMINSIND,Cummins India Ltd.,119,90,MID,LARGE,,5.0,4309.8,4088.0,-0.05146410506288002,-0.05815364521610045,0.00668954015322043,62.681206563268006,-0.02487612079447543,-0.033277524421625015,-0.026587984268404585,-0.03145502358789809,0.10035662715585669
2025H1->2025H2,2025H2,2026,2026-01-05,verified(last-modified),PROMOTION-TO-LARGE,INE455K01017,POLYCAB,Polycab India Limited,114,94,MID,LARGE,,3.0,7752.0,7600.0,-0.019607843137254943,-0.026403279890773623,0.00679543675351868,67.15074649411198,-0.02487612079447543,-0.0015271590962981918,0.005268277657220488,0.03306924003281142,-0.002334538946559661
2025H1->2025H2,2025H2,2026,2026-01-05,verified(last-modified),PROMOTION-TO-LARGE,INE158A01026,HEROMOTOCO,Hero MotoCorp Limited,123,99,MID,LARGE,,4.0,6010.0,5880.5,-0.02154742096505824,-0.028310818734500143,0.006763397769441903,68.82926654213601,-0.02487612079447543,-0.0034346979400247113,0.003328699829417192,-0.09708595999668501,0.028030702828583776
2025H1->2025H2,2025H2,2026,2026-01-05,verified(last-modified),DEMOTION-FROM-LARGE,INE070A01015,SHREECEM,Shree Cements Ltd.,84,101,LARGE,MID,"notional Rs25,000 buys <1 share at Rs27,725.34",,,,,,,,,,,,
2025H1->2025H2,2025H2,2026,2026-01-05,verified(last-modified),DEMOTION-FROM-LARGE,INE749A01030,JINDALSTEL,JINDAL STEEL LIMITED,100,102,LARGE,MID,,23.0,1080.1,1159.1,0.07314137579853708,0.0659236094414779,0.007217766357059174,73.027329006316,-0.02487612079447543,0.09079973023595334,0.09801749659301251,0.036440009513711846,0.017325156371164496
2025H1->2025H2,2025H2,2026,2026-01-05,verified(last-modified),DEMOTION-FROM-LARGE,INE634S01028,MANKIND,Mankind Pharma Limited,87,106,LARGE,MID,,11.0,2205.0,2095.0,-0.049886621315192725,-0.056501777889980453,0.006615156574787728,68.59152396692,-0.02487612079447543,-0.03162565709550502,-0.025010500520717294,-0.042720184923562,-0.14511726103476486
2025H1->2025H2,2025H2,2026,2026-01-05,verified(last-modified),DEMOTION-FROM-LARGE,INE121J01017,INDUSTOWER,INDUS TOWERS LIMITED,95,108,LARGE,MID,,57.0,434.0,445.1,0.025576036866359564,0.018594545571085197,0.006981491295274367,71.57074792581962,-0.02487612079447543,0.04347066636556063,0.050452157660834995,0.05789347360998098,0.19311569627837422
2025H1->2025H2,2025H2,2026,2026-01-05,verified(last-modified),DEMOTION-FROM-LARGE,INE854D01024,UNITDSPR,United Spirits Limited,83,109,LARGE,MID,,18.0,1375.5,1360.0,-0.011268629589240242,-0.018064464307303907,0.006795834718063665,70.674587928108,-0.02487612079447543,0.006811656487171525,0.01360749120523519,-0.0689656465402757,-0.009428022265449032
2025H1->2025H2,2025H2,2026,2026-01-05,verified(last-modified),DEMOTION-FROM-LARGE,INE020B01018,RECLTD,REC LIMITED,76,111,LARGE,MID,,65.0,383.0,382.7,-0.0007832898172324132,-0.00762829613100835,0.0068450063137759365,71.24524504581402,-0.02487612079447543,0.017247824663467082,0.024092830977243018,0.053844291171915026,-0.0170480588574482
2025H1->2025H2,2025H2,2026,2026-01-05,verified(last-modified),DEMOTION-FROM-LARGE,INE010B01027,ZYDUSLIFE,Zydus Lifesciences Limited,99,112,LARGE,MID,,27.0,921.95,909.25,-0.013775150496230903,-0.020554944621674176,0.0067797941254432725,70.9055763211908,-0.02487612079447543,0.004321176172801255,0.011100970298244528,-0.060220071128033625,-0.10767094498595209
2025H1->2025H2,2025H2,2026,2026-01-05,verified(last-modified),DEMOTION-FROM-LARGE,INE176B01034,HAVELLS,Havells India Limited,94,117,LARGE,MID,,17.0,1458.0,1349.8,-0.07421124828532244,-0.08069015318172701,0.006478904896404569,69.1209090358088,-0.02487612079447543,-0.05581403238725158,-0.04933512749084701,-0.03167201891549265,-0.07211968057124463
2025H1->2025H2,2025H2,2026,2026-01-05,verified(last-modified),DEMOTION-FROM-LARGE,INE377Y01014,BAJAJHFL,Bajaj Housing Finance Limited,88,121,LARGE,MID,,254.0,98.0,91.84,-0.06285714285714283,-0.06939036056028125,0.006533217703138416,69.64066477665729,-0.02487612079447543,-0.04451423976580582,-0.0379810220626674,-0.029688332449425703,-0.16148399319364304
2025H1->2025H2,2025H2,2026,2026-01-05,verified(last-modified),DEMOTION-FROM-LARGE,INE326A01037,LUPIN,Lupin Ltd,98,123,LARGE,MID,,11.0,2083.6,2204.0,0.057784603570743,0.050590305292390614,0.0071942982783523846,68.2442196981712,-0.02487612079447543,0.07546642608686605,0.08266072436521843,-0.03297454351854423,0.05532584140489849
2025H1->2025H2,2025H2,2026,2026-01-05,verified(last-modified),DEMOTION-FROM-LARGE,INE663F01032,NAUKRI,Info Edge(India) Ltd.,97,128,LARGE,MID,,18.0,1347.0,1188.0,-0.1180400890868597,-0.12431307876442221,0.006272989677562513,66.863097537624,-0.02487612079447543,-0.09943695796994678,-0.09316396829238427,-0.0571479373495144,-0.04380870625989941
2025H1->2025H2,2025H2,2026,2026-01-05,verified(last-modified),PROMOTION-TO-MID,INE913H01037,ENDURANCE,Endurance Technologies Limited,254,231,SMALL,MID,,9.0,2555.0,2435.0,-0.046966731898238745,-0.053632473969571604,0.0066657420713328586,65.92529640816001,-0.02487612079447543,-0.028756353175096172,-0.022090611103763313,-0.06640812156513354,-0.16817107517870222
2025H1->2025H2,2025H2,2026,2026-01-05,verified(last-modified),PROMOTION-TO-MID,INE511C01022,POONAWALLA,POONAWALLA FINCORP LIMITED,270,241,SMALL,MID,,51.0,485.9,418.1,-0.13953488372093015,-0.14568572779820488,0.006150844077274731,67.4358988985256,-0.02487612079447543,-0.12080960700372945,-0.11465876292645472,0.005100045699194311,-0.12913724924164682
2025H1->2025H2,2025H2,2026,2026-01-05,verified(last-modified),PROMOTION-TO-MID,INE372A01015,APARINDS,Apar Industries Ltd,257,248,SMALL,MID,,3.0,8249.0,9450.0,0.14559340526124376,0.13800916778890437,0.0075842374723393835,74.66249897744402,-0.02487612079447543,0.1628852885833798,0.1704695260557192,-0.10738625636115384,-0.06469439888362394
2025H1->2025H2,2025H2,2026,2026-01-05,verified(last-modified),DEMOTION-FROM-MID,INE012A01025,ACC,ACC Ltd,223,251,MID,SMALL,,14.0,1777.0,1694.0,-0.046707934721440636,-0.05332264716620405,0.006614712444763415,70.025937833224,-0.02487612079447543,-0.02844652637172862,-0.021831813926965205,-0.07297583174400568,-0.08955879061346284
2025H1->2025H2,2025H2,2026,2026-01-05,verified(last-modified),DEMOTION-FROM-MID,INE670A01012,TATAELXSI,Tata Elxsi Ltd,218,252,MID,SMALL,,4.0,5350.0,5497.0,0.0274766355140188,0.020385351955610975,0.007091283558407824,64.10497508622402,-0.02487612079447543,0.04526147275008641,0.05235275630849423,-0.009442735436904881,-0.03787574113795533
2025H1->2025H2,2025H2,2026,2026-01-05,verified(last-modified),DEMOTION-FROM-MID,INE589A01014,NLCINDIA,NLC India Limited,240,253,MID,SMALL,,92.0,270.0,262.8,-0.026666666666666616,-0.03338304616089094,0.006716379494224323,70.4581363698048,-0.02487612079447543,-0.008506925366415508,-0.0017905458721911849,0.10994527540874666,-0.07257576701673518
2025H1->2025H2,2025H2,2026,2026-01-05,verified(last-modified),DEMOTION-FROM-MID,INE699H01024,AWL,AWL AGRI BUSINESS LIMITED,227,254,MID,SMALL,,106.0,234.0,216.81,-0.07346153846153847,-0.07994374450832442,0.006482206046785954,69.17876806204728,-0.02487612079447543,-0.05506762371384899,-0.048585417667063036,-0.09245470237219355,-0.1450694304472845
2025H1->2025H2,2025H2,2026,2026-01-05,verified(last-modified),DEMOTION-FROM-MID,INE483A01010,CENTRALBK,Central Bank of India,216,255,MID,SMALL,,645.0,38.68,37.21,-0.03800413650465351,-0.044660769362594444,0.006656632857940936,70.40401786066379,-0.02487612079447543,-0.019784648568119012,-0.013128015710178076,0.014740567648394709,-0.0022332440426331424
2025H1->2025H2,2025H2,2026,2026-01-05,verified(last-modified),DEMOTION-FROM-MID,INE04I401011,KPITTECH,KPIT Technologies Ltd,224,256,MID,SMALL,,21.0,1151.0,981.4,-0.1473501303214596,-0.15347789784360943,0.0061277675221498296,65.97289731544319,-0.02487612079447543,-0.128601777049134,-0.12247400952698417,-0.12212630541662095,-0.03603055783994713
2025H1->2025H2,2025H2,2026,2026-01-05,verified(last-modified),DEMOTION-FROM-MID,INE302A01020,EXIDEIND,Exide Industries Ltd.,241,260,MID,SMALL,,67.0,367.3,343.0,-0.06615845358017969,-0.07268242733811836,0.0065239737579386725,68.9462208517012,-0.02487612079447543,-0.04780630654364293,-0.04128233278570426,-0.06970799788850857,-0.1198779848254079
2025H1->2025H2,2025H2,2026,2026-01-05,verified(last-modified),DEMOTION-FROM-MID,INE671A01010,HONAUT,Honeywell Automation India Ltd.,235,262,MID,SMALL,"notional Rs25,000 buys <1 share at Rs34,228.32",,,,,,,,,,,,
2025H1->2025H2,2025H2,2026,2026-01-05,verified(last-modified),DEMOTION-FROM-MID,INE031B01049,AJANTPHARM,Ajanta Pharma Ltd.,233,263,MID,SMALL,,8.0,2912.1,2821.3,-0.031180247931046234,-0.037916346475703966,0.0067360985446577315,66.9617996563328,-0.02487612079447543,-0.013040225681228534,-0.006304127136570803,0.09338297327490808,0.16998352243211956
2025H1->2025H2,2025H2,2026,2026-01-05,verified(last-modified),DEMOTION-FROM-MID,INE317I01021,METROBRAND,Metro Brands Limited,246,264,MID,SMALL,,20.0,1191.0,1033.0,-0.13266162888329136,-0.13887288510419626,0.006211256220904904,65.60802742832,-0.02487612079447543,-0.11399676430972083,-0.10778550808881593,0.04457092229119297,-0.09381037840179451
2025H1->2025H2,2025H2,2026,2026-01-05,verified(last-modified),DEMOTION-FROM-MID,INE212H01026,AIAENG,AIA Engineering Ltd.,248,265,MID,SMALL,,6.0,4065.9,4120.0,0.013305787156595139,0.0063769175626595676,0.0069288695939355716,70.4906103824808,-0.02487612079447543,0.031253038357135,0.03818190795107057,0.02450021964208937,0.2485857916305887
2025H1->2025H2,2025H2,2026,2026-01-05,verified(last-modified),DEMOTION-FROM-MID,INE115A01026,LICHSGFIN,Lic Housing Finance Ltd.,243,267,MID,SMALL,,46.0,539.9,518.25,-0.040100018521948444,-0.046749025986389636,0.006649007464441192,70.10302150234679,-0.02487612079447543,-0.021872905191914205,-0.015223897727473013,-0.03523994630217353,-0.07288569008940116
2025H1->2025H2,2025H2,2026,2026-01-05,verified(last-modified),DEMOTION-FROM-MID,INE844O01030,GUJGASLTD,Gujarat Gas Limited,250,277,MID,SMALL,,56.0,441.15,415.85,-0.05735010767312698,-0.06391584335748746,0.006565735684360474,69.37656576199359,-0.02487612079447543,-0.039039722563012025,-0.03247398687865155,0.02116123657465918,-0.022842384837388874
2025H1->2025H2,2025H2,2026,2026-01-05,verified(last-modified),DEMOTION-FROM-MID,INE073K01018,SONACOMS,Sona BLW Precision Forgings Limited,245,280,MID,SMALL,,51.0,481.4,530.0,0.1009555463232239,0.09359045594641802,0.007365090376805883,73.0649264368728,-0.02487612079447543,0.11846657674089345,0.12583166711769933,-0.06220803321431456,0.13987095296163599
2025H2->2026H1,2026H1,2026,2026-07-07,verified(last-modified),PROMOTION-TO-LARGE,INE118H01025,BSE,BSE Ltd.,105,74,MID,LARGE,hold window extends past the end of the panel,,,,,,,,,,,,
2025H2->2026H1,2026H1,2026,2026-07-07,verified(last-modified),PROMOTION-TO-LARGE,INE669E01016,IDEA,VODAFONE IDEA LIMITED,116,83,MID,LARGE,hold window extends past the end of the panel,,,,,,,,,,,,
2025H2->2026H1,2026H1,2026,2026-07-07,verified(last-modified),PROMOTION-TO-LARGE,INE07Y701011,POWERINDIA,HITACHI ENERGY INDIA LIMITED,131,85,MID,LARGE,hold window extends past the end of the panel,,,,,,,,,,,,
2025H2->2026H1,2026H1,2026,2026-07-07,verified(last-modified),PROMOTION-TO-LARGE,INE749A01030,JINDALSTEL,JINDAL STEEL LIMITED,102,87,MID,LARGE,hold window extends past the end of the panel,,,,,,,,,,,,
2025H2->2026H1,2026H1,2026,2026-07-07,verified(last-modified),PROMOTION-TO-LARGE,INE562A01011,INDIANB,Indian Bank,107,89,MID,LARGE,hold window extends past the end of the panel,,,,,,,,,,,,
2025H2->2026H1,2026H1,2026,2026-07-07,verified(last-modified),PROMOTION-TO-LARGE,INE121J01017,INDUSTOWER,INDUS TOWERS LIMITED,108,92,MID,LARGE,hold window extends past the end of the panel,,,,,,,,,,,,
2025H2->2026H1,2026H1,2026,2026-07-07,verified(last-modified),PROMOTION-TO-LARGE,INE0HOQ01053,GROWW,Billionbrains Garage Ventures Limited,114,95,MID,LARGE,hold window extends past the end of the panel,,,,,,,,,,,,
2025H2->2026H1,2026H1,2026,2026-07-07,verified(last-modified),PROMOTION-TO-LARGE,INE257A01026,BHEL,Bharat Heavy Electricals Ltd.,130,98,MID,LARGE,hold window extends past the end of the panel,,,,,,,,,,,,
2025H2->2026H1,2026H1,2026,2026-07-07,verified(last-modified),DEMOTION-FROM-LARGE,INE323A01026,BOSCHLTD,Bosch Ltd,87,101,LARGE,MID,hold window extends past the end of the panel,,,,,,,,,,,,
2025H2->2026H1,2026H1,2026,2026-07-07,verified(last-modified),DEMOTION-FROM-LARGE,INE1NPP01017,ENRIN,Siemens Energy India Limited,84,102,LARGE,MID,hold window extends past the end of the panel,,,,,,,,,,,,
2025H2->2026H1,2026H1,2026,2026-07-07,verified(last-modified),DEMOTION-FROM-LARGE,INE158A01026,HEROMOTOCO,Hero MotoCorp Limited,99,103,LARGE,MID,hold window extends past the end of the panel,,,,,,,,,,,,
2025H2->2026H1,2026H1,2026,2026-07-07,verified(last-modified),DEMOTION-FROM-LARGE,INE089A01031,DRREDDY,Dr. Reddy's Laboratories Ltd.,100,104,LARGE,MID,hold window extends past the end of the panel,,,,,,,,,,,,
2025H2->2026H1,2026H1,2026,2026-07-07,verified(last-modified),DEMOTION-FROM-LARGE,INE324D01010,LGEINDIA,LG Electronics India Limited,93,108,LARGE,MID,hold window extends past the end of the panel,,,,,,,,,,,,
2025H2->2026H1,2026H1,2026,2026-07-07,verified(last-modified),DEMOTION-FROM-LARGE,INE027H01010,MAXHEALTH,Max Healthcare Institute Limited,83,111,LARGE,MID,hold window extends past the end of the panel,,,,,,,,,,,,
2025H2->2026H1,2026H1,2026,2026-07-07,verified(last-modified),DEMOTION-FROM-LARGE,INE249Z01020,MAZDOCK,Mazagon Dock Shipbuilders Limited,86,112,LARGE,MID,hold window extends past the end of the panel,,,,,,,,,,,,
2025H2->2026H1,2026H1,2026,2026-07-07,verified(last-modified),DEMOTION-FROM-LARGE,INE053A01029,INDHOTEL,Indian Hotels Co. Ltd,98,115,LARGE,MID,hold window extends past the end of the panel,,,,,,,,,,,,
2025H2->2026H1,2026H1,2026,2026-07-07,verified(last-modified),DEMOTION-FROM-LARGE,INE670K01029,LODHA,Lodha Developers Limited,79,118,LARGE,MID,hold window extends past the end of the panel,,,,,,,,,,,,
2025H2->2026H1,2026H1,2026,2026-07-07,verified(last-modified),PROMOTION-TO-MID,INE531E01026,HINDCOPPER,Hindustan Copper Ltd.,274,194,SMALL,MID,hold window extends past the end of the panel,,,,,,,,,,,,
2025H2->2026H1,2026H1,2026,2026-07-07,verified(last-modified),PROMOTION-TO-MID,INE589A01014,NLCINDIA,NLC India Limited,253,223,SMALL,MID,hold window extends past the end of the panel,,,,,,,,,,,,
2025H2->2026H1,2026H1,2026,2026-07-07,verified(last-modified),PROMOTION-TO-MID,INE212H01026,AIAENG,AIA Engineering Ltd.,265,233,SMALL,MID,hold window extends past the end of the panel,,,,,,,,,,,,
2025H2->2026H1,2026H1,2026,2026-07-07,verified(last-modified),PROMOTION-TO-MID,INE031B01049,AJANTPHARM,Ajanta Pharma Ltd.,263,236,SMALL,MID,hold window extends past the end of the panel,,,,,,,,,,,,
2025H2->2026H1,2026H1,2026,2026-07-07,verified(last-modified),PROMOTION-TO-MID,INE914M01019,ASTERDM,Aster DM Healthcare Limited,259,244,SMALL,MID,hold window extends past the end of the panel,,,,,,,,,,,,
2025H2->2026H1,2026H1,2026,2026-07-07,verified(last-modified),PROMOTION-TO-MID,INE073K01018,SONACOMS,Sona BLW Precision Forgings Limited,280,248,SMALL,MID,hold window extends past the end of the panel,,,,,,,,,,,,
2025H2->2026H1,2026H1,2026,2026-07-07,verified(last-modified),DEMOTION-FROM-MID,INE672A01026,TATAINVEST,Tata Investment Corporation Ltd.,239,252,MID,SMALL,hold window extends past the end of the panel,,,,,,,,,,,,
2025H2->2026H1,2026H1,2026,2026-07-07,verified(last-modified),DEMOTION-FROM-MID,INE093A01041,HEXT,Hexaware Technologies Limited,211,254,MID,SMALL,hold window extends past the end of the panel,,,,,,,,,,,,
2025H2->2026H1,2026H1,2026,2026-07-07,verified(last-modified),DEMOTION-FROM-MID,INE930H01031,KPRMILL,K.P.R. Mill Ltd.,243,257,MID,SMALL,hold window extends past the end of the panel,,,,,,,,,,,,
2025H2->2026H1,2026H1,2026,2026-07-07,verified(last-modified),DEMOTION-FROM-MID,INE797F01020,JUBLFOOD,Jubilant Foodworks Limited,226,258,MID,SMALL,hold window extends past the end of the panel,,,,,,,,,,,,
2025H2->2026H1,2026H1,2026,2026-07-07,verified(last-modified),DEMOTION-FROM-MID,INE007A01025,CRISIL,CRISIL Ltd.,242,259,MID,SMALL,hold window extends past the end of the panel,,,,,,,,,,,,
2025H2->2026H1,2026H1,2026,2026-07-07,verified(last-modified),DEMOTION-FROM-MID,INE474Q01031,MEDANTA,Global Health Limited,250,262,MID,SMALL,hold window extends past the end of the panel,,,,,,,,,,,,
2025H2->2026H1,2026H1,2026,2026-07-07,verified(last-modified),DEMOTION-FROM-MID,INE0LP301011,PWL,Physicswallah Limited,235,263,MID,SMALL,hold window extends past the end of the panel,,,,,,,,,,,,
2025H2->2026H1,2026H1,2026,2026-07-07,verified(last-modified),DEMOTION-FROM-MID,INE149A01033,CHOLAHLDNG,CHOLAMANDALAM FINANCIAL HOLDINGS LIMITED,244,264,MID,SMALL,hold window extends past the end of the panel,,,,,,,,,,,,
2025H2->2026H1,2026H1,2026,2026-07-07,verified(last-modified),DEMOTION-FROM-MID,INE002L01015,SJVN,SJVN LIMITED,249,272,MID,SMALL,hold window extends past the end of the panel,,,,,,,,,,,,
2025H2->2026H1,2026H1,2026,2026-07-07,verified(last-modified),DEMOTION-FROM-MID,INE918Z01012,KAYNES,KAYNES TECHNOLOGY INDIA LIMITED,227,310,MID,SMALL,hold window extends past the end of the panel,,,,,,,,,,,,
